well,nlgx,image,las,curve,mnemonic,units,family,n_pts,align_frac,las_col,log_corr,top_depth,bottom_depth,img_w,img_h,n_levels,usable
BEZLUD_051,BEZLUD_051_AKC_0000-2412_500_1998-08-05_D_1.nlgx,BEZLUD_051_AKC_0000-2412_500_1998-08-05_D_1.jpg,BEZLUD_051_AKC_0000-2412_500_1998-08-05_D_1.las,TP1,TP,,SA1,9263,0.9804,TP,0.8642,0.0,2412.0,1892,62749,3,1
BEZLUD_051,BEZLUD_051_AKC_0000-2412_500_1998-08-05_D_1.nlgx,BEZLUD_051_AKC_0000-2412_500_1998-08-05_D_1.jpg,BEZLUD_051_AKC_0000-2412_500_1998-08-05_D_1.las,AK1,AK,,SA2,5137,0.9488,AK,0.8154,0.0,2412.0,1892,62749,1,1
BEZLUD_051,BEZLUD_051_AKC_0000-2412_500_1998-08-05_D_1.nlgx,BEZLUD_051_AKC_0000-2412_500_1998-08-05_D_1.jpg,BEZLUD_051_AKC_0000-2412_500_1998-08-05_D_1.las,AP1,AP,,SA3,5618,0.9847,AP,0.8443,0.0,2412.0,1892,62749,1,1
BEZLUD_051,BEZLUD_051_AKC_0001-3565_500_1999-08-20_D_1.nlgx,BEZLUD_051_AKC_0001-3565_500_1999-08-20_D_1.tif,BEZLUD_051_AKC_0001-3565_500_1999-08-20_D_1.las,TP1,TP,,SA1,15768,0.9791,TP,0.9921,0.0,3565.0,2306,89433,3,1
BEZLUD_051,BEZLUD_051_AKC_0001-3565_500_1999-08-20_D_1.nlgx,BEZLUD_051_AKC_0001-3565_500_1999-08-20_D_1.tif,BEZLUD_051_AKC_0001-3565_500_1999-08-20_D_1.las,AK1,AK,,SA2,16305,0.9953,AK,0.8712,0.0,3565.0,2306,89433,1,1
BEZLUD_051,BEZLUD_051_AKC_0001-3565_500_1999-08-20_D_1.nlgx,BEZLUD_051_AKC_0001-3565_500_1999-08-20_D_1.tif,BEZLUD_051_AKC_0001-3565_500_1999-08-20_D_1.las,AP1,AP,,SA3,5311,0.997,AP,0.9189,0.0,3565.0,2306,89433,1,1
BEZLUD_051,"BEZLUD_051_BK, IK_2680-3404_200_1998-09-14_D_1.nlgx","BEZLUD_051_BK, IK_2680-3404_200_1998-09-14_D_1.jpg","BEZLUD_051_BK, IK_2680-3404_200_1998-09-14_D_1.las",BK1,BK,,SA1,4462,0.9966,BK,0.909,2680.0,3404.0,3161,47436,2,1
BEZLUD_051,"BEZLUD_051_BK, IK_2680-3404_200_1998-09-14_D_1.nlgx","BEZLUD_051_BK, IK_2680-3404_200_1998-09-14_D_1.jpg","BEZLUD_051_BK, IK_2680-3404_200_1998-09-14_D_1.las",IK1,IK,,SA2,5065,0.9929,IK,0.8964,2680.0,3404.0,3161,47436,1,1
BEZLUD_051,"BEZLUD_051_BK, IK_2680-3404_200_1998-09-14_D_1.nlgx","BEZLUD_051_BK, IK_2680-3404_200_1998-09-14_D_1.jpg","BEZLUD_051_BK, IK_2680-3404_200_1998-09-14_D_1.las",IKA1,IKA,,SA1,5995,0.9908,IKA,0.3396,2680.0,3404.0,3161,47436,2,1
BEZLUD_051,"BEZLUD_051_BK, IK_2680-3404_200_1998-09-14_D_1.nlgx","BEZLUD_051_BK, IK_2680-3404_200_1998-09-14_D_1.jpg","BEZLUD_051_BK, IK_2680-3404_200_1998-09-14_D_1.las",IKR1,IKR,,SA2,4971,0.999,IKR,0.4444,2680.0,3404.0,3161,47436,2,1
BEZLUD_051,"BEZLUD_051_BK, IK_3300-3584_200_1999-01-18_D_1.nlgx","BEZLUD_051_BK, IK_3300-3584_200_1999-01-18_D_1.jpg","BEZLUD_051_BK, IK_3300-3584_200_1999-01-18_D_1.las",BK1,BK,,SA1,2676,0.9716,BK,0.9154,3300.0,3584.0,2443,21027,2,1
BEZLUD_051,"BEZLUD_051_BK, IK_3300-3584_200_1999-01-18_D_1.nlgx","BEZLUD_051_BK, IK_3300-3584_200_1999-01-18_D_1.jpg","BEZLUD_051_BK, IK_3300-3584_200_1999-01-18_D_1.las",IKA1,IKA,,SA1,2587,0.9845,IKA,0.4793,3300.0,3584.0,2443,21027,2,1
BEZLUD_051,"BEZLUD_051_BK, IK_3300-3584_200_1999-01-18_D_1.nlgx","BEZLUD_051_BK, IK_3300-3584_200_1999-01-18_D_1.jpg","BEZLUD_051_BK, IK_3300-3584_200_1999-01-18_D_1.las",IKR1,IKR,,SA2,2540,0.9965,IKR,0.9971,3300.0,3584.0,2443,21027,1,1
BEZLUD_051,"BEZLUD_051_BK, MDS_3080-3400_200_1998-09-14_D_1.nlgx","BEZLUD_051_BK, MDS_3080-3400_200_1998-09-14_D_1.jpg","BEZLUD_051_BK, MDS_3080-3400_200_1998-09-14_D_1.las",BK1,BK,,SA1,3106,0.9958,BK,0.9303,3050.4,3404.0,3309,25609,1,1
BEZLUD_051,"BEZLUD_051_BK, MDS_3080-3400_200_1998-09-14_D_1.nlgx","BEZLUD_051_BK, MDS_3080-3400_200_1998-09-14_D_1.jpg","BEZLUD_051_BK, MDS_3080-3400_200_1998-09-14_D_1.las",MCALI1,MCALI,,SA1,3274,0.9942,MCALI,0.9821,3050.4,3404.0,3309,25609,1,1
BEZLUD_051,BEZLUD_051_BK_2689-3124_200_1998-08-05_D_1.nlgx,BEZLUD_051_BK_2689-3124_200_1998-08-05_D_1.jpg,BEZLUD_051_BK_2689-3124_200_1998-08-05_D_1.las,BK1,BK,,SA1,4099,0.9527,BK,0.6516,2690.0,3124.0,1968,30399,2,1
BEZLUD_051,BEZLUD_051_BKZ_2674-3128_200_1998-08-05_D_1.nlgx,BEZLUD_051_BKZ_2674-3128_200_1998-08-05_D_1.jpg,BEZLUD_051_BKZ_2674-3128_200_1998-08-05_D_1.las,GZ11,GZ,,SA1,2779,0.8197,GZ1,0.9531,2674.0,3128.0,3075,31050,2,0
BEZLUD_051,BEZLUD_051_BKZ_2674-3128_200_1998-08-05_D_1.nlgx,BEZLUD_051_BKZ_2674-3128_200_1998-08-05_D_1.jpg,BEZLUD_051_BKZ_2674-3128_200_1998-08-05_D_1.las,GZ21,GZ,,SA2,13061,0.9497,GZ2,0.9546,2674.0,3128.0,3075,31050,2,1
BEZLUD_051,BEZLUD_051_BKZ_2674-3128_200_1998-08-05_D_1.nlgx,BEZLUD_051_BKZ_2674-3128_200_1998-08-05_D_1.jpg,BEZLUD_051_BKZ_2674-3128_200_1998-08-05_D_1.las,GZ31,GZ,,SA3,2111,0.9583,GZ3,0.9479,2674.0,3128.0,3075,31050,3,1
BEZLUD_051,BEZLUD_051_BKZ_2674-3128_200_1998-08-05_D_1.nlgx,BEZLUD_051_BKZ_2674-3128_200_1998-08-05_D_1.jpg,BEZLUD_051_BKZ_2674-3128_200_1998-08-05_D_1.las,GZ41,GZ,,SA4,1732,0.9157,GZ4,0.9225,2674.0,3128.0,3075,31050,3,1
BEZLUD_051,BEZLUD_051_BKZ_2674-3128_200_1998-08-05_D_1.nlgx,BEZLUD_051_BKZ_2674-3128_200_1998-08-05_D_1.jpg,BEZLUD_051_BKZ_2674-3128_200_1998-08-05_D_1.las,GZ51,GZ,,SA5,1596,0.9662,GZ5,0.9168,2674.0,3128.0,3075,31050,2,1
BEZLUD_051,BEZLUD_051_BKZ_2674-3128_200_1998-08-05_D_1.nlgx,BEZLUD_051_BKZ_2674-3128_200_1998-08-05_D_1.jpg,BEZLUD_051_BKZ_2674-3128_200_1998-08-05_D_1.las,OGZ1,OGZ,,SA6,2420,0.9674,OGZ,0.934,2674.0,3128.0,3075,31050,3,1
BEZLUD_051,BEZLUD_051_BKZ_2674-3128_200_1998-08-05_D_1.nlgx,BEZLUD_051_BKZ_2674-3128_200_1998-08-05_D_1.jpg,BEZLUD_051_BKZ_2674-3128_200_1998-08-05_D_1.las,CALI1,CALI,,SA7,2913,0.9537,CALI,0.9531,2674.0,3128.0,3075,31050,1,1
BEZLUD_051,BEZLUD_051_BKZ_2674-3128_200_1998-08-05_D_1.nlgx,BEZLUD_051_BKZ_2674-3128_200_1998-08-05_D_1.jpg,BEZLUD_051_BKZ_2674-3128_200_1998-08-05_D_1.las,SP1,SP,,SA8,2779,0.9763,SP,0.9786,2674.0,3128.0,3075,31050,1,1
BEZLUD_051,BEZLUD_051_BKZ_3050-3404_200_1998-09-14_D_1.nlgx,BEZLUD_051_BKZ_3050-3404_200_1998-09-14_D_1.jpg,BEZLUD_051_BKZ_3050-3404_200_1998-09-14_D_1.las,GZ11,GZ,,SA1,2657,0.8641,GZ1,0.9358,3050.0,3404.0,3098,25486,1,0
BEZLUD_051,BEZLUD_051_BKZ_3050-3404_200_1998-09-14_D_1.nlgx,BEZLUD_051_BKZ_3050-3404_200_1998-09-14_D_1.jpg,BEZLUD_051_BKZ_3050-3404_200_1998-09-14_D_1.las,GZ21,GZ,,SA2,2977,0.9557,GZ2,0.9581,3050.0,3404.0,3098,25486,2,1
BEZLUD_051,BEZLUD_051_BKZ_3050-3404_200_1998-09-14_D_1.nlgx,BEZLUD_051_BKZ_3050-3404_200_1998-09-14_D_1.jpg,BEZLUD_051_BKZ_3050-3404_200_1998-09-14_D_1.las,GZ31,GZ,,SA3,2528,0.9324,GZ3,0.9654,3050.0,3404.0,3098,25486,2,1
BEZLUD_051,BEZLUD_051_BKZ_3050-3404_200_1998-09-14_D_1.nlgx,BEZLUD_051_BKZ_3050-3404_200_1998-09-14_D_1.jpg,BEZLUD_051_BKZ_3050-3404_200_1998-09-14_D_1.las,GZ41,GZ,,SA4,1280,0.868,GZ4,0.9746,3050.0,3404.0,3098,25486,3,0
BEZLUD_051,BEZLUD_051_BKZ_3050-3404_200_1998-09-14_D_1.nlgx,BEZLUD_051_BKZ_3050-3404_200_1998-09-14_D_1.jpg,BEZLUD_051_BKZ_3050-3404_200_1998-09-14_D_1.las,GZ51,GZ,,SA5,758,0.8997,GZ5,0.981,3050.0,3404.0,3098,25486,3,0
BEZLUD_051,BEZLUD_051_BKZ_3050-3404_200_1998-09-14_D_1.nlgx,BEZLUD_051_BKZ_3050-3404_200_1998-09-14_D_1.jpg,BEZLUD_051_BKZ_3050-3404_200_1998-09-14_D_1.las,OGZ1,OGZ,,SA6,1086,0.9475,OGZ,0.9706,3050.0,3404.0,3098,25486,2,1
BEZLUD_051,BEZLUD_051_BKZ_3050-3404_200_1998-09-14_D_1.nlgx,BEZLUD_051_BKZ_3050-3404_200_1998-09-14_D_1.jpg,BEZLUD_051_BKZ_3050-3404_200_1998-09-14_D_1.las,SP1,SP,,SA7,1581,0.9089,SP,0.9927,3050.0,3404.0,3098,25486,3,1
BEZLUD_051,BEZLUD_051_BKZ_3050-3404_200_1998-09-14_D_1.nlgx,BEZLUD_051_BKZ_3050-3404_200_1998-09-14_D_1.jpg,BEZLUD_051_BKZ_3050-3404_200_1998-09-14_D_1.las,CALI1,CALI,,SA8,3581,0.9157,CALI,0.9696,3050.0,3404.0,3098,25486,1,1
BEZLUD_051,BEZLUD_051_BKZ_3300-3580_200_1999-01-18_D_1.nlgx,BEZLUD_051_BKZ_3300-3580_200_1999-01-18_D_1.jpg,BEZLUD_051_BKZ_3300-3580_200_1999-01-18_D_1.las,GZ11,GZ,,SA1,1441,0.9813,GZ1,0.9936,3300.0,3580.0,2514,21077,2,1
BEZLUD_051,BEZLUD_051_BKZ_3300-3580_200_1999-01-18_D_1.nlgx,BEZLUD_051_BKZ_3300-3580_200_1999-01-18_D_1.jpg,BEZLUD_051_BKZ_3300-3580_200_1999-01-18_D_1.las,GZ21,GZ,,SA2,1859,0.9925,GZ2,0.9938,3300.0,3580.0,2514,21077,2,1
BEZLUD_051,BEZLUD_051_BKZ_3300-3580_200_1999-01-18_D_1.nlgx,BEZLUD_051_BKZ_3300-3580_200_1999-01-18_D_1.jpg,BEZLUD_051_BKZ_3300-3580_200_1999-01-18_D_1.las,GZ31,GZ,,SA4,2170,0.9926,GZ3,0.9917,3300.0,3580.0,2514,21077,3,1
BEZLUD_051,BEZLUD_051_BKZ_3300-3580_200_1999-01-18_D_1.nlgx,BEZLUD_051_BKZ_3300-3580_200_1999-01-18_D_1.jpg,BEZLUD_051_BKZ_3300-3580_200_1999-01-18_D_1.las,GZ41,GZ,,SA1,812,0.9458,GZ4,0.0971,3300.0,3580.0,2514,21077,3,1
BEZLUD_051,BEZLUD_051_BKZ_3300-3580_200_1999-01-18_D_1.nlgx,BEZLUD_051_BKZ_3300-3580_200_1999-01-18_D_1.jpg,BEZLUD_051_BKZ_3300-3580_200_1999-01-18_D_1.las,GZ51,GZ,,SA2,528,0.9451,GZ5,-0.011,3300.0,3580.0,2514,21077,3,1
BEZLUD_051,BEZLUD_051_BKZ_3300-3580_200_1999-01-18_D_1.nlgx,BEZLUD_051_BKZ_3300-3580_200_1999-01-18_D_1.jpg,BEZLUD_051_BKZ_3300-3580_200_1999-01-18_D_1.las,OGZ1,OGZ,,SA3,1464,0.9775,OGZ,0.9726,3300.0,3580.0,2514,21077,3,1
BEZLUD_051,BEZLUD_051_BKZ_3300-3580_200_1999-01-18_D_1.nlgx,BEZLUD_051_BKZ_3300-3580_200_1999-01-18_D_1.jpg,BEZLUD_051_BKZ_3300-3580_200_1999-01-18_D_1.las,SP1,SP,,SA4,927,0.9817,SP,0.8775,3300.0,3580.0,2514,21077,2,1
BEZLUD_051,BEZLUD_051_BKZ_3300-3580_200_1999-01-18_D_1.nlgx,BEZLUD_051_BKZ_3300-3580_200_1999-01-18_D_1.jpg,BEZLUD_051_BKZ_3300-3580_200_1999-01-18_D_1.las,CALI1,CALI,,SA5,1844,0.9463,CALI,0.9626,3300.0,3580.0,2514,21077,4,1
BEZLUD_051,BEZLUD_051_GK-P_2398-2594_200_1999-12-07_D_1.nlgx,BEZLUD_051_GK-P_2398-2594_200_1999-12-07_D_1.jpg,BEZLUD_051_GK-P_2398-2594_200_1999-12-07_D_1.las,GK1,GK,,SA1,1819,0.972,GK,0.9714,2384.0,2596.0,2523,15034,1,1
BEZLUD_051,BEZLUD_051_INNK_1720-1990_500_2005-02-18_D_1.nlgx,BEZLUD_051_INNK_1720-1990_500_2005-02-18_D_1.jpg,BEZLUD_051_INNK_1720-1990_500_2005-02-18_D_1.las,ZAT6001,ZAT,,SA1,1351,0.9963,ZAT600,,1720.0,1990.0,2421,9690,2,1
BEZLUD_051,BEZLUD_051_INNK_1720-1990_500_2005-02-18_D_1.nlgx,BEZLUD_051_INNK_1720-1990_500_2005-02-18_D_1.jpg,BEZLUD_051_INNK_1720-1990_500_2005-02-18_D_1.las,ZAT7501,ZAT,,SA2,2166,0.3763,ZAT750,,1720.0,1990.0,2421,9690,2,0
BEZLUD_051,BEZLUD_051_INNK_1720-1990_500_2005-02-18_D_1.nlgx,BEZLUD_051_INNK_1720-1990_500_2005-02-18_D_1.jpg,BEZLUD_051_INNK_1720-1990_500_2005-02-18_D_1.las,ZAT9001,ZAT,,SA3,1075,0.1553,ZAT900,,1720.0,1990.0,2421,9690,2,0
BEZLUD_051,BEZLUD_051_INNK_1720-1990_500_2005-02-18_D_1.nlgx,BEZLUD_051_INNK_1720-1990_500_2005-02-18_D_1.jpg,BEZLUD_051_INNK_1720-1990_500_2005-02-18_D_1.las,ZAT12001,ZAT,,SA4,763,0.8702,ZAT1200,,1720.0,1990.0,2421,9690,1,0
BEZLUD_051,BEZLUD_051_INNK_1720-1990_500_2005-02-18_D_1.nlgx,BEZLUD_051_INNK_1720-1990_500_2005-02-18_D_1.jpg,BEZLUD_051_INNK_1720-1990_500_2005-02-18_D_1.las,TAU1,TAU,,SA1,1088,1.0,TAU,,1720.0,1990.0,2421,9690,1,1
BEZLUD_051,BEZLUD_051_INNK_2230-2460_500_2005-02-18_D_1.nlgx,BEZLUD_051_INNK_2230-2460_500_2005-02-18_D_1.jpg,BEZLUD_051_INNK_2230-2460_500_2005-02-18_D_1.las,ZAT12001,ZAT,,SA1,564,0.8652,ZAT1200,,2230.0,2460.0,2422,8769,1,0
BEZLUD_051,BEZLUD_051_INNK_2230-2460_500_2005-02-18_D_1.nlgx,BEZLUD_051_INNK_2230-2460_500_2005-02-18_D_1.jpg,BEZLUD_051_INNK_2230-2460_500_2005-02-18_D_1.las,ZAT9001,ZAT,,SA2,755,0.1748,ZAT900,,2230.0,2460.0,2422,8769,2,0
BEZLUD_051,BEZLUD_051_INNK_2230-2460_500_2005-02-18_D_1.nlgx,BEZLUD_051_INNK_2230-2460_500_2005-02-18_D_1.jpg,BEZLUD_051_INNK_2230-2460_500_2005-02-18_D_1.las,ZAT7501,ZAT,,SA3,727,0.26,ZAT750,,2230.0,2460.0,2422,8769,2,0
BEZLUD_051,BEZLUD_051_INNK_2230-2460_500_2005-02-18_D_1.nlgx,BEZLUD_051_INNK_2230-2460_500_2005-02-18_D_1.jpg,BEZLUD_051_INNK_2230-2460_500_2005-02-18_D_1.las,ZAT6001,ZAT,,SA4,753,0.9602,ZAT600,,2230.0,2460.0,2422,8769,2,1
BEZLUD_051,BEZLUD_051_INNK_2230-2460_500_2005-02-18_D_1.nlgx,BEZLUD_051_INNK_2230-2460_500_2005-02-18_D_1.jpg,BEZLUD_051_INNK_2230-2460_500_2005-02-18_D_1.las,TAU1,TAU,,SA1,925,0.9968,TAU,,2230.0,2460.0,2422,8769,1,1
BEZLUD_051,BEZLUD_051_INNK_2460-2590_500_2005-02-18_D_1.nlgx,BEZLUD_051_INNK_2460-2590_500_2005-02-18_D_1.jpg,BEZLUD_051_INNK_2460-2590_500_2005-02-18_D_1.las,ZAT15001,ZAT,,SA1,332,0.9789,ZAT1500,0.9262,2460.0,2590.0,2423,6381,1,1
BEZLUD_051,BEZLUD_051_INNK_2460-2590_500_2005-02-18_D_1.nlgx,BEZLUD_051_INNK_2460-2590_500_2005-02-18_D_1.jpg,BEZLUD_051_INNK_2460-2590_500_2005-02-18_D_1.las,ZAT13501,ZAT,,SA2,501,0.493,ZAT1350,0.9546,2460.0,2590.0,2423,6381,2,0
BEZLUD_051,BEZLUD_051_INNK_2460-2590_500_2005-02-18_D_1.nlgx,BEZLUD_051_INNK_2460-2590_500_2005-02-18_D_1.jpg,BEZLUD_051_INNK_2460-2590_500_2005-02-18_D_1.las,ZAT12001,ZAT,,SA3,423,0.8983,ZAT1200,0.9848,2460.0,2590.0,2423,6381,2,0
BEZLUD_051,BEZLUD_051_INNK_2460-2590_500_2005-02-18_D_1.nlgx,BEZLUD_051_INNK_2460-2590_500_2005-02-18_D_1.jpg,BEZLUD_051_INNK_2460-2590_500_2005-02-18_D_1.las,ZAT10501,ZAT,,SA4,407,0.9681,ZAT1050,0.992,2460.0,2590.0,2423,6381,2,1
BEZLUD_051,BEZLUD_051_INNK_2460-2590_500_2005-02-18_D_1.nlgx,BEZLUD_051_INNK_2460-2590_500_2005-02-18_D_1.jpg,BEZLUD_051_INNK_2460-2590_500_2005-02-18_D_1.las,TAU1,TAU,,SA1,517,0.9923,TAU,0.9346,2460.0,2590.0,2423,6381,1,1
BEZLUD_051,BEZLUD_051_INNK_2590-2857_500_2005-02-18_D_1.nlgx,BEZLUD_051_INNK_2590-2857_500_2005-02-18_D_1.jpg,BEZLUD_051_INNK_2590-2857_500_2005-02-18_D_1.las,ZAT15001,ZAT,,SA1,1593,0.9567,ZAT1500,0.9285,2590.0,2857.0,2422,9687,2,1
BEZLUD_051,BEZLUD_051_INNK_2590-2857_500_2005-02-18_D_1.nlgx,BEZLUD_051_INNK_2590-2857_500_2005-02-18_D_1.jpg,BEZLUD_051_INNK_2590-2857_500_2005-02-18_D_1.las,ZAT13501,ZAT,,SA2,839,0.5161,ZAT1350,0.8941,2590.0,2857.0,2422,9687,2,0
BEZLUD_051,BEZLUD_051_INNK_2590-2857_500_2005-02-18_D_1.nlgx,BEZLUD_051_INNK_2590-2857_500_2005-02-18_D_1.jpg,BEZLUD_051_INNK_2590-2857_500_2005-02-18_D_1.las,ZAT12001,ZAT,,SA3,821,0.8173,ZAT1200,0.9416,2590.0,2857.0,2422,9687,2,0
BEZLUD_051,BEZLUD_051_INNK_2590-2857_500_2005-02-18_D_1.nlgx,BEZLUD_051_INNK_2590-2857_500_2005-02-18_D_1.jpg,BEZLUD_051_INNK_2590-2857_500_2005-02-18_D_1.las,ZAT10501,ZAT,,SA4,790,0.9709,ZAT1050,0.9699,2590.0,2857.0,2422,9687,2,1
BEZLUD_051,BEZLUD_051_INNK_2590-2857_500_2005-02-18_D_1.nlgx,BEZLUD_051_INNK_2590-2857_500_2005-02-18_D_1.jpg,BEZLUD_051_INNK_2590-2857_500_2005-02-18_D_1.las,TAU1,TAU,,SA1,718,0.9861,TAU,0.7883,2590.0,2857.0,2422,9687,3,1
BEZLUD_051,BEZLUD_051_INNK_2700-2850_200_2012-10-09_D_1.nlgx,BEZLUD_051_INNK_2700-2850_200_2012-10-09_D_1.jpg,BEZLUD_051_INNK_2700-2850_200_2012-10-09_D_1.las,ZAT8001,ZAT,,SA1,709,0.8491,ZAT800,,2700.0,2850.0,2069,12220,1,0
BEZLUD_051,BEZLUD_051_INNK_2700-2850_200_2012-10-09_D_1.nlgx,BEZLUD_051_INNK_2700-2850_200_2012-10-09_D_1.jpg,BEZLUD_051_INNK_2700-2850_200_2012-10-09_D_1.las,ZAT7001,ZAT,,SA2,803,0.9875,ZAT700,,2700.0,2850.0,2069,12220,1,1
BEZLUD_051,BEZLUD_051_INNK_2700-2850_200_2012-10-09_D_1.nlgx,BEZLUD_051_INNK_2700-2850_200_2012-10-09_D_1.jpg,BEZLUD_051_INNK_2700-2850_200_2012-10-09_D_1.las,ZAT6001,ZAT,,SA3,1009,0.995,ZAT600,,2700.0,2850.0,2069,12220,1,1
BEZLUD_051,BEZLUD_051_INNK_2700-2850_200_2012-10-09_D_1.nlgx,BEZLUD_051_INNK_2700-2850_200_2012-10-09_D_1.jpg,BEZLUD_051_INNK_2700-2850_200_2012-10-09_D_1.las,NGK1,NGK,,SA4,4857,0.9992,NGK,,2700.0,2850.0,2069,12220,1,1
BEZLUD_051,BEZLUD_051_INNK_2700-2850_200_2012-10-09_D_1.nlgx,BEZLUD_051_INNK_2700-2850_200_2012-10-09_D_1.jpg,BEZLUD_051_INNK_2700-2850_200_2012-10-09_D_1.las,ZAT5001,ZAT,,SA5,1176,0.9966,ZAT500,,2700.0,2850.0,2069,12220,1,1
BEZLUD_051,BEZLUD_051_INNK_2700-2850_200_2012-10-09_D_1.nlgx,BEZLUD_051_INNK_2700-2850_200_2012-10-09_D_1.jpg,BEZLUD_051_INNK_2700-2850_200_2012-10-09_D_1.las,GK1,GK,,SA1,817,0.0832,GK,,2700.0,2850.0,2069,12220,1,0
BEZLUD_051,BEZLUD_051_INNK_2700-2850_200_2012-10-09_D_1.nlgx,BEZLUD_051_INNK_2700-2850_200_2012-10-09_D_1.jpg,BEZLUD_051_INNK_2700-2850_200_2012-10-09_D_1.las,ZAT9001,ZAT,,SA2,656,0.9924,ZAT900,,2700.0,2850.0,2069,12220,1,1
BEZLUD_051,BEZLUD_051_INNK_2700-2850_200_2012-10-09_D_1.nlgx,BEZLUD_051_INNK_2700-2850_200_2012-10-09_D_1.jpg,BEZLUD_051_INNK_2700-2850_200_2012-10-09_D_1.las,ZAT10001,ZAT,,SA3,465,0.9032,ZAT1000,,2700.0,2850.0,2069,12220,1,1
BEZLUD_051,BEZLUD_051_INNK_2700-2850_200_2012-10-09_D_1.nlgx,BEZLUD_051_INNK_2700-2850_200_2012-10-09_D_1.jpg,BEZLUD_051_INNK_2700-2850_200_2012-10-09_D_1.las,ZAT11001,ZAT,,SA4,422,0.9976,ZAT1100,,2700.0,2850.0,2069,12220,1,1
BEZLUD_051,BEZLUD_051_INNK_2700-2850_200_2012-10-09_D_1.nlgx,BEZLUD_051_INNK_2700-2850_200_2012-10-09_D_1.jpg,BEZLUD_051_INNK_2700-2850_200_2012-10-09_D_1.las,ZAT12001,ZAT,,SA5,582,0.9261,ZAT1200,,2700.0,2850.0,2069,12220,1,1
BEZLUD_051,BEZLUD_051_INNK_2700-2850_200_2012-10-09_D_1.nlgx,BEZLUD_051_INNK_2700-2850_200_2012-10-09_D_1.jpg,BEZLUD_051_INNK_2700-2850_200_2012-10-09_D_1.las,TAU1,TAU,,SA1,614,0.9984,TAU,,2700.0,2850.0,2069,12220,1,1
BEZLUD_051,"BEZLUD_051_MBK, MK_2706-3130_200_1998-08-05_D_1.nlgx","BEZLUD_051_MBK, MK_2706-3130_200_1998-08-05_D_1.jpg","BEZLUD_051_MBK, MK_2706-3130_200_1998-08-05_D_1.las",MBK1,MBK,,SA1,4645,0.9795,MBK,0.7086,2706.0,3130.0,3127,29459,2,1
BEZLUD_051,"BEZLUD_051_MBK, MK_2706-3130_200_1998-08-05_D_1.nlgx","BEZLUD_051_MBK, MK_2706-3130_200_1998-08-05_D_1.jpg","BEZLUD_051_MBK, MK_2706-3130_200_1998-08-05_D_1.las",MCALI1,MCALI,,SA1,1513,0.9914,MCALI,0.9806,2706.0,3130.0,3127,29459,1,1
BEZLUD_051,"BEZLUD_051_MBK, MK_2706-3130_200_1998-08-05_D_1.nlgx","BEZLUD_051_MBK, MK_2706-3130_200_1998-08-05_D_1.jpg","BEZLUD_051_MBK, MK_2706-3130_200_1998-08-05_D_1.las",MGZ1,MGZ,,SA2,2664,0.9805,MGZ,0.8599,2706.0,3130.0,3127,29459,2,1
BEZLUD_051,"BEZLUD_051_MBK, MK_2706-3130_200_1998-08-05_D_1.nlgx","BEZLUD_051_MBK, MK_2706-3130_200_1998-08-05_D_1.jpg","BEZLUD_051_MBK, MK_2706-3130_200_1998-08-05_D_1.las",MPZ1,MPZ,,SA3,1986,0.994,MPZ,0.8612,2706.0,3130.0,3127,29459,1,1
BEZLUD_051,"BEZLUD_051_MBK, MK_3350-3586_200_1999-01-18_D_1.nlgx","BEZLUD_051_MBK, MK_3350-3586_200_1999-01-18_D_1.jpg","BEZLUD_051_MBK, MK_3350-3586_200_1999-01-18_D_1.las",MBK1,MBK,,SA1,2049,0.898,MBK,,3350.0,3586.0,2492,18532,2,0
BEZLUD_051,"BEZLUD_051_MBK, MK_3350-3586_200_1999-01-18_D_1.nlgx","BEZLUD_051_MBK, MK_3350-3586_200_1999-01-18_D_1.jpg","BEZLUD_051_MBK, MK_3350-3586_200_1999-01-18_D_1.las",MCALI1,MCALI,,SA1,1309,0.9778,MCALI,,3350.0,3586.0,2492,18532,1,1
BEZLUD_051,"BEZLUD_051_MBK, MK_3350-3586_200_1999-01-18_D_1.nlgx","BEZLUD_051_MBK, MK_3350-3586_200_1999-01-18_D_1.jpg","BEZLUD_051_MBK, MK_3350-3586_200_1999-01-18_D_1.las",MPZ1,MPZ,,SA2,3708,0.9773,MPZ,,3350.0,3586.0,2492,18532,1,1
BEZLUD_051,"BEZLUD_051_MBK, MK_3350-3586_200_1999-01-18_D_1.nlgx","BEZLUD_051_MBK, MK_3350-3586_200_1999-01-18_D_1.jpg","BEZLUD_051_MBK, MK_3350-3586_200_1999-01-18_D_1.las",MGZ1,MGZ,,SA3,1221,0.8894,MGZ,,3350.0,3586.0,2492,18532,2,0
BEZLUD_051,"BEZLUD_051_RK, AK, DS_2688-3142_500_1998-08-05_D_1.nlgx","BEZLUD_051_RK, AK, DS_2688-3142_500_1998-08-05_D_1.jpg","BEZLUD_051_RK, AK, DS_2688-3142_500_1998-08-05_D_1.las",GK1,GK,,SA1,2791,0.9097,GK,0.8996,2688.0,3142.0,3366,31536,2,1
BEZLUD_051,"BEZLUD_051_RK, AK, DS_2688-3142_500_1998-08-05_D_1.nlgx","BEZLUD_051_RK, AK, DS_2688-3142_500_1998-08-05_D_1.jpg","BEZLUD_051_RK, AK, DS_2688-3142_500_1998-08-05_D_1.las",NNKM1,NNKM,,SA2,2622,0.6819,NNKM,0.9862,2688.0,3142.0,3366,31536,2,0
BEZLUD_051,"BEZLUD_051_RK, AK, DS_2688-3142_500_1998-08-05_D_1.nlgx","BEZLUD_051_RK, AK, DS_2688-3142_500_1998-08-05_D_1.jpg","BEZLUD_051_RK, AK, DS_2688-3142_500_1998-08-05_D_1.las",NNKB1,NNKB,,SA3,2715,0.8718,NNKB,0.9892,2688.0,3142.0,3366,31536,3,0
BEZLUD_051,"BEZLUD_051_RK, AK, DS_2688-3142_500_1998-08-05_D_1.nlgx","BEZLUD_051_RK, AK, DS_2688-3142_500_1998-08-05_D_1.jpg","BEZLUD_051_RK, AK, DS_2688-3142_500_1998-08-05_D_1.las",AK1,AK,,SA4,2368,0.9502,AK,0.9504,2688.0,3142.0,3366,31536,2,1
BEZLUD_051,"BEZLUD_051_RK, AK, DS_2688-3142_500_1998-08-05_D_1.nlgx","BEZLUD_051_RK, AK, DS_2688-3142_500_1998-08-05_D_1.jpg","BEZLUD_051_RK, AK, DS_2688-3142_500_1998-08-05_D_1.las",T11,T,,SA5,2181,0.9156,T1,0.9412,2688.0,3142.0,3366,31536,1,1
BEZLUD_051,"BEZLUD_051_RK, AK, DS_2688-3142_500_1998-08-05_D_1.nlgx","BEZLUD_051_RK, AK, DS_2688-3142_500_1998-08-05_D_1.jpg","BEZLUD_051_RK, AK, DS_2688-3142_500_1998-08-05_D_1.las",T21,T,,SA6,1471,0.9164,T2,0.9597,2688.0,3142.0,3366,31536,1,1
BEZLUD_051,"BEZLUD_051_RK, AK, DS_2688-3142_500_1998-08-05_D_1.nlgx","BEZLUD_051_RK, AK, DS_2688-3142_500_1998-08-05_D_1.jpg","BEZLUD_051_RK, AK, DS_2688-3142_500_1998-08-05_D_1.las",PS1,PS,,SA7,2091,0.9158,PS,0.9993,2688.0,3142.0,3366,31536,1,1
BEZLUD_051,"BEZLUD_051_RK, AK, DS_2688-3142_500_1998-08-05_D_1.nlgx","BEZLUD_051_RK, AK, DS_2688-3142_500_1998-08-05_D_1.jpg","BEZLUD_051_RK, AK, DS_2688-3142_500_1998-08-05_D_1.las",CALI1,CALI,,SA8,2509,0.8916,CALI,0.9982,2688.0,3142.0,3366,31536,1,0
BEZLUD_051,BEZLUD_051_RK_2700-2850_200_2012-10-09_D_1.nlgx,BEZLUD_051_RK_2700-2850_200_2012-10-09_D_1.jpg,BEZLUD_051_RK_2700-2850_200_2012-10-09_D_1.las,NGK1,NGK,,SA1,8546,1.0,NGK,0.991,2700.0,2850.0,2107,12217,1,1
BEZLUD_051,BEZLUD_051_RK_2700-2850_200_2012-10-09_D_1.nlgx,BEZLUD_051_RK_2700-2850_200_2012-10-09_D_1.jpg,BEZLUD_051_RK_2700-2850_200_2012-10-09_D_1.las,GK1,GK,,SA2,1207,0.0447,GK,0.9969,2700.0,2850.0,2107,12217,4,0
BEZLUD_051,BEZLUD_051_RM_3002-3550_200_1999-10-02_D_1.nlgx,BEZLUD_051_RM_3002-3550_200_1999-10-02_D_1.jpg,BEZLUD_051_RM_3002-3550_200_1999-10-02_D_1.las,REZSS1,REZSS,,SA1,3421,0.9921,REZSS,0.975,3002.0,3550.0,2632,34127,1,1
BOGAT_002,BOGAT_002_ZSK_0010-4826_500_1978-06-08_D_1.nlgx,BOGAT_002_ZSK_0010-4826_500_1978-06-08_D_1.tif,BOGAT_002_ZSK_0010-4826_500_1978-06-08_D_1.las,GZ1,GZ,,SA1,14236,0.8479,GZ,,10.0,4830.0,1772,117370,3,0
BOGAT_002,BOGAT_002_ZSK_0010-4826_500_1978-06-08_D_1.nlgx,BOGAT_002_ZSK_0010-4826_500_1978-06-08_D_1.tif,BOGAT_002_ZSK_0010-4826_500_1978-06-08_D_1.las,SP1,SP,,SA2,10156,0.9984,SP,,10.0,4830.0,1772,117370,1,1
BOGAT_002,BOGAT_002_ZSK_0010-4826_500_1978-06-08_D_1.nlgx,BOGAT_002_ZSK_0010-4826_500_1978-06-08_D_1.tif,BOGAT_002_ZSK_0010-4826_500_1978-06-08_D_1.las,PZ1,PZ,,SA3,6356,0.786,PZ,,10.0,4830.0,1772,117370,3,0
BOGAT_003,"BOGAT_003_ZSK, ZDs_0010-4780_500_1979-10-19_D_1.nlgx","BOGAT_003_ZSK, ZDs_0010-4780_500_1979-10-19_D_1.tif","BOGAT_003_ZSK, ZDs_0010-4780_500_1979-10-19_D_1.las",SP1,SP,,SA1,9336,0.9338,SP,0.9072,10.0,4750.0,2510,121431,5,1
BOGAT_003,"BOGAT_003_ZSK, ZDs_0010-4780_500_1979-10-19_D_1.nlgx","BOGAT_003_ZSK, ZDs_0010-4780_500_1979-10-19_D_1.tif","BOGAT_003_ZSK, ZDs_0010-4780_500_1979-10-19_D_1.las",PZ1,PZ,,SA2,13239,0.9228,PZ,0.9753,10.0,4750.0,2510,121431,3,1
BOGAT_003,"BOGAT_003_ZSK, ZDs_0010-4780_500_1979-10-19_D_1.nlgx","BOGAT_003_ZSK, ZDs_0010-4780_500_1979-10-19_D_1.tif","BOGAT_003_ZSK, ZDs_0010-4780_500_1979-10-19_D_1.las",GZ1,GZ,,SA3,12040,0.5889,GZ,0.9787,10.0,4750.0,2510,121431,4,0
BOGAT_003,"BOGAT_003_ZSK, ZDs_0010-4780_500_1979-10-19_D_1.nlgx","BOGAT_003_ZSK, ZDs_0010-4780_500_1979-10-19_D_1.tif","BOGAT_003_ZSK, ZDs_0010-4780_500_1979-10-19_D_1.las",CALI1,CALI,,SA4,15159,0.8829,CALI,0.9444,10.0,4750.0,2510,121431,2,0
BOGAT_011,BOGAT_011_AK_2400-3360_200_1985-03-14_D_11_B_1.nlgx,BOGAT_011_AK_2400-3360_200_1985-03-14_D_11_B_1.TIF,BOGAT_011_AK_2400-3360_200_1985-03-14_D_11_B_1.las,T11,T,,SA1,3910,0.9775,T1,0.9345,2400.0,3360.0,2059,61491,1,1
BOGAT_011,BOGAT_011_AK_2400-3360_200_1985-03-14_D_11_B_1.nlgx,BOGAT_011_AK_2400-3360_200_1985-03-14_D_11_B_1.TIF,BOGAT_011_AK_2400-3360_200_1985-03-14_D_11_B_1.las,T21,T,,SA2,4137,0.9911,T2,0.9287,2400.0,3360.0,2059,61491,1,1
BOGAT_011,BOGAT_011_AK_2400-3360_200_1985-03-14_D_11_B_1.nlgx,BOGAT_011_AK_2400-3360_200_1985-03-14_D_11_B_1.TIF,BOGAT_011_AK_2400-3360_200_1985-03-14_D_11_B_1.las,A11,A,,SA3,5943,0.9926,A1,0.9396,2400.0,3360.0,2059,61491,1,1
BOGAT_011,BOGAT_011_AK_2400-3360_200_1985-03-14_D_1_B_1.nlgx,BOGAT_011_AK_2400-3360_200_1985-03-14_D_1_B_1.TIF,BOGAT_011_AK_2400-3360_200_1985-03-14_D_1_B_1.las,DTP1,DTP,,SA1,5569,0.9732,DTP,,2390.0,3360.0,2108,62509,1,1
BOGAT_011,BOGAT_011_AK_2400-3360_200_1985-03-14_D_1_B_1.nlgx,BOGAT_011_AK_2400-3360_200_1985-03-14_D_1_B_1.TIF,BOGAT_011_AK_2400-3360_200_1985-03-14_D_1_B_1.las,A21,A,,SA2,5273,0.9771,A2,,2390.0,3360.0,2108,62509,1,1
BOGAT_011,BOGAT_011_AK_2400-3360_200_1985-03-14_D_1_B_1.nlgx,BOGAT_011_AK_2400-3360_200_1985-03-14_D_1_B_1.TIF,BOGAT_011_AK_2400-3360_200_1985-03-14_D_1_B_1.las,AL1,AL,,SA3,3851,0.9665,AL,,2390.0,3360.0,2108,62509,1,1
BOGAT_011,BOGAT_011_AK_3300-4204_200_1984-05-09_D_1_B_1.nlgx,BOGAT_011_AK_3300-4204_200_1984-05-09_D_1_B_1.TIF,BOGAT_011_AK_3300-4204_200_1984-05-09_D_1_B_1.las,DTP1,DTP,,SA1,3207,0.3081,DTP,,3300.0,4210.0,2076,58479,1,0
BOGAT_011,BOGAT_011_AK_3300-4204_200_1984-05-09_D_1_B_1.nlgx,BOGAT_011_AK_3300-4204_200_1984-05-09_D_1_B_1.TIF,BOGAT_011_AK_3300-4204_200_1984-05-09_D_1_B_1.las,T11,T,,SA2,2337,0.9598,T1,,3300.0,4210.0,2076,58479,1,1
BOGAT_011,BOGAT_011_AK_3300-4204_200_1984-05-09_D_1_B_1.nlgx,BOGAT_011_AK_3300-4204_200_1984-05-09_D_1_B_1.TIF,BOGAT_011_AK_3300-4204_200_1984-05-09_D_1_B_1.las,T21,T,,SA3,2403,0.9717,T2,,3300.0,4210.0,2076,58479,1,1
BOGAT_011,BOGAT_011_AK_4137-4898_200_1984-09-28_D_1_B_1.nlgx,BOGAT_011_AK_4137-4898_200_1984-09-28_D_1_B_1.jpg,BOGAT_011_AK_4137-4898_200_1984-09-28_D_1_B_1.las,T11,T,,SA1,2613,0.9881,T1,0.8793,4130.0,4900.0,2120,49959,1,1
BOGAT_011,BOGAT_011_AK_4137-4898_200_1984-09-28_D_1_B_1.nlgx,BOGAT_011_AK_4137-4898_200_1984-09-28_D_1_B_1.jpg,BOGAT_011_AK_4137-4898_200_1984-09-28_D_1_B_1.las,T21,T,,SA2,3901,0.9926,T2,0.913,4130.0,4900.0,2120,49959,1,1
BOGAT_011,BOGAT_011_AK_4137-4898_200_1984-09-28_D_1_B_1.nlgx,BOGAT_011_AK_4137-4898_200_1984-09-28_D_1_B_1.jpg,BOGAT_011_AK_4137-4898_200_1984-09-28_D_1_B_1.las,A11,A,,SA3,3100,0.9981,A1,0.9319,4130.0,4900.0,2120,49959,1,1
BOGAT_011,BOGAT_011_AKC_0000-1200_500_1984-09-28_D_1_B_1.nlgx,BOGAT_011_AKC_0000-1200_500_1984-09-28_D_1_B_1.jpg,BOGAT_011_AKC_0000-1200_500_1984-09-28_D_1_B_1.las,AP1,AP,,SA1,4849,1.0,AP,0.9482,0.0,1300.0,2066,35251,1,1
BOGAT_011,BOGAT_011_AKC_0000-1200_500_1984-09-28_D_1_B_1.nlgx,BOGAT_011_AKC_0000-1200_500_1984-09-28_D_1_B_1.jpg,BOGAT_011_AKC_0000-1200_500_1984-09-28_D_1_B_1.las,AK1,AK,,SA2,3334,0.9991,AK,0.9145,0.0,1300.0,2066,35251,1,1
BOGAT_011,BOGAT_011_AKC_0000-1200_500_1984-09-28_D_1_B_1.nlgx,BOGAT_011_AKC_0000-1200_500_1984-09-28_D_1_B_1.jpg,BOGAT_011_AKC_0000-1200_500_1984-09-28_D_1_B_1.las,TP1,TP,,SA3,3557,0.9786,TP,0.9082,0.0,1300.0,2066,35251,1,1
BOGAT_011,BOGAT_011_AKC_0000-1300_500_1984-05-03_D_1_B_1.nlgx,BOGAT_011_AKC_0000-1300_500_1984-05-03_D_1_B_1.jpg,BOGAT_011_AKC_0000-1300_500_1984-05-03_D_1_B_1.las,AP1,AP,,SA1,2048,0.999,AP,0.8245,0.0,1310.0,2133,36498,1,1
BOGAT_011,BOGAT_011_AKC_0000-1300_500_1984-05-03_D_1_B_1.nlgx,BOGAT_011_AKC_0000-1300_500_1984-05-03_D_1_B_1.jpg,BOGAT_011_AKC_0000-1300_500_1984-05-03_D_1_B_1.las,AK1,AK,,SA2,1373,0.9913,AK,0.8887,0.0,1310.0,2133,36498,1,1
BOGAT_011,BOGAT_011_AKC_0000-1300_500_1984-05-03_D_1_B_1.nlgx,BOGAT_011_AKC_0000-1300_500_1984-05-03_D_1_B_1.jpg,BOGAT_011_AKC_0000-1300_500_1984-05-03_D_1_B_1.las,TP1,TP,,SA3,1194,0.8953,TP,0.8514,0.0,1310.0,2133,36498,1,0
BOGAT_011,BOGAT_011_AKC_0000-4173_500_1984-08-17_D_1_B_1.nlgx,BOGAT_011_AKC_0000-4173_500_1984-08-17_D_1_B_1.TIF,BOGAT_011_AKC_0000-4173_500_1984-08-17_D_1_B_1.las,AP1,AP,,SA1,5727,0.9977,AP,0.9466,30.0,4180.0,2029,104142,1,1
BOGAT_011,BOGAT_011_AKC_0000-4173_500_1984-08-17_D_1_B_1.nlgx,BOGAT_011_AKC_0000-4173_500_1984-08-17_D_1_B_1.TIF,BOGAT_011_AKC_0000-4173_500_1984-08-17_D_1_B_1.las,AK1,AK,,SA2,5170,0.9644,AK,0.935,30.0,4180.0,2029,104142,1,1
BOGAT_011,BOGAT_011_AKC_0000-4173_500_1984-08-17_D_1_B_1.nlgx,BOGAT_011_AKC_0000-4173_500_1984-08-17_D_1_B_1.TIF,BOGAT_011_AKC_0000-4173_500_1984-08-17_D_1_B_1.las,TP1,TP,,SA3,3081,0.8965,TP,0.9747,30.0,4180.0,2029,104142,1,0
BOGAT_011,BOGAT_011_BK_2360-2634_200_1984-01-24_D_1_B_1.nlgx,BOGAT_011_BK_2360-2634_200_1984-01-24_D_1_B_1.jpg,BOGAT_011_BK_2360-2634_200_1984-01-24_D_1_B_1.las,BK1,BK,,SA1,1332,1.0,BK,0.8887,2360.0,2636.0,1560,20578,3,1
BOGAT_011,BOGAT_011_BK_2570-2868_200_1984-02-06_D_1_B_1.nlgx,BOGAT_011_BK_2570-2868_200_1984-02-06_D_1_B_1.jpg,BOGAT_011_BK_2570-2868_200_1984-02-06_D_1_B_1.las,BK1,BK,,SA1,1517,0.996,BK,0.9253,2570.0,2870.0,1725,21593,1,1
BOGAT_011,BOGAT_011_BK_2800-3192_200_1984-03-02_D_1_B_1.nlgx,BOGAT_011_BK_2800-3192_200_1984-03-02_D_1_B_1.jpg,BOGAT_011_BK_2800-3192_200_1984-03-02_D_1_B_1.las,BK1,BK,,SA1,1403,0.9879,BK,0.8977,2800.0,3196.0,1632,27774,2,1
BOGAT_011,BOGAT_011_BK_3150-3498_200_1984-03-23_D_1_B_1.nlgx,BOGAT_011_BK_3150-3498_200_1984-03-23_D_1_B_1.jpg,BOGAT_011_BK_3150-3498_200_1984-03-23_D_1_B_1.las,BK1,BK,,SA1,2968,0.9919,BK,0.9357,3150.0,3498.0,1640,25344,2,1
BOGAT_011,BOGAT_011_BK_3450-3686_200_1984-04-05_D_1_B_1.nlgx,BOGAT_011_BK_3450-3686_200_1984-04-05_D_1_B_1.jpg,BOGAT_011_BK_3450-3686_200_1984-04-05_D_1_B_1.las,BK1,BK,,SA1,1120,0.9929,BK,0.8701,3450.0,3686.0,1564,18196,2,1
BOGAT_011,BOGAT_011_BK_3630-4205_200_1984-05-10_D_1_B_1.nlgx,BOGAT_011_BK_3630-4205_200_1984-05-10_D_1_B_1.jpg,BOGAT_011_BK_3630-4205_200_1984-05-10_D_1_B_1.las,BK1,BK,,SA1,2934,0.9594,BK,,3630.0,4210.0,1669,38393,2,1
BOGAT_011,BOGAT_011_BK_4170-4378_200_1984-07-11_D_1_B_1.nlgx,BOGAT_011_BK_4170-4378_200_1984-07-11_D_1_B_1.jpg,BOGAT_011_BK_4170-4378_200_1984-07-11_D_1_B_1.las,BK1,BK,,SA1,755,0.9669,BK,0.7813,4170.0,4382.0,1598,16896,3,1
BOGAT_011,BOGAT_011_BK_4325-4533_200_1984-07-27_D_1_B_1.nlgx,BOGAT_011_BK_4325-4533_200_1984-07-27_D_1_B_1.jpg,BOGAT_011_BK_4325-4533_200_1984-07-27_D_1_B_1.las,BK1,BK,,SA1,1319,0.9818,BK,,4310.0,4540.0,1600,16784,4,1
BOGAT_011,BOGAT_011_BK_4480-4665_200_1984-08-20_D_1_B_1.nlgx,BOGAT_011_BK_4480-4665_200_1984-08-20_D_1_B_1.jpg,BOGAT_011_BK_4480-4665_200_1984-08-20_D_1_B_1.las,BK1,BK,,SA1,1155,0.9948,BK,,4478.0,4670.0,1674,15735,3,1
BOGAT_011,BOGAT_011_BK_4600-4750_200_1984-09-18_D_1_B_1.nlgx,BOGAT_011_BK_4600-4750_200_1984-09-18_D_1_B_1.jpg,BOGAT_011_BK_4600-4750_200_1984-09-18_D_1_B_1.las,BK1,BK,,SA1,769,0.9311,BK,,4600.0,4752.0,1705,13521,3,1
BOGAT_011,BOGAT_011_BK_4600-4816_200_1984-09-21_D_1_B_1.nlgx,BOGAT_011_BK_4600-4816_200_1984-09-21_D_1_B_1.jpg,BOGAT_011_BK_4600-4816_200_1984-09-21_D_1_B_1.las,BK1,BK,,SA1,2192,0.9881,BK,,4596.0,4818.0,1740,17015,4,1
BOGAT_011,"BOGAT_011_BKZ, DS_2360-2628_200_1984-01-24_D_1_B_1.nlgx","BOGAT_011_BKZ, DS_2360-2628_200_1984-01-24_D_1_B_1.jpg","BOGAT_011_BKZ, DS_2360-2628_200_1984-01-24_D_1_B_1.las",GZ41,GZ,,SA1,660,0.997,GZ4,0.8265,2350.0,2630.0,2550,20361,2,1
BOGAT_011,"BOGAT_011_BKZ, DS_2360-2628_200_1984-01-24_D_1_B_1.nlgx","BOGAT_011_BKZ, DS_2360-2628_200_1984-01-24_D_1_B_1.jpg","BOGAT_011_BKZ, DS_2360-2628_200_1984-01-24_D_1_B_1.las",GZ51,GZ,,SA2,782,0.9859,GZ5,0.8424,2350.0,2630.0,2550,20361,3,1
BOGAT_011,"BOGAT_011_BKZ, DS_2360-2628_200_1984-01-24_D_1_B_1.nlgx","BOGAT_011_BKZ, DS_2360-2628_200_1984-01-24_D_1_B_1.jpg","BOGAT_011_BKZ, DS_2360-2628_200_1984-01-24_D_1_B_1.las",CALI1,CALI,,SA3,1099,0.9991,CALI,0.6961,2350.0,2630.0,2550,20361,1,1
BOGAT_011,"BOGAT_011_BKZ, DS_2360-2628_200_1984-01-24_D_1_B_1.nlgx","BOGAT_011_BKZ, DS_2360-2628_200_1984-01-24_D_1_B_1.jpg","BOGAT_011_BKZ, DS_2360-2628_200_1984-01-24_D_1_B_1.las",SP1,SP,,SA4,601,1.0,SP,0.7964,2350.0,2630.0,2550,20361,1,1
BOGAT_011,"BOGAT_011_BKZ, DS_2750-2861_200_1984-02-06_D_1_B_1.nlgx","BOGAT_011_BKZ, DS_2750-2861_200_1984-02-06_D_1_B_1.jpg","BOGAT_011_BKZ, DS_2750-2861_200_1984-02-06_D_1_B_1.las",GZ41,GZ,,SA1,679,0.9956,GZ4,,2568.0,2868.0,2550,21484,2,1
BOGAT_011,"BOGAT_011_BKZ, DS_2750-2861_200_1984-02-06_D_1_B_1.nlgx","BOGAT_011_BKZ, DS_2750-2861_200_1984-02-06_D_1_B_1.jpg","BOGAT_011_BKZ, DS_2750-2861_200_1984-02-06_D_1_B_1.las",GZ51,GZ,,SA2,569,1.0,GZ5,,2568.0,2868.0,2550,21484,2,1
BOGAT_011,"BOGAT_011_BKZ, DS_2750-2861_200_1984-02-06_D_1_B_1.nlgx","BOGAT_011_BKZ, DS_2750-2861_200_1984-02-06_D_1_B_1.jpg","BOGAT_011_BKZ, DS_2750-2861_200_1984-02-06_D_1_B_1.las",CALI1,CALI,,SA3,1029,0.999,CALI,,2568.0,2868.0,2550,21484,1,1
BOGAT_011,"BOGAT_011_BKZ, DS_2750-2861_200_1984-02-06_D_1_B_1.nlgx","BOGAT_011_BKZ, DS_2750-2861_200_1984-02-06_D_1_B_1.jpg","BOGAT_011_BKZ, DS_2750-2861_200_1984-02-06_D_1_B_1.las",SP1,SP,,SA4,365,1.0,SP,,2568.0,2868.0,2550,21484,1,1
BOGAT_011,"BOGAT_011_BKZ, DS_2800-3190_200_1984-03-02_D_1_B_1.nlgx","BOGAT_011_BKZ, DS_2800-3190_200_1984-03-02_D_1_B_1.jpg","BOGAT_011_BKZ, DS_2800-3190_200_1984-03-02_D_1_B_1.las",GZ41,GZ,,SA1,1298,0.9784,GZ4,0.9603,2800.0,3190.0,2174,27254,2,1
BOGAT_011,"BOGAT_011_BKZ, DS_2800-3190_200_1984-03-02_D_1_B_1.nlgx","BOGAT_011_BKZ, DS_2800-3190_200_1984-03-02_D_1_B_1.jpg","BOGAT_011_BKZ, DS_2800-3190_200_1984-03-02_D_1_B_1.las",GZ51,GZ,,SA2,1746,0.992,GZ5,0.9347,2800.0,3190.0,2174,27254,3,1
BOGAT_011,"BOGAT_011_BKZ, DS_2800-3190_200_1984-03-02_D_1_B_1.nlgx","BOGAT_011_BKZ, DS_2800-3190_200_1984-03-02_D_1_B_1.jpg","BOGAT_011_BKZ, DS_2800-3190_200_1984-03-02_D_1_B_1.las",CALI1,CALI,,SA3,2268,0.9938,CALI,0.9583,2800.0,3190.0,2174,27254,1,1
BOGAT_011,"BOGAT_011_BKZ, DS_2800-3190_200_1984-03-02_D_1_B_1.nlgx","BOGAT_011_BKZ, DS_2800-3190_200_1984-03-02_D_1_B_1.jpg","BOGAT_011_BKZ, DS_2800-3190_200_1984-03-02_D_1_B_1.las",SP1,SP,,SA4,643,0.9969,SP,0.9796,2800.0,3190.0,2174,27254,1,1
BOGAT_011,"BOGAT_011_BKZ, DS_3150-3494_200_1984-03-23_D_1_B_1.nlgx","BOGAT_011_BKZ, DS_3150-3494_200_1984-03-23_D_1_B_1.jpg","BOGAT_011_BKZ, DS_3150-3494_200_1984-03-23_D_1_B_1.las",GZ51,GZ,,SA1,1313,1.0,GZ5,,3150.0,3494.0,2138,24969,3,1
BOGAT_011,"BOGAT_011_BKZ, DS_3150-3494_200_1984-03-23_D_1_B_1.nlgx","BOGAT_011_BKZ, DS_3150-3494_200_1984-03-23_D_1_B_1.jpg","BOGAT_011_BKZ, DS_3150-3494_200_1984-03-23_D_1_B_1.las",GZ41,GZ,,SA2,1682,0.9964,GZ4,,3150.0,3494.0,2138,24969,2,1
BOGAT_011,"BOGAT_011_BKZ, DS_3150-3494_200_1984-03-23_D_1_B_1.nlgx","BOGAT_011_BKZ, DS_3150-3494_200_1984-03-23_D_1_B_1.jpg","BOGAT_011_BKZ, DS_3150-3494_200_1984-03-23_D_1_B_1.las",CALI1,CALI,,SA1,1772,0.9678,CALI,,3150.0,3494.0,2138,24969,1,1
BOGAT_011,"BOGAT_011_BKZ, DS_3150-3494_200_1984-03-23_D_1_B_1.nlgx","BOGAT_011_BKZ, DS_3150-3494_200_1984-03-23_D_1_B_1.jpg","BOGAT_011_BKZ, DS_3150-3494_200_1984-03-23_D_1_B_1.las",SP1,SP,,SA2,1222,0.9918,SP,,3150.0,3494.0,2138,24969,1,1
BOGAT_011,"BOGAT_011_BKZ, DS_3450-3680_200_1984-04-05_D_1_B_1.nlgx","BOGAT_011_BKZ, DS_3450-3680_200_1984-04-05_D_1_B_1.jpg","BOGAT_011_BKZ, DS_3450-3680_200_1984-04-05_D_1_B_1.las",GZ51,GZ,,SA1,424,1.0,GZ5,,3444.0,3684.0,2148,17614,2,1
BOGAT_011,"BOGAT_011_BKZ, DS_3450-3680_200_1984-04-05_D_1_B_1.nlgx","BOGAT_011_BKZ, DS_3450-3680_200_1984-04-05_D_1_B_1.jpg","BOGAT_011_BKZ, DS_3450-3680_200_1984-04-05_D_1_B_1.las",GZ41,GZ,,SA2,439,0.9932,GZ4,,3444.0,3684.0,2148,17614,2,1
BOGAT_011,"BOGAT_011_BKZ, DS_3450-3680_200_1984-04-05_D_1_B_1.nlgx","BOGAT_011_BKZ, DS_3450-3680_200_1984-04-05_D_1_B_1.jpg","BOGAT_011_BKZ, DS_3450-3680_200_1984-04-05_D_1_B_1.las",CALI1,CALI,,SA1,734,0.9986,CALI,,3444.0,3684.0,2148,17614,1,1
BOGAT_011,"BOGAT_011_BKZ, DS_3450-3680_200_1984-04-05_D_1_B_1.nlgx","BOGAT_011_BKZ, DS_3450-3680_200_1984-04-05_D_1_B_1.jpg","BOGAT_011_BKZ, DS_3450-3680_200_1984-04-05_D_1_B_1.las",SP1,SP,,SA2,163,1.0,SP,,3444.0,3684.0,2148,17614,1,1
BOGAT_011,"BOGAT_011_BKZ, DS_3630-3896_200_1984-04-17_D_1_B_1.nlgx","BOGAT_011_BKZ, DS_3630-3896_200_1984-04-17_D_1_B_1.jpg","BOGAT_011_BKZ, DS_3630-3896_200_1984-04-17_D_1_B_1.las",GZ41,GZ,,SA1,825,1.0,GZ4,0.9868,3630.0,3900.0,2087,20545,2,1
BOGAT_011,"BOGAT_011_BKZ, DS_3630-3896_200_1984-04-17_D_1_B_1.nlgx","BOGAT_011_BKZ, DS_3630-3896_200_1984-04-17_D_1_B_1.jpg","BOGAT_011_BKZ, DS_3630-3896_200_1984-04-17_D_1_B_1.las",GZ51,GZ,,SA2,890,1.0,GZ5,0.9897,3630.0,3900.0,2087,20545,2,1
BOGAT_011,"BOGAT_011_BKZ, DS_3630-3896_200_1984-04-17_D_1_B_1.nlgx","BOGAT_011_BKZ, DS_3630-3896_200_1984-04-17_D_1_B_1.jpg","BOGAT_011_BKZ, DS_3630-3896_200_1984-04-17_D_1_B_1.las",CALI1,CALI,,SA3,1394,1.0,CALI,0.8185,3630.0,3900.0,2087,20545,1,1
BOGAT_011,"BOGAT_011_BKZ, DS_3630-3896_200_1984-04-17_D_1_B_1.nlgx","BOGAT_011_BKZ, DS_3630-3896_200_1984-04-17_D_1_B_1.jpg","BOGAT_011_BKZ, DS_3630-3896_200_1984-04-17_D_1_B_1.las",SP1,SP,,SA4,541,1.0,SP,0.9956,3630.0,3900.0,2087,20545,1,1
BOGAT_011,"BOGAT_011_BKZ, DS_3850-4200_200_1984-05-10_D_1_B_1.nlgx","BOGAT_011_BKZ, DS_3850-4200_200_1984-05-10_D_1_B_1.jpg","BOGAT_011_BKZ, DS_3850-4200_200_1984-05-10_D_1_B_1.las",GZ41,GZ,,SA1,753,0.9761,GZ4,0.9873,3850.0,4202.0,2095,25573,1,1
BOGAT_011,"BOGAT_011_BKZ, DS_3850-4200_200_1984-05-10_D_1_B_1.nlgx","BOGAT_011_BKZ, DS_3850-4200_200_1984-05-10_D_1_B_1.jpg","BOGAT_011_BKZ, DS_3850-4200_200_1984-05-10_D_1_B_1.las",GZ51,GZ,,SA2,637,0.9969,GZ5,0.9606,3850.0,4202.0,2095,25573,2,1
BOGAT_011,"BOGAT_011_BKZ, DS_3850-4200_200_1984-05-10_D_1_B_1.nlgx","BOGAT_011_BKZ, DS_3850-4200_200_1984-05-10_D_1_B_1.jpg","BOGAT_011_BKZ, DS_3850-4200_200_1984-05-10_D_1_B_1.las",CALI1,CALI,,SA3,1581,0.9184,CALI,0.8629,3850.0,4202.0,2095,25573,1,1
BOGAT_011,"BOGAT_011_BKZ, DS_3850-4200_200_1984-05-10_D_1_B_1.nlgx","BOGAT_011_BKZ, DS_3850-4200_200_1984-05-10_D_1_B_1.jpg","BOGAT_011_BKZ, DS_3850-4200_200_1984-05-10_D_1_B_1.las",SP1,SP,,SA4,240,1.0,SP,0.9636,3850.0,4202.0,2095,25573,1,1
BOGAT_011,"BOGAT_011_BKZ, DS_4325-4528_200_1984-07-27_D_1_B_1.nlgx","BOGAT_011_BKZ, DS_4325-4528_200_1984-07-27_D_1_B_1.jpg","BOGAT_011_BKZ, DS_4325-4528_200_1984-07-27_D_1_B_1.las",GZ51,GZ,,SA1,306,0.9967,GZ5,,4318.0,4528.0,2140,17265,2,1
BOGAT_011,"BOGAT_011_BKZ, DS_4325-4528_200_1984-07-27_D_1_B_1.nlgx","BOGAT_011_BKZ, DS_4325-4528_200_1984-07-27_D_1_B_1.jpg","BOGAT_011_BKZ, DS_4325-4528_200_1984-07-27_D_1_B_1.las",GZ41,GZ,,SA2,1967,0.9964,GZ4,,4318.0,4528.0,2140,17265,2,1
BOGAT_011,"BOGAT_011_BKZ, DS_4325-4528_200_1984-07-27_D_1_B_1.nlgx","BOGAT_011_BKZ, DS_4325-4528_200_1984-07-27_D_1_B_1.jpg","BOGAT_011_BKZ, DS_4325-4528_200_1984-07-27_D_1_B_1.las",CALI1,CALI,,SA1,1417,0.9845,CALI,,4318.0,4528.0,2140,17265,1,1
BOGAT_011,"BOGAT_011_BKZ, DS_4440-4640_200_1984-08-20_D_1_B_1.nlgx","BOGAT_011_BKZ, DS_4440-4640_200_1984-08-20_D_1_B_1.jpg","BOGAT_011_BKZ, DS_4440-4640_200_1984-08-20_D_1_B_1.las",GZ51,GZ,,SA1,384,0.9948,GZ5,0.8183,4440.0,4670.0,2106,17021,3,1
BOGAT_011,"BOGAT_011_BKZ, DS_4440-4640_200_1984-08-20_D_1_B_1.nlgx","BOGAT_011_BKZ, DS_4440-4640_200_1984-08-20_D_1_B_1.jpg","BOGAT_011_BKZ, DS_4440-4640_200_1984-08-20_D_1_B_1.las",GZ41,GZ,,SA2,579,1.0,GZ4,0.7626,4440.0,4670.0,2106,17021,2,1
BOGAT_011,"BOGAT_011_BKZ, DS_4440-4640_200_1984-08-20_D_1_B_1.nlgx","BOGAT_011_BKZ, DS_4440-4640_200_1984-08-20_D_1_B_1.jpg","BOGAT_011_BKZ, DS_4440-4640_200_1984-08-20_D_1_B_1.las",SP1,SP,,SA3,958,1.0,SP,0.4985,4440.0,4670.0,2106,17021,1,1
BOGAT_011,"BOGAT_011_BKZ, DS_4440-4640_200_1984-08-20_D_1_B_1.nlgx","BOGAT_011_BKZ, DS_4440-4640_200_1984-08-20_D_1_B_1.jpg","BOGAT_011_BKZ, DS_4440-4640_200_1984-08-20_D_1_B_1.las",CALI1,CALI,,SA4,511,1.0,CALI,0.7787,4440.0,4670.0,2106,17021,1,1
BOGAT_011,"BOGAT_011_BKZ, DS_4600-4810_200_1984-09-18_D_1_B_1.nlgx","BOGAT_011_BKZ, DS_4600-4810_200_1984-09-18_D_1_B_1.jpg","BOGAT_011_BKZ, DS_4600-4810_200_1984-09-18_D_1_B_1.las",GZ51,GZ,,SA1,460,1.0,GZ5,0.9826,4600.0,4820.0,2075,17073,3,1
BOGAT_011,"BOGAT_011_BKZ, DS_4600-4810_200_1984-09-18_D_1_B_1.nlgx","BOGAT_011_BKZ, DS_4600-4810_200_1984-09-18_D_1_B_1.jpg","BOGAT_011_BKZ, DS_4600-4810_200_1984-09-18_D_1_B_1.las",GZ41,GZ,,SA2,694,1.0,GZ4,0.9781,4600.0,4820.0,2075,17073,3,1
BOGAT_011,"BOGAT_011_BKZ, DS_4600-4810_200_1984-09-18_D_1_B_1.nlgx","BOGAT_011_BKZ, DS_4600-4810_200_1984-09-18_D_1_B_1.jpg","BOGAT_011_BKZ, DS_4600-4810_200_1984-09-18_D_1_B_1.las",CALI1,CALI,,SA3,1261,0.9992,CALI,0.8028,4600.0,4820.0,2075,17073,1,1
BOGAT_011,"BOGAT_011_BKZ, DS_4600-4810_200_1984-09-18_D_1_B_1.nlgx","BOGAT_011_BKZ, DS_4600-4810_200_1984-09-18_D_1_B_1.jpg","BOGAT_011_BKZ, DS_4600-4810_200_1984-09-18_D_1_B_1.las",SP1,SP,,SA4,364,1.0,SP,0.9964,4600.0,4820.0,2075,17073,1,1
BOGAT_011,"BOGAT_011_BKZ, DS_4750-4904_200_1984-10-03_D_1_B_1.nlgx","BOGAT_011_BKZ, DS_4750-4904_200_1984-10-03_D_1_B_1.jpg","BOGAT_011_BKZ, DS_4750-4904_200_1984-10-03_D_1_B_1.las",GZ41,GZ,,SA1,478,1.0,GZ4,0.9873,4748.0,4908.0,2164,13829,2,1
BOGAT_011,"BOGAT_011_BKZ, DS_4750-4904_200_1984-10-03_D_1_B_1.nlgx","BOGAT_011_BKZ, DS_4750-4904_200_1984-10-03_D_1_B_1.jpg","BOGAT_011_BKZ, DS_4750-4904_200_1984-10-03_D_1_B_1.las",GZ51,GZ,,SA2,329,1.0,GZ5,0.9938,4748.0,4908.0,2164,13829,3,1
BOGAT_011,"BOGAT_011_BKZ, DS_4750-4904_200_1984-10-03_D_1_B_1.nlgx","BOGAT_011_BKZ, DS_4750-4904_200_1984-10-03_D_1_B_1.jpg","BOGAT_011_BKZ, DS_4750-4904_200_1984-10-03_D_1_B_1.las",CALI1,CALI,,SA3,799,0.9725,CALI,0.9722,4748.0,4908.0,2164,13829,1,1
BOGAT_011,"BOGAT_011_BKZ, DS_4750-4904_200_1984-10-03_D_1_B_1.nlgx","BOGAT_011_BKZ, DS_4750-4904_200_1984-10-03_D_1_B_1.jpg","BOGAT_011_BKZ, DS_4750-4904_200_1984-10-03_D_1_B_1.las",SP1,SP,,SA4,144,1.0,SP,0.9181,4748.0,4908.0,2164,13829,1,1
BOGAT_011,"BOGAT_011_BKZ, DS_4850-5015_200_1984-10-24_D_1_B_1.nlgx","BOGAT_011_BKZ, DS_4850-5015_200_1984-10-24_D_1_B_1.jpg","BOGAT_011_BKZ, DS_4850-5015_200_1984-10-24_D_1_B_1.las",GZ51,GZ,,SA1,411,1.0,GZ5,,4848.0,5020.0,2116,14310,3,1
BOGAT_011,"BOGAT_011_BKZ, DS_4850-5015_200_1984-10-24_D_1_B_1.nlgx","BOGAT_011_BKZ, DS_4850-5015_200_1984-10-24_D_1_B_1.jpg","BOGAT_011_BKZ, DS_4850-5015_200_1984-10-24_D_1_B_1.las",GZ41,GZ,,SA2,672,0.9985,GZ4,,4848.0,5020.0,2116,14310,2,1
BOGAT_011,"BOGAT_011_BKZ, DS_4850-5015_200_1984-10-24_D_1_B_1.nlgx","BOGAT_011_BKZ, DS_4850-5015_200_1984-10-24_D_1_B_1.jpg","BOGAT_011_BKZ, DS_4850-5015_200_1984-10-24_D_1_B_1.las",CALI1,CALI,,SA3,868,0.9666,CALI,,4848.0,5020.0,2116,14310,1,1
BOGAT_011,"BOGAT_011_BKZ, DS_4850-5015_200_1984-10-24_D_1_B_1.nlgx","BOGAT_011_BKZ, DS_4850-5015_200_1984-10-24_D_1_B_1.jpg","BOGAT_011_BKZ, DS_4850-5015_200_1984-10-24_D_1_B_1.las",SP1,SP,,SA4,374,0.992,SP,,4848.0,5020.0,2116,14310,1,1
BOGAT_011,"BOGAT_011_BKZ, DS_4950-5130_200_1984-11-23_D_1_B_1.nlgx","BOGAT_011_BKZ, DS_4950-5130_200_1984-11-23_D_1_B_1.jpg","BOGAT_011_BKZ, DS_4950-5130_200_1984-11-23_D_1_B_1.las",GZ41,GZ,,SA1,715,0.9986,GZ4,,4946.0,5146.0,2152,15857,2,1
BOGAT_011,"BOGAT_011_BKZ, DS_4950-5130_200_1984-11-23_D_1_B_1.nlgx","BOGAT_011_BKZ, DS_4950-5130_200_1984-11-23_D_1_B_1.jpg","BOGAT_011_BKZ, DS_4950-5130_200_1984-11-23_D_1_B_1.las",GZ51,GZ,,SA2,612,0.9967,GZ5,,4946.0,5146.0,2152,15857,3,1
BOGAT_011,"BOGAT_011_BKZ, DS_4950-5130_200_1984-11-23_D_1_B_1.nlgx","BOGAT_011_BKZ, DS_4950-5130_200_1984-11-23_D_1_B_1.jpg","BOGAT_011_BKZ, DS_4950-5130_200_1984-11-23_D_1_B_1.las",CALI1,CALI,,SA3,1214,0.9934,CALI,,4946.0,5146.0,2152,15857,1,1
BOGAT_011,"BOGAT_011_BKZ, DS_4950-5130_200_1984-11-23_D_1_B_1.nlgx","BOGAT_011_BKZ, DS_4950-5130_200_1984-11-23_D_1_B_1.jpg","BOGAT_011_BKZ, DS_4950-5130_200_1984-11-23_D_1_B_1.las",SP1,SP,,SA4,425,1.0,SP,,4946.0,5146.0,2152,15857,1,1
BOGAT_011,"BOGAT_011_BKZ, DS_5080-5270_200_1984-12-11_D_1_B_1.nlgx","BOGAT_011_BKZ, DS_5080-5270_200_1984-12-11_D_1_B_1.jpg","BOGAT_011_BKZ, DS_5080-5270_200_1984-12-11_D_1_B_1.las",GZ41,GZ,,SA1,3627,1.0,GZ4,0.9637,5080.0,5274.0,2140,16234,2,1
BOGAT_011,"BOGAT_011_BKZ, DS_5080-5270_200_1984-12-11_D_1_B_1.nlgx","BOGAT_011_BKZ, DS_5080-5270_200_1984-12-11_D_1_B_1.jpg","BOGAT_011_BKZ, DS_5080-5270_200_1984-12-11_D_1_B_1.las",GZ51,GZ,,SA2,509,1.0,GZ5,0.9822,5080.0,5274.0,2140,16234,2,1
BOGAT_011,"BOGAT_011_BKZ, DS_5080-5270_200_1984-12-11_D_1_B_1.nlgx","BOGAT_011_BKZ, DS_5080-5270_200_1984-12-11_D_1_B_1.jpg","BOGAT_011_BKZ, DS_5080-5270_200_1984-12-11_D_1_B_1.las",CALI1,CALI,,SA3,1239,0.9992,CALI,0.9667,5080.0,5274.0,2140,16234,1,1
BOGAT_011,"BOGAT_011_BKZ, DS_5080-5270_200_1984-12-11_D_1_B_1.nlgx","BOGAT_011_BKZ, DS_5080-5270_200_1984-12-11_D_1_B_1.jpg","BOGAT_011_BKZ, DS_5080-5270_200_1984-12-11_D_1_B_1.las",SP1,SP,,SA4,277,1.0,SP,0.9777,5080.0,5274.0,2140,16234,1,1
BOGAT_011,"BOGAT_011_BKZ, DS_5100-5500_200_1985-07-25_D_1_B_2.nlgx","BOGAT_011_BKZ, DS_5100-5500_200_1985-07-25_D_1_B_2.jpg","BOGAT_011_BKZ, DS_5100-5500_200_1985-07-25_D_1_B_2.las",GZ41,GZ,,SA1,1328,0.9947,GZ4,0.9713,5100.0,5508.0,2547,27826,2,1
BOGAT_011,"BOGAT_011_BKZ, DS_5100-5500_200_1985-07-25_D_1_B_2.nlgx","BOGAT_011_BKZ, DS_5100-5500_200_1985-07-25_D_1_B_2.jpg","BOGAT_011_BKZ, DS_5100-5500_200_1985-07-25_D_1_B_2.las",GZ51,GZ,,SA2,861,1.0,GZ5,0.9739,5100.0,5508.0,2547,27826,2,1
BOGAT_011,"BOGAT_011_BKZ, DS_5100-5500_200_1985-07-25_D_1_B_2.nlgx","BOGAT_011_BKZ, DS_5100-5500_200_1985-07-25_D_1_B_2.jpg","BOGAT_011_BKZ, DS_5100-5500_200_1985-07-25_D_1_B_2.las",CALI1,CALI,,SA3,2455,0.9898,CALI,0.945,5100.0,5508.0,2547,27826,1,1
BOGAT_011,"BOGAT_011_BKZ, DS_5100-5500_200_1985-07-25_D_1_B_2.nlgx","BOGAT_011_BKZ, DS_5100-5500_200_1985-07-25_D_1_B_2.jpg","BOGAT_011_BKZ, DS_5100-5500_200_1985-07-25_D_1_B_2.las",SP1,SP,,SA4,391,0.9974,SP,0.9187,5100.0,5508.0,2547,27826,1,1
BOGAT_011,BOGAT_011_BKZ_2360-2628_200_1984-01-24_D_1_B_1.nlgx,BOGAT_011_BKZ_2360-2628_200_1984-01-24_D_1_B_1.jpg,BOGAT_011_BKZ_2360-2628_200_1984-01-24_D_1_B_1.las,GZ11,GZ,,SA1,1575,0.9994,GZ1,0.9182,2358.0,2630.0,2550,20018,1,1
BOGAT_011,BOGAT_011_BKZ_2360-2628_200_1984-01-24_D_1_B_1.nlgx,BOGAT_011_BKZ_2360-2628_200_1984-01-24_D_1_B_1.jpg,BOGAT_011_BKZ_2360-2628_200_1984-01-24_D_1_B_1.las,GZ21,GZ,,SA2,1233,0.9984,GZ2,0.9565,2358.0,2630.0,2550,20018,2,1
BOGAT_011,BOGAT_011_BKZ_2360-2628_200_1984-01-24_D_1_B_1.nlgx,BOGAT_011_BKZ_2360-2628_200_1984-01-24_D_1_B_1.jpg,BOGAT_011_BKZ_2360-2628_200_1984-01-24_D_1_B_1.las,GZ31,GZ,,SA3,1414,1.0,GZ3,0.9391,2358.0,2630.0,2550,20018,3,1
BOGAT_011,BOGAT_011_BKZ_2360-2628_200_1984-01-24_D_1_B_1.nlgx,BOGAT_011_BKZ_2360-2628_200_1984-01-24_D_1_B_1.jpg,BOGAT_011_BKZ_2360-2628_200_1984-01-24_D_1_B_1.las,OGZ1,OGZ,,SA4,1168,0.9991,OGZ,0.9434,2358.0,2630.0,2550,20018,3,1
BOGAT_011,BOGAT_011_BKZ_2750-2861_200_1984-02-06_D_1_B_1.nlgx,BOGAT_011_BKZ_2750-2861_200_1984-02-06_D_1_B_1.jpg,BOGAT_011_BKZ_2750-2861_200_1984-02-06_D_1_B_1.las,GZ11,GZ,,SA1,1226,0.9951,GZ1,0.8027,2568.0,2862.0,2550,21110,2,1
BOGAT_011,BOGAT_011_BKZ_2750-2861_200_1984-02-06_D_1_B_1.nlgx,BOGAT_011_BKZ_2750-2861_200_1984-02-06_D_1_B_1.jpg,BOGAT_011_BKZ_2750-2861_200_1984-02-06_D_1_B_1.las,GZ31,GZ,,SA2,681,1.0,GZ3,0.9012,2568.0,2862.0,2550,21110,2,1
BOGAT_011,BOGAT_011_BKZ_2750-2861_200_1984-02-06_D_1_B_1.nlgx,BOGAT_011_BKZ_2750-2861_200_1984-02-06_D_1_B_1.jpg,BOGAT_011_BKZ_2750-2861_200_1984-02-06_D_1_B_1.las,GZ21,GZ,,SA3,1149,0.9939,GZ2,0.7861,2568.0,2862.0,2550,21110,2,1
BOGAT_011,BOGAT_011_BKZ_2750-2861_200_1984-02-06_D_1_B_1.nlgx,BOGAT_011_BKZ_2750-2861_200_1984-02-06_D_1_B_1.jpg,BOGAT_011_BKZ_2750-2861_200_1984-02-06_D_1_B_1.las,OGZ1,OGZ,,SA4,821,0.9976,OGZ,0.8626,2568.0,2862.0,2550,21110,2,1
BOGAT_011,BOGAT_011_BKZ_2800-3188_200_1984-03-02_D_1_B_1.nlgx,BOGAT_011_BKZ_2800-3188_200_1984-03-02_D_1_B_1.jpg,BOGAT_011_BKZ_2800-3188_200_1984-03-02_D_1_B_1.las,GZ11,GZ,,SA1,1311,0.958,GZ1,0.7265,2800.0,3188.0,2189,27147,1,1
BOGAT_011,BOGAT_011_BKZ_2800-3188_200_1984-03-02_D_1_B_1.nlgx,BOGAT_011_BKZ_2800-3188_200_1984-03-02_D_1_B_1.jpg,BOGAT_011_BKZ_2800-3188_200_1984-03-02_D_1_B_1.las,GZ21,GZ,,SA2,1453,0.9814,GZ2,0.5301,2800.0,3188.0,2189,27147,2,1
BOGAT_011,BOGAT_011_BKZ_2800-3188_200_1984-03-02_D_1_B_1.nlgx,BOGAT_011_BKZ_2800-3188_200_1984-03-02_D_1_B_1.jpg,BOGAT_011_BKZ_2800-3188_200_1984-03-02_D_1_B_1.las,OGZ1,OGZ,,SA3,834,0.9856,OGZ,0.8233,2800.0,3188.0,2189,27147,2,1
BOGAT_011,BOGAT_011_BKZ_2800-3188_200_1984-03-02_D_1_B_1.nlgx,BOGAT_011_BKZ_2800-3188_200_1984-03-02_D_1_B_1.jpg,BOGAT_011_BKZ_2800-3188_200_1984-03-02_D_1_B_1.las,GZ31,GZ,,SA4,1439,0.9937,GZ3,0.8316,2800.0,3188.0,2189,27147,1,1
BOGAT_011,BOGAT_011_BKZ_3150-3494_200_1984-03-23_D_1_B_1.nlgx,BOGAT_011_BKZ_3150-3494_200_1984-03-23_D_1_B_1.jpg,BOGAT_011_BKZ_3150-3494_200_1984-03-23_D_1_B_1.las,GZ21,GZ,,SA1,807,0.9455,GZ2,0.6717,3150.0,3494.0,2153,24701,2,1
BOGAT_011,BOGAT_011_BKZ_3150-3494_200_1984-03-23_D_1_B_1.nlgx,BOGAT_011_BKZ_3150-3494_200_1984-03-23_D_1_B_1.jpg,BOGAT_011_BKZ_3150-3494_200_1984-03-23_D_1_B_1.las,GZ11,GZ,,SA2,1056,0.9934,GZ1,0.6881,3150.0,3494.0,2153,24701,1,1
BOGAT_011,BOGAT_011_BKZ_3150-3494_200_1984-03-23_D_1_B_1.nlgx,BOGAT_011_BKZ_3150-3494_200_1984-03-23_D_1_B_1.jpg,BOGAT_011_BKZ_3150-3494_200_1984-03-23_D_1_B_1.las,OGZ1,OGZ,,SA3,635,0.9669,OGZ,0.9444,3150.0,3494.0,2153,24701,2,1
BOGAT_011,BOGAT_011_BKZ_3150-3494_200_1984-03-23_D_1_B_1.nlgx,BOGAT_011_BKZ_3150-3494_200_1984-03-23_D_1_B_1.jpg,BOGAT_011_BKZ_3150-3494_200_1984-03-23_D_1_B_1.las,GZ31,GZ,,SA4,767,1.0,GZ3,0.9405,3150.0,3494.0,2153,24701,2,1
BOGAT_011,BOGAT_011_BKZ_3450-3680_200_1984-04-05_D_1_B_1.nlgx,BOGAT_011_BKZ_3450-3680_200_1984-04-05_D_1_B_1.jpg,BOGAT_011_BKZ_3450-3680_200_1984-04-05_D_1_B_1.las,GZ11,GZ,,SA1,609,1.0,GZ1,,3450.0,3690.0,2095,18578,1,1
BOGAT_011,BOGAT_011_BKZ_3450-3680_200_1984-04-05_D_1_B_1.nlgx,BOGAT_011_BKZ_3450-3680_200_1984-04-05_D_1_B_1.jpg,BOGAT_011_BKZ_3450-3680_200_1984-04-05_D_1_B_1.las,GZ21,GZ,,SA2,913,1.0,GZ2,,3450.0,3690.0,2095,18578,2,1
BOGAT_011,BOGAT_011_BKZ_3450-3680_200_1984-04-05_D_1_B_1.nlgx,BOGAT_011_BKZ_3450-3680_200_1984-04-05_D_1_B_1.jpg,BOGAT_011_BKZ_3450-3680_200_1984-04-05_D_1_B_1.las,GZ31,GZ,,SA3,677,1.0,GZ3,,3450.0,3690.0,2095,18578,2,1
BOGAT_011,BOGAT_011_BKZ_3450-3680_200_1984-04-05_D_1_B_1.nlgx,BOGAT_011_BKZ_3450-3680_200_1984-04-05_D_1_B_1.jpg,BOGAT_011_BKZ_3450-3680_200_1984-04-05_D_1_B_1.las,OGZ1,OGZ,,SA4,614,1.0,OGZ,,3450.0,3690.0,2095,18578,2,1
BOGAT_011,BOGAT_011_BKZ_3630-3896_200_1984-04-17_D_1_B_1.nlgx,BOGAT_011_BKZ_3630-3896_200_1984-04-17_D_1_B_1.jpg,BOGAT_011_BKZ_3630-3896_200_1984-04-17_D_1_B_1.las,GZ21,GZ,,SA1,8201,1.0,GZ2,,3630.0,3900.0,2134,20648,1,1
BOGAT_011,BOGAT_011_BKZ_3630-3896_200_1984-04-17_D_1_B_1.nlgx,BOGAT_011_BKZ_3630-3896_200_1984-04-17_D_1_B_1.jpg,BOGAT_011_BKZ_3630-3896_200_1984-04-17_D_1_B_1.las,GZ11,GZ,,SA2,629,1.0,GZ1,,3630.0,3900.0,2134,20648,1,1
BOGAT_011,BOGAT_011_BKZ_3630-3896_200_1984-04-17_D_1_B_1.nlgx,BOGAT_011_BKZ_3630-3896_200_1984-04-17_D_1_B_1.jpg,BOGAT_011_BKZ_3630-3896_200_1984-04-17_D_1_B_1.las,GZ31,GZ,,SA3,429,1.0,GZ3,,3630.0,3900.0,2134,20648,1,1
BOGAT_011,BOGAT_011_BKZ_3630-3896_200_1984-04-17_D_1_B_1.nlgx,BOGAT_011_BKZ_3630-3896_200_1984-04-17_D_1_B_1.jpg,BOGAT_011_BKZ_3630-3896_200_1984-04-17_D_1_B_1.las,OGZ1,OGZ,,SA4,1535,1.0,OGZ,,3630.0,3900.0,2134,20648,1,1
BOGAT_011,BOGAT_011_BKZ_3850-4200_200_1984-05-10_D_1_B_1.nlgx,BOGAT_011_BKZ_3850-4200_200_1984-05-10_D_1_B_1.jpg,BOGAT_011_BKZ_3850-4200_200_1984-05-10_D_1_B_1.las,GZ21,GZ,,SA1,1090,0.9945,GZ2,0.8438,3850.0,4200.0,2148,25313,1,1
BOGAT_011,BOGAT_011_BKZ_3850-4200_200_1984-05-10_D_1_B_1.nlgx,BOGAT_011_BKZ_3850-4200_200_1984-05-10_D_1_B_1.jpg,BOGAT_011_BKZ_3850-4200_200_1984-05-10_D_1_B_1.las,GZ11,GZ,,SA2,667,1.0,GZ1,0.6089,3850.0,4200.0,2148,25313,1,1
BOGAT_011,BOGAT_011_BKZ_3850-4200_200_1984-05-10_D_1_B_1.nlgx,BOGAT_011_BKZ_3850-4200_200_1984-05-10_D_1_B_1.jpg,BOGAT_011_BKZ_3850-4200_200_1984-05-10_D_1_B_1.las,GZ31,GZ,,SA1,486,0.9753,GZ3,-0.45,3850.0,4200.0,2148,25313,2,1
BOGAT_011,BOGAT_011_BKZ_3850-4200_200_1984-05-10_D_1_B_1.nlgx,BOGAT_011_BKZ_3850-4200_200_1984-05-10_D_1_B_1.jpg,BOGAT_011_BKZ_3850-4200_200_1984-05-10_D_1_B_1.las,OGZ1,OGZ,,SA2,620,0.9177,OGZ,-0.3406,3850.0,4200.0,2148,25313,2,1
BOGAT_011,BOGAT_011_BKZ_4170-4377_200_1984-07-11_D_11_B_1.nlgx,BOGAT_011_BKZ_4170-4377_200_1984-07-11_D_11_B_1.jpg,BOGAT_011_BKZ_4170-4377_200_1984-07-11_D_11_B_1.las,GZ41,GZ,,SA1,742,0.9987,GZ4,,4176.0,4380.0,2172,16899,2,1
BOGAT_011,BOGAT_011_BKZ_4170-4377_200_1984-07-11_D_11_B_1.nlgx,BOGAT_011_BKZ_4170-4377_200_1984-07-11_D_11_B_1.jpg,BOGAT_011_BKZ_4170-4377_200_1984-07-11_D_11_B_1.las,GZ51,GZ,,SA2,413,1.0,GZ5,,4176.0,4380.0,2172,16899,2,1
BOGAT_011,BOGAT_011_BKZ_4170-4377_200_1984-07-11_D_11_B_1.nlgx,BOGAT_011_BKZ_4170-4377_200_1984-07-11_D_11_B_1.jpg,BOGAT_011_BKZ_4170-4377_200_1984-07-11_D_11_B_1.las,SP1,SP,,SA3,91,1.0,SP,,4176.0,4380.0,2172,16899,1,1
BOGAT_011,BOGAT_011_BKZ_4170-4377_200_1984-07-11_D_1_B_1.nlgx,BOGAT_011_BKZ_4170-4377_200_1984-07-11_D_1_B_1.jpg,BOGAT_011_BKZ_4170-4377_200_1984-07-11_D_1_B_1.las,GZ11,GZ,,SA1,10912,1.0,GZ1,,4170.0,4380.0,2139,16875,1,1
BOGAT_011,BOGAT_011_BKZ_4170-4377_200_1984-07-11_D_1_B_1.nlgx,BOGAT_011_BKZ_4170-4377_200_1984-07-11_D_1_B_1.jpg,BOGAT_011_BKZ_4170-4377_200_1984-07-11_D_1_B_1.las,GZ21,GZ,,SA2,720,1.0,GZ2,,4170.0,4380.0,2139,16875,1,1
BOGAT_011,BOGAT_011_BKZ_4170-4377_200_1984-07-11_D_1_B_1.nlgx,BOGAT_011_BKZ_4170-4377_200_1984-07-11_D_1_B_1.jpg,BOGAT_011_BKZ_4170-4377_200_1984-07-11_D_1_B_1.las,GZ31,GZ,,SA3,477,1.0,GZ3,,4170.0,4380.0,2139,16875,2,1
BOGAT_011,BOGAT_011_BKZ_4170-4377_200_1984-07-11_D_1_B_1.nlgx,BOGAT_011_BKZ_4170-4377_200_1984-07-11_D_1_B_1.jpg,BOGAT_011_BKZ_4170-4377_200_1984-07-11_D_1_B_1.las,OGZ1,OGZ,,SA4,464,1.0,OGZ,,4170.0,4380.0,2139,16875,1,1
BOGAT_011,BOGAT_011_BKZ_4325-4528_200_1984-07-27_D_1_B_1.nlgx,BOGAT_011_BKZ_4325-4528_200_1984-07-27_D_1_B_1.jpg,BOGAT_011_BKZ_4325-4528_200_1984-07-27_D_1_B_1.las,GZ21,GZ,,SA1,814,0.9877,GZ2,,4324.0,4528.0,2086,17405,2,1
BOGAT_011,BOGAT_011_BKZ_4325-4528_200_1984-07-27_D_1_B_1.nlgx,BOGAT_011_BKZ_4325-4528_200_1984-07-27_D_1_B_1.jpg,BOGAT_011_BKZ_4325-4528_200_1984-07-27_D_1_B_1.las,GZ41,GZ,,SA2,985,0.999,GZ4,,4324.0,4528.0,2086,17405,1,1
BOGAT_011,BOGAT_011_BKZ_4325-4528_200_1984-07-27_D_1_B_1.nlgx,BOGAT_011_BKZ_4325-4528_200_1984-07-27_D_1_B_1.jpg,BOGAT_011_BKZ_4325-4528_200_1984-07-27_D_1_B_1.las,GZ31,GZ,,SA3,1158,1.0,GZ3,,4324.0,4528.0,2086,17405,1,1
BOGAT_011,BOGAT_011_BKZ_4325-4528_200_1984-07-27_D_1_B_1.nlgx,BOGAT_011_BKZ_4325-4528_200_1984-07-27_D_1_B_1.jpg,BOGAT_011_BKZ_4325-4528_200_1984-07-27_D_1_B_1.las,OGZ1,OGZ,,SA4,749,1.0,OGZ,,4324.0,4528.0,2086,17405,1,1
BOGAT_011,BOGAT_011_BKZ_4480-4640_200_1984-08-20_D_1_B_1.nlgx,BOGAT_011_BKZ_4480-4640_200_1984-08-20_D_1_B_1.jpg,BOGAT_011_BKZ_4480-4640_200_1984-08-20_D_1_B_1.las,OGZ1,OGZ,,SA1,982,1.0,OGZ,,4478.0,4668.0,2104,15134,1,1
BOGAT_011,BOGAT_011_BKZ_4480-4640_200_1984-08-20_D_1_B_1.nlgx,BOGAT_011_BKZ_4480-4640_200_1984-08-20_D_1_B_1.jpg,BOGAT_011_BKZ_4480-4640_200_1984-08-20_D_1_B_1.las,GZ11,GZ,,SA2,1461,0.9945,GZ1,,4478.0,4668.0,2104,15134,2,1
BOGAT_011,BOGAT_011_BKZ_4480-4640_200_1984-08-20_D_1_B_1.nlgx,BOGAT_011_BKZ_4480-4640_200_1984-08-20_D_1_B_1.jpg,BOGAT_011_BKZ_4480-4640_200_1984-08-20_D_1_B_1.las,GZ21,GZ,,SA1,580,1.0,GZ2,,4478.0,4668.0,2104,15134,1,1
BOGAT_011,BOGAT_011_BKZ_4480-4640_200_1984-08-20_D_1_B_1.nlgx,BOGAT_011_BKZ_4480-4640_200_1984-08-20_D_1_B_1.jpg,BOGAT_011_BKZ_4480-4640_200_1984-08-20_D_1_B_1.las,GZ31,GZ,,SA2,546,0.9927,GZ3,,4478.0,4668.0,2104,15134,2,1
BOGAT_011,BOGAT_011_BKZ_4600-4810_200_1984-09-18_D_1_B_1.nlgx,BOGAT_011_BKZ_4600-4810_200_1984-09-18_D_1_B_1.jpg,BOGAT_011_BKZ_4600-4810_200_1984-09-18_D_1_B_1.las,GZ21,GZ,,SA1,567,0.9471,GZ2,0.8852,4600.0,4812.0,2149,17138,2,1
BOGAT_011,BOGAT_011_BKZ_4600-4810_200_1984-09-18_D_1_B_1.nlgx,BOGAT_011_BKZ_4600-4810_200_1984-09-18_D_1_B_1.jpg,BOGAT_011_BKZ_4600-4810_200_1984-09-18_D_1_B_1.las,GZ11,GZ,,SA2,702,0.9957,GZ1,0.8063,4600.0,4812.0,2149,17138,1,1
BOGAT_011,BOGAT_011_BKZ_4600-4810_200_1984-09-18_D_1_B_1.nlgx,BOGAT_011_BKZ_4600-4810_200_1984-09-18_D_1_B_1.jpg,BOGAT_011_BKZ_4600-4810_200_1984-09-18_D_1_B_1.las,OGZ1,OGZ,,SA3,595,0.9849,OGZ,0.9647,4600.0,4812.0,2149,17138,2,1
BOGAT_011,BOGAT_011_BKZ_4600-4810_200_1984-09-18_D_1_B_1.nlgx,BOGAT_011_BKZ_4600-4810_200_1984-09-18_D_1_B_1.jpg,BOGAT_011_BKZ_4600-4810_200_1984-09-18_D_1_B_1.las,GZ31,GZ,,SA4,618,0.9968,GZ3,0.9792,4600.0,4812.0,2149,17138,2,1
BOGAT_011,BOGAT_011_BKZ_4600-4816_200_1984-09-21_D_11_B_1.nlgx,BOGAT_011_BKZ_4600-4816_200_1984-09-21_D_11_B_1.jpg,BOGAT_011_BKZ_4600-4816_200_1984-09-21_D_11_B_1.las,GZ11,GZ,,SA1,684,1.0,GZ1,,4600.0,4820.0,2120,17326,1,1
BOGAT_011,BOGAT_011_BKZ_4600-4816_200_1984-09-21_D_11_B_1.nlgx,BOGAT_011_BKZ_4600-4816_200_1984-09-21_D_11_B_1.jpg,BOGAT_011_BKZ_4600-4816_200_1984-09-21_D_11_B_1.las,GZ21,GZ,,SA2,741,0.9946,GZ2,,4600.0,4820.0,2120,17326,2,1
BOGAT_011,BOGAT_011_BKZ_4600-4816_200_1984-09-21_D_11_B_1.nlgx,BOGAT_011_BKZ_4600-4816_200_1984-09-21_D_11_B_1.jpg,BOGAT_011_BKZ_4600-4816_200_1984-09-21_D_11_B_1.las,GZ31,GZ,,SA3,576,1.0,GZ3,,4600.0,4820.0,2120,17326,2,1
BOGAT_011,BOGAT_011_BKZ_4600-4816_200_1984-09-21_D_11_B_1.nlgx,BOGAT_011_BKZ_4600-4816_200_1984-09-21_D_11_B_1.jpg,BOGAT_011_BKZ_4600-4816_200_1984-09-21_D_11_B_1.las,OGZ1,OGZ,,SA4,663,1.0,OGZ,,4600.0,4820.0,2120,17326,2,1
BOGAT_011,BOGAT_011_BKZ_4600-4816_200_1984-09-21_D_1_B_1.nlgx,BOGAT_011_BKZ_4600-4816_200_1984-09-21_D_1_B_1.jpg,BOGAT_011_BKZ_4600-4816_200_1984-09-21_D_1_B_1.las,GZ41,GZ,,SA1,1748,1.0,GZ4,,4599.6,4812.0,2185,17378,2,1
BOGAT_011,BOGAT_011_BKZ_4600-4816_200_1984-09-21_D_1_B_1.nlgx,BOGAT_011_BKZ_4600-4816_200_1984-09-21_D_1_B_1.jpg,BOGAT_011_BKZ_4600-4816_200_1984-09-21_D_1_B_1.las,GZ51,GZ,,SA2,6986,0.9997,GZ5,,4599.6,4812.0,2185,17378,3,1
BOGAT_011,BOGAT_011_BKZ_4600-4816_200_1984-09-21_D_1_B_1.nlgx,BOGAT_011_BKZ_4600-4816_200_1984-09-21_D_1_B_1.jpg,BOGAT_011_BKZ_4600-4816_200_1984-09-21_D_1_B_1.las,SP1,SP,,SA3,676,1.0,SP,,4599.6,4812.0,2185,17378,1,1
BOGAT_011,BOGAT_011_BKZ_4750-4904_200_1984-10-03_D_1_B_1.nlgx,BOGAT_011_BKZ_4750-4904_200_1984-10-03_D_1_B_1.jpg,BOGAT_011_BKZ_4750-4904_200_1984-10-03_D_1_B_1.las,GZ11,GZ,,SA1,2805,1.0,GZ1,,4748.0,4904.0,2220,13818,1,1
BOGAT_011,BOGAT_011_BKZ_4750-4904_200_1984-10-03_D_1_B_1.nlgx,BOGAT_011_BKZ_4750-4904_200_1984-10-03_D_1_B_1.jpg,BOGAT_011_BKZ_4750-4904_200_1984-10-03_D_1_B_1.las,GZ21,GZ,,SA2,1886,0.9984,GZ2,,4748.0,4904.0,2220,13818,2,1
BOGAT_011,BOGAT_011_BKZ_4750-4904_200_1984-10-03_D_1_B_1.nlgx,BOGAT_011_BKZ_4750-4904_200_1984-10-03_D_1_B_1.jpg,BOGAT_011_BKZ_4750-4904_200_1984-10-03_D_1_B_1.las,GZ31,GZ,,SA3,6033,1.0,GZ3,,4748.0,4904.0,2220,13818,2,1
BOGAT_011,BOGAT_011_BKZ_4750-4904_200_1984-10-03_D_1_B_1.nlgx,BOGAT_011_BKZ_4750-4904_200_1984-10-03_D_1_B_1.jpg,BOGAT_011_BKZ_4750-4904_200_1984-10-03_D_1_B_1.las,OGZ1,OGZ,,SA4,998,1.0,OGZ,,4748.0,4904.0,2220,13818,3,1
BOGAT_011,BOGAT_011_BKZ_4850-5015_200_1984-10-24_D_1_B_1.nlgx,BOGAT_011_BKZ_4850-5015_200_1984-10-24_D_1_B_1.jpg,BOGAT_011_BKZ_4850-5015_200_1984-10-24_D_1_B_1.las,GZ11,GZ,,SA1,932,0.9828,GZ1,0.9865,4850.0,5016.0,2089,14318,1,1
BOGAT_011,BOGAT_011_BKZ_4850-5015_200_1984-10-24_D_1_B_1.nlgx,BOGAT_011_BKZ_4850-5015_200_1984-10-24_D_1_B_1.jpg,BOGAT_011_BKZ_4850-5015_200_1984-10-24_D_1_B_1.las,GZ21,GZ,,SA2,1069,0.9747,GZ2,0.9838,4850.0,5016.0,2089,14318,2,1
BOGAT_011,BOGAT_011_BKZ_4850-5015_200_1984-10-24_D_1_B_1.nlgx,BOGAT_011_BKZ_4850-5015_200_1984-10-24_D_1_B_1.jpg,BOGAT_011_BKZ_4850-5015_200_1984-10-24_D_1_B_1.las,GZ31,GZ,,SA3,653,0.9985,GZ3,0.9905,4850.0,5016.0,2089,14318,2,1
BOGAT_011,BOGAT_011_BKZ_4850-5015_200_1984-10-24_D_1_B_1.nlgx,BOGAT_011_BKZ_4850-5015_200_1984-10-24_D_1_B_1.jpg,BOGAT_011_BKZ_4850-5015_200_1984-10-24_D_1_B_1.las,OGZ1,OGZ,,SA4,703,0.9986,OGZ,0.9941,4850.0,5016.0,2089,14318,2,1
BOGAT_011,BOGAT_011_BKZ_4950-5130_200_1984-11-23_D_1_B_1.nlgx,BOGAT_011_BKZ_4950-5130_200_1984-11-23_D_1_B_1.jpg,BOGAT_011_BKZ_4950-5130_200_1984-11-23_D_1_B_1.las,GZ11,GZ,,SA1,591,1.0,GZ1,0.963,4948.0,5144.0,2127,16383,1,1
BOGAT_011,BOGAT_011_BKZ_4950-5130_200_1984-11-23_D_1_B_1.nlgx,BOGAT_011_BKZ_4950-5130_200_1984-11-23_D_1_B_1.jpg,BOGAT_011_BKZ_4950-5130_200_1984-11-23_D_1_B_1.las,GZ21,GZ,,SA2,818,1.0,GZ2,0.9662,4948.0,5144.0,2127,16383,2,1
BOGAT_011,BOGAT_011_BKZ_4950-5130_200_1984-11-23_D_1_B_1.nlgx,BOGAT_011_BKZ_4950-5130_200_1984-11-23_D_1_B_1.jpg,BOGAT_011_BKZ_4950-5130_200_1984-11-23_D_1_B_1.las,GZ31,GZ,,SA3,539,1.0,GZ3,0.9845,4948.0,5144.0,2127,16383,3,1
BOGAT_011,BOGAT_011_BKZ_4950-5130_200_1984-11-23_D_1_B_1.nlgx,BOGAT_011_BKZ_4950-5130_200_1984-11-23_D_1_B_1.jpg,BOGAT_011_BKZ_4950-5130_200_1984-11-23_D_1_B_1.las,OGZ1,OGZ,,SA4,624,0.9936,OGZ,0.9943,4948.0,5144.0,2127,16383,2,1
BOGAT_011,BOGAT_011_BKZ_5080-5270_200_1984-12-11_D_1_B_1.nlgx,BOGAT_011_BKZ_5080-5270_200_1984-12-11_D_1_B_1.jpg,BOGAT_011_BKZ_5080-5270_200_1984-12-11_D_1_B_1.las,GZ11,GZ,,SA1,618,1.0,GZ1,0.9936,5080.0,5272.0,2090,16906,1,1
BOGAT_011,BOGAT_011_BKZ_5080-5270_200_1984-12-11_D_1_B_1.nlgx,BOGAT_011_BKZ_5080-5270_200_1984-12-11_D_1_B_1.jpg,BOGAT_011_BKZ_5080-5270_200_1984-12-11_D_1_B_1.las,GZ21,GZ,,SA2,2262,0.9934,GZ2,0.9727,5080.0,5272.0,2090,16906,2,1
BOGAT_011,BOGAT_011_BKZ_5080-5270_200_1984-12-11_D_1_B_1.nlgx,BOGAT_011_BKZ_5080-5270_200_1984-12-11_D_1_B_1.jpg,BOGAT_011_BKZ_5080-5270_200_1984-12-11_D_1_B_1.las,GZ31,GZ,,SA3,1289,0.9992,GZ3,0.9892,5080.0,5272.0,2090,16906,2,1
BOGAT_011,BOGAT_011_BKZ_5080-5270_200_1984-12-11_D_1_B_1.nlgx,BOGAT_011_BKZ_5080-5270_200_1984-12-11_D_1_B_1.jpg,BOGAT_011_BKZ_5080-5270_200_1984-12-11_D_1_B_1.las,OGZ1,OGZ,,SA4,766,0.9883,OGZ,0.989,5080.0,5272.0,2090,16906,2,1
BOGAT_011,BOGAT_011_BKZ_5100-5500_200_1985-07-25_D_1_B_2.nlgx,BOGAT_011_BKZ_5100-5500_200_1985-07-25_D_1_B_2.jpg,BOGAT_011_BKZ_5100-5500_200_1985-07-25_D_1_B_2.las,GZ11,GZ,,SA1,941,0.9989,GZ1,0.9355,5100.0,5500.0,2534,27695,1,1
BOGAT_011,BOGAT_011_BKZ_5100-5500_200_1985-07-25_D_1_B_2.nlgx,BOGAT_011_BKZ_5100-5500_200_1985-07-25_D_1_B_2.jpg,BOGAT_011_BKZ_5100-5500_200_1985-07-25_D_1_B_2.las,GZ21,GZ,,SA2,1022,1.0,GZ2,0.9834,5100.0,5500.0,2534,27695,1,1
BOGAT_011,BOGAT_011_BKZ_5100-5500_200_1985-07-25_D_1_B_2.nlgx,BOGAT_011_BKZ_5100-5500_200_1985-07-25_D_1_B_2.jpg,BOGAT_011_BKZ_5100-5500_200_1985-07-25_D_1_B_2.las,OGZ1,OGZ,,SA3,751,0.9694,OGZ,0.988,5100.0,5500.0,2534,27695,2,1
BOGAT_011,BOGAT_011_BKZ_5100-5500_200_1985-07-25_D_1_B_2.nlgx,BOGAT_011_BKZ_5100-5500_200_1985-07-25_D_1_B_2.jpg,BOGAT_011_BKZ_5100-5500_200_1985-07-25_D_1_B_2.las,GZ31,GZ,,SA4,842,0.9905,GZ3,0.9895,5100.0,5500.0,2534,27695,2,1
BOGAT_011,BOGAT_011_GGK_1240-3378_200_1984-03-14_D_1_B_1.nlgx,BOGAT_011_GGK_1240-3378_200_1984-03-14_D_1_B_1.TIF,BOGAT_011_GGK_1240-3378_200_1984-03-14_D_1_B_1.las,GGK1,GGK,,SA1,17757,0.9882,GGK,0.1312,1240.0,3380.0,1761,131387,1,1
BOGAT_011,BOGAT_011_GGK_3300-4204_200_1984-05-09_D_1_B_1.nlgx,BOGAT_011_GGK_3300-4204_200_1984-05-09_D_1_B_1.jpg,BOGAT_011_GGK_3300-4204_200_1984-05-09_D_1_B_1.las,GGK1,GGK,,SA1,6769,0.9854,GGK,0.7415,3300.0,4212.0,1800,57574,1,1
BOGAT_011,"BOGAT_011_GK, NGK_0000-1290_500_1983-12-02_D_1_B_1.nlgx","BOGAT_011_GK, NGK_0000-1290_500_1983-12-02_D_1_B_1.jpg","BOGAT_011_GK, NGK_0000-1290_500_1983-12-02_D_1_B_1.las",GK1,GK,,SA1,3000,0.9773,GK,0.9368,0.0,1310.0,2095,37100,1,1
BOGAT_011,"BOGAT_011_GK, NGK_0000-1290_500_1983-12-02_D_1_B_1.nlgx","BOGAT_011_GK, NGK_0000-1290_500_1983-12-02_D_1_B_1.jpg","BOGAT_011_GK, NGK_0000-1290_500_1983-12-02_D_1_B_1.las",NGK1,NGK,,SA2,3252,0.9963,NGK,0.9087,0.0,1310.0,2095,37100,1,1
BOGAT_011,"BOGAT_011_GK, NGK_0800-1300_200_1983-12-02_D_1_B_1.nlgx","BOGAT_011_GK, NGK_0800-1300_200_1983-12-02_D_1_B_1.jpg","BOGAT_011_GK, NGK_0800-1300_200_1983-12-02_D_1_B_1.las",GK1,GK,,SA1,2750,0.9887,GK,,800.0,1300.0,2110,35891,1,1
BOGAT_011,"BOGAT_011_GK, NGK_0800-1300_200_1983-12-02_D_1_B_1.nlgx","BOGAT_011_GK, NGK_0800-1300_200_1983-12-02_D_1_B_1.jpg","BOGAT_011_GK, NGK_0800-1300_200_1983-12-02_D_1_B_1.las",NGK1,NGK,,SA2,4659,0.9916,NGK,,800.0,1300.0,2110,35891,1,1
BOGAT_011,"BOGAT_011_GK, NGK_1240-3370_200_1984-03-14_D_1_B_1.nlgx","BOGAT_011_GK, NGK_1240-3370_200_1984-03-14_D_1_B_1.TIF","BOGAT_011_GK, NGK_1240-3370_200_1984-03-14_D_1_B_1.las",GK1,GK,,SA1,25244,0.9958,GK,0.8903,1240.0,3370.0,2078,132499,1,1
BOGAT_011,"BOGAT_011_GK, NGK_1240-3370_200_1984-03-14_D_1_B_1.nlgx","BOGAT_011_GK, NGK_1240-3370_200_1984-03-14_D_1_B_1.TIF","BOGAT_011_GK, NGK_1240-3370_200_1984-03-14_D_1_B_1.las",NGK1,NGK,,SA2,63598,0.9719,NGK,0.834,1240.0,3370.0,2078,132499,1,1
BOGAT_011,"BOGAT_011_GK, NGK_3300-4204_200_1984-05-09_D_1_B_1.nlgx","BOGAT_011_GK, NGK_3300-4204_200_1984-05-09_D_1_B_1.TIF","BOGAT_011_GK, NGK_3300-4204_200_1984-05-09_D_1_B_1.las",GK1,GK,,SA1,5630,0.8808,GK,0.9062,3300.0,4210.0,2123,62202,1,0
BOGAT_011,"BOGAT_011_GK, NGK_3300-4204_200_1984-05-09_D_1_B_1.nlgx","BOGAT_011_GK, NGK_3300-4204_200_1984-05-09_D_1_B_1.TIF","BOGAT_011_GK, NGK_3300-4204_200_1984-05-09_D_1_B_1.las",NGK1,NGK,,SA2,7231,0.7497,NGK,0.8698,3300.0,4210.0,2123,62202,1,0
BOGAT_011,"BOGAT_011_GK, NGK_4150-4655_200_1984-08-17_D_1_B_1.nlgx","BOGAT_011_GK, NGK_4150-4655_200_1984-08-17_D_1_B_1.jpg","BOGAT_011_GK, NGK_4150-4655_200_1984-08-17_D_1_B_1.las",GK1,GK,,SA1,2484,0.9984,GK,0.9681,4146.0,4658.0,2104,37005,1,1
BOGAT_011,"BOGAT_011_GK, NGK_4150-4655_200_1984-08-17_D_1_B_1.nlgx","BOGAT_011_GK, NGK_4150-4655_200_1984-08-17_D_1_B_1.jpg","BOGAT_011_GK, NGK_4150-4655_200_1984-08-17_D_1_B_1.las",NGK1,NGK,,SA2,2580,0.9969,NGK,0.9707,4146.0,4658.0,2104,37005,1,1
BOGAT_011,"BOGAT_011_GK, NGK_4600-4898_200_1984-09-28_D_1_B_1.nlgx","BOGAT_011_GK, NGK_4600-4898_200_1984-09-28_D_1_B_1.jpg","BOGAT_011_GK, NGK_4600-4898_200_1984-09-28_D_1_B_1.las",GK1,GK,,SA1,1268,0.9976,GK,0.9616,4600.0,4900.0,2137,25048,1,1
BOGAT_011,"BOGAT_011_GK, NGK_4600-4898_200_1984-09-28_D_1_B_1.nlgx","BOGAT_011_GK, NGK_4600-4898_200_1984-09-28_D_1_B_1.jpg","BOGAT_011_GK, NGK_4600-4898_200_1984-09-28_D_1_B_1.las",NGK1,NGK,,SA2,1796,0.9822,NGK,0.9887,4600.0,4900.0,2137,25048,1,1
BOGAT_011,"BOGAT_011_GK, NGK_4840-5325_200_1984-12-18_D_1_B_1.nlgx","BOGAT_011_GK, NGK_4840-5325_200_1984-12-18_D_1_B_1.jpg","BOGAT_011_GK, NGK_4840-5325_200_1984-12-18_D_1_B_1.las",GK1,GK,,SA1,2523,0.9988,GK,0.9475,4840.0,5328.0,2113,35455,1,1
BOGAT_011,"BOGAT_011_GK, NGK_4840-5325_200_1984-12-18_D_1_B_1.nlgx","BOGAT_011_GK, NGK_4840-5325_200_1984-12-18_D_1_B_1.jpg","BOGAT_011_GK, NGK_4840-5325_200_1984-12-18_D_1_B_1.las",NGK1,NGK,,SA2,2946,0.9895,NGK,0.9582,4840.0,5328.0,2113,35455,1,1
BOGAT_011,"BOGAT_011_GK, NGK_5100-5500_200_1985-07-09_D_1_B_2.nlgx","BOGAT_011_GK, NGK_5100-5500_200_1985-07-09_D_1_B_2.jpg","BOGAT_011_GK, NGK_5100-5500_200_1985-07-09_D_1_B_2.las",GK1,GK,,SA1,2164,0.9968,GK,0.9753,5100.0,5504.0,2549,30393,1,1
BOGAT_011,"BOGAT_011_GK, NGK_5100-5500_200_1985-07-09_D_1_B_2.nlgx","BOGAT_011_GK, NGK_5100-5500_200_1985-07-09_D_1_B_2.jpg","BOGAT_011_GK, NGK_5100-5500_200_1985-07-09_D_1_B_2.las",NGK1,NGK,,SA2,2386,0.9962,NGK,0.9725,5100.0,5504.0,2549,30393,1,1
BOGAT_011,"BOGAT_011_GK, NGK_5100-5500_500_1985-07-03_D_1_B_2.nlgx","BOGAT_011_GK, NGK_5100-5500_500_1985-07-03_D_1_B_2.jpg","BOGAT_011_GK, NGK_5100-5500_500_1985-07-03_D_1_B_2.las",NGK1,NGK,,SA1,539,0.885,NGK,0.8706,5100.0,5510.0,2544,13338,1,0
BOGAT_011,"BOGAT_011_GK, NGK_5100-5500_500_1985-07-03_D_1_B_2.nlgx","BOGAT_011_GK, NGK_5100-5500_500_1985-07-03_D_1_B_2.jpg","BOGAT_011_GK, NGK_5100-5500_500_1985-07-03_D_1_B_2.las",GK1,GK,,SA2,560,0.9375,GK,0.9281,5100.0,5510.0,2544,13338,1,1
BOGAT_011,BOGAT_011_GK_5100-5500_200_1985-07-03_D_1_B_2.nlgx,BOGAT_011_GK_5100-5500_200_1985-07-03_D_1_B_2.jpg,BOGAT_011_GK_5100-5500_200_1985-07-03_D_1_B_2.las,GK1,GK,,SA1,2418,0.9905,GK,0.9649,5100.0,5438.0,1619,24603,1,1
BOGAT_011,BOGAT_011_GK_5100-5500_500_1985-07-03_D_1_B_2.nlgx,BOGAT_011_GK_5100-5500_500_1985-07-03_D_1_B_2.jpg,BOGAT_011_GK_5100-5500_500_1985-07-03_D_1_B_2.las,GK1,GK,,SA1,1363,0.9949,GK,0.8407,5099.0,5507.0,1592,14045,1,1
BOGAT_011,BOGAT_011_GZKPB_0000-4949_10000_1985-07-23_D_1_B_2.nlgx,BOGAT_011_GZKPB_0000-4949_10000_1985-07-23_D_1_B_2.jpg,BOGAT_011_GZKPB_0000-4949_10000_1985-07-23_D_1_B_2.las,G_SUM1,G_SUM,,SA1,66,1.0,G_SUM,0.9764,0.0,5000.0,2085,11877,1,1
BOGAT_011,BOGAT_011_IK_2350-2633_200_1984-01-24_D_1_B_1.nlgx,BOGAT_011_IK_2350-2633_200_1984-01-24_D_1_B_1.jpg,BOGAT_011_IK_2350-2633_200_1984-01-24_D_1_B_1.las,IK1,IK,,SA1,1060,1.0,IK,0.9723,2350.0,2640.0,1569,21948,1,1
BOGAT_011,BOGAT_011_IK_2570-2868_200_1984-02-06_D_1_B_1.nlgx,BOGAT_011_IK_2570-2868_200_1984-02-06_D_1_B_1.jpg,BOGAT_011_IK_2570-2868_200_1984-02-06_D_1_B_1.las,IK1,IK,,SA1,677,0.997,IK,0.9693,2570.0,2870.0,1603,21933,2,1
BOGAT_011,BOGAT_011_IK_2800-3497_200_1984-03-23_D_1_B_1.nlgx,BOGAT_011_IK_2800-3497_200_1984-03-23_D_1_B_1.jpg,BOGAT_011_IK_2800-3497_200_1984-03-23_D_1_B_1.las,IK1,IK,,SA1,1462,0.9938,IK,0.9402,2800.0,3500.0,1563,45820,1,1
BOGAT_011,BOGAT_011_IK_3450-3686_200_1984-04-04_D_1_B_1.nlgx,BOGAT_011_IK_3450-3686_200_1984-04-04_D_1_B_1.jpg,BOGAT_011_IK_3450-3686_200_1984-04-04_D_1_B_1.las,IK1,IK,,SA1,1059,1.0,IK,0.8422,3450.0,3690.0,1645,18902,1,1
BOGAT_011,BOGAT_011_IK_3630-4200_200_1984-05-10_D_1_B_1.nlgx,BOGAT_011_IK_3630-4200_200_1984-05-10_D_1_B_1.jpg,BOGAT_011_IK_3630-4200_200_1984-05-10_D_1_B_1.las,IK1,IK,,SA1,6192,0.9992,IK,0.9633,3630.0,4210.0,1777,38172,1,1
BOGAT_011,BOGAT_011_IK_4170-4377_200_1984-07-11_D_1_B_1.nlgx,BOGAT_011_IK_4170-4377_200_1984-07-11_D_1_B_1.jpg,BOGAT_011_IK_4170-4377_200_1984-07-11_D_1_B_1.las,IK1,IK,,SA1,974,0.9979,IK,,4170.0,4380.0,1621,16578,2,1
BOGAT_011,BOGAT_011_IK_4300-4674_200_1984-08-20_D_1_B_1.nlgx,BOGAT_011_IK_4300-4674_200_1984-08-20_D_1_B_1.jpg,BOGAT_011_IK_4300-4674_200_1984-08-20_D_1_B_1.las,IK1,IK,,SA1,1348,0.9963,IK,0.898,4300.0,4676.0,1872,26591,2,1
BOGAT_011,BOGAT_011_IK_4600-4820_200_1984-09-18_D_1_B_1.nlgx,BOGAT_011_IK_4600-4820_200_1984-09-18_D_1_B_1.jpg,BOGAT_011_IK_4600-4820_200_1984-09-18_D_1_B_1.las,IK1,IK,,SA1,1141,0.9991,IK,0.8303,4600.0,4820.0,1575,17544,2,1
BOGAT_011,BOGAT_011_IK_4750-5140_200_1984-11-23_D_1_B_1.nlgx,BOGAT_011_IK_4750-5140_200_1984-11-23_D_1_B_1.jpg,BOGAT_011_IK_4750-5140_200_1984-11-23_D_1_B_1.las,IK1,IK,,SA1,1548,0.9961,IK,0.981,4750.0,5150.0,1532,27088,1,1
BOGAT_011,BOGAT_011_IK_5100-5490_200_1985-07-23_D_1_B_2.nlgx,BOGAT_011_IK_5100-5490_200_1985-07-23_D_1_B_2.jpg,BOGAT_011_IK_5100-5490_200_1985-07-23_D_1_B_2.las,IK1,IK,,SA1,2679,0.9974,IK,,5100.0,5510.0,1547,28066,2,1
BOGAT_011,BOGAT_011_INNK_3630-4222_200_1984-05-09_D_1_B_1.nlgx,BOGAT_011_INNK_3630-4222_200_1984-05-09_D_1_B_1.jpg,BOGAT_011_INNK_3630-4222_200_1984-05-09_D_1_B_1.las,ZAT21001,ZAT,,SA1,458,0.9694,ZAT2100,0.5627,3628.0,4224.0,2095,38564,1,1
BOGAT_011,BOGAT_011_INNK_3630-4222_200_1984-05-09_D_1_B_1.nlgx,BOGAT_011_INNK_3630-4222_200_1984-05-09_D_1_B_1.jpg,BOGAT_011_INNK_3630-4222_200_1984-05-09_D_1_B_1.las,ZAT18001,ZAT,,SA2,1209,0.9851,ZAT1800,0.6645,3628.0,4224.0,2095,38564,1,1
BOGAT_011,BOGAT_011_INNK_3630-4222_200_1984-05-09_D_1_B_1.nlgx,BOGAT_011_INNK_3630-4222_200_1984-05-09_D_1_B_1.jpg,BOGAT_011_INNK_3630-4222_200_1984-05-09_D_1_B_1.las,ZAT6001,ZAT,,SA3,2779,0.9845,ZAT600,0.8798,3628.0,4224.0,2095,38564,1,1
BOGAT_011,BOGAT_011_INNK_3630-4222_200_1984-05-09_D_1_B_1.nlgx,BOGAT_011_INNK_3630-4222_200_1984-05-09_D_1_B_1.jpg,BOGAT_011_INNK_3630-4222_200_1984-05-09_D_1_B_1.las,TAU1,TAU,,SA4,1247,0.9992,TAU,0.9729,3628.0,4224.0,2095,38564,1,1
BOGAT_011,BOGAT_011_INNK_4150-5325_200_1984-12-18_D_11_B_1.nlgx,BOGAT_011_INNK_4150-5325_200_1984-12-18_D_11_B_1.TIF,BOGAT_011_INNK_4150-5325_200_1984-12-18_D_11_B_1.las,ZAT15001,ZAT,,SA1,4055,0.9891,ZAT1500,0.8169,4150.0,5314.0,2480,75222,1,1
BOGAT_011,BOGAT_011_INNK_4150-5325_200_1984-12-18_D_11_B_1.nlgx,BOGAT_011_INNK_4150-5325_200_1984-12-18_D_11_B_1.TIF,BOGAT_011_INNK_4150-5325_200_1984-12-18_D_11_B_1.las,ZAT13501,ZAT,,SA2,3366,0.9643,ZAT1350,0.8578,4150.0,5314.0,2480,75222,1,1
BOGAT_011,BOGAT_011_INNK_4150-5325_200_1984-12-18_D_11_B_1.nlgx,BOGAT_011_INNK_4150-5325_200_1984-12-18_D_11_B_1.TIF,BOGAT_011_INNK_4150-5325_200_1984-12-18_D_11_B_1.las,ZAT12001,ZAT,,SA3,3311,0.9864,ZAT1200,0.8532,4150.0,5314.0,2480,75222,2,1
BOGAT_011,BOGAT_011_INNK_4150-5325_200_1984-12-18_D_11_B_1.nlgx,BOGAT_011_INNK_4150-5325_200_1984-12-18_D_11_B_1.TIF,BOGAT_011_INNK_4150-5325_200_1984-12-18_D_11_B_1.las,ZAT10501,ZAT,,SA4,4182,0.9718,ZAT1050,0.8729,4150.0,5314.0,2480,75222,1,1
BOGAT_011,BOGAT_011_INNK_4150-5325_200_1984-12-18_D_1_B_1.nlgx,BOGAT_011_INNK_4150-5325_200_1984-12-18_D_1_B_1.TIF,BOGAT_011_INNK_4150-5325_200_1984-12-18_D_1_B_1.las,ZAT18001,ZAT,,SA1,7593,0.9942,ZAT1800,0.7674,4146.0,5318.0,2480,75433,2,1
BOGAT_011,BOGAT_011_INNK_4150-5325_200_1984-12-18_D_1_B_1.nlgx,BOGAT_011_INNK_4150-5325_200_1984-12-18_D_1_B_1.TIF,BOGAT_011_INNK_4150-5325_200_1984-12-18_D_1_B_1.las,ZAT16501,ZAT,,SA2,7947,0.9883,ZAT1650,0.7105,4146.0,5318.0,2480,75433,2,1
BOGAT_011,BOGAT_011_INNK_4150-5325_200_1984-12-18_D_1_B_1.nlgx,BOGAT_011_INNK_4150-5325_200_1984-12-18_D_1_B_1.TIF,BOGAT_011_INNK_4150-5325_200_1984-12-18_D_1_B_1.las,TAU1,TAU,,SA3,9582,0.999,TAU,0.9817,4146.0,5318.0,2480,75433,2,1
BOGAT_011,BOGAT_011_MBK_2400-2868_200_1984-02-06_D_1_B_1.nlgx,BOGAT_011_MBK_2400-2868_200_1984-02-06_D_1_B_1.jpg,BOGAT_011_MBK_2400-2868_200_1984-02-06_D_1_B_1.las,MBK1,MBK,,SA1,2435,0.9556,MBK,,2400.0,2868.0,1754,31687,3,1
BOGAT_011,BOGAT_011_MBK_2800-3193_200_1984-03-02_D_1_B_1.nlgx,BOGAT_011_MBK_2800-3193_200_1984-03-02_D_1_B_1.jpg,BOGAT_011_MBK_2800-3193_200_1984-03-02_D_1_B_1.las,MBK1,MBK,,SA1,3446,0.993,MBK,,2800.0,3200.0,1728,27325,3,1
BOGAT_011,BOGAT_011_MBK_3150-3676_200_1984-04-04_D_1_B_1.nlgx,BOGAT_011_MBK_3150-3676_200_1984-04-04_D_1_B_1.jpg,BOGAT_011_MBK_3150-3676_200_1984-04-04_D_1_B_1.las,MBK1,MBK,,SA1,4132,0.9775,MBK,0.5382,3150.0,3680.0,1675,35387,3,1
BOGAT_011,BOGAT_011_MBK_3630-4200_200_1984-08-10_D_1_B_1.nlgx,BOGAT_011_MBK_3630-4200_200_1984-08-10_D_1_B_1.jpg,BOGAT_011_MBK_3630-4200_200_1984-08-10_D_1_B_1.las,MBK1,MBK,,SA1,5350,0.9486,MBK,0.5151,3630.0,4204.0,1659,38400,3,1
BOGAT_011,BOGAT_011_MBK_4170-4386_200_1984-07-11_D_1_B_1.nlgx,BOGAT_011_MBK_4170-4386_200_1984-07-11_D_1_B_1.jpg,BOGAT_011_MBK_4170-4386_200_1984-07-11_D_1_B_1.las,MBK1,MBK,,SA1,2306,0.9701,MBK,,4170.0,4386.0,1567,17056,3,1
BOGAT_011,BOGAT_011_MBK_4325-4532_200_1984-07-27_D_1_B_1.nlgx,BOGAT_011_MBK_4325-4532_200_1984-07-27_D_1_B_1.jpg,BOGAT_011_MBK_4325-4532_200_1984-07-27_D_1_B_1.las,MBK1,MBK,,SA1,1927,0.9907,MBK,,4324.0,4532.0,1584,16781,3,1
BOGAT_011,BOGAT_011_MBK_4480-4680_200_1984-08-02_D_1_B_1.nlgx,BOGAT_011_MBK_4480-4680_200_1984-08-02_D_1_B_1.jpg,BOGAT_011_MBK_4480-4680_200_1984-08-02_D_1_B_1.las,MBK1,MBK,,SA1,1256,0.957,MBK,,4480.0,4672.0,1779,14906,3,1
BOGAT_011,BOGAT_011_MBK_4608-4813_200_1984-09-18_D_1_B_1.nlgx,BOGAT_011_MBK_4608-4813_200_1984-09-18_D_1_B_1.jpg,BOGAT_011_MBK_4608-4813_200_1984-09-18_D_1_B_1.las,MBK1,MBK,,SA1,1288,0.9208,MBK,,4600.0,4816.0,1574,17137,3,1
BOGAT_011,BOGAT_011_MBK_4750-5015_200_1984-10-24_D_1_B_1.nlgx,BOGAT_011_MBK_4750-5015_200_1984-10-24_D_1_B_1.jpg,BOGAT_011_MBK_4750-5015_200_1984-10-24_D_1_B_1.las,MBK1,MBK,,SA1,4925,0.9874,MBK,0.8471,4720.0,5020.0,1727,22219,3,1
BOGAT_011,BOGAT_011_MBK_4950-5140_200_1984-11-24_D_1_B_1.nlgx,BOGAT_011_MBK_4950-5140_200_1984-11-24_D_1_B_1.jpg,BOGAT_011_MBK_4950-5140_200_1984-11-24_D_1_B_1.las,MBK1,MBK,,SA1,1095,0.9982,MBK,,4946.0,5142.0,1774,16035,3,1
BOGAT_011,BOGAT_011_MBK_5100-5490_200_1984-07-24_D_1_B_2.nlgx,BOGAT_011_MBK_5100-5490_200_1984-07-24_D_1_B_2.jpg,BOGAT_011_MBK_5100-5490_200_1984-07-24_D_1_B_2.las,MBK1,MBK,,SA1,3418,0.9865,MBK,,5100.0,5508.0,1651,29115,3,1
BOGAT_011,BOGAT_011_MK_2400-2865_200_1984-02-06_D_1_B_1.nlgx,BOGAT_011_MK_2400-2865_200_1984-02-06_D_1_B_1.jpg,BOGAT_011_MK_2400-2865_200_1984-02-06_D_1_B_1.las,MGZ1,MGZ,,SA1,4303,0.9665,MGZ,,2400.0,2872.0,1597,32885,2,1
BOGAT_011,BOGAT_011_MK_2400-2865_200_1984-02-06_D_1_B_1.nlgx,BOGAT_011_MK_2400-2865_200_1984-02-06_D_1_B_1.jpg,BOGAT_011_MK_2400-2865_200_1984-02-06_D_1_B_1.las,MPZ1,MPZ,,SA2,3097,0.9926,MPZ,,2400.0,2872.0,1597,32885,2,1
BOGAT_011,BOGAT_011_MK_2400-2865_200_1984-02-06_D_1_B_1.nlgx,BOGAT_011_MK_2400-2865_200_1984-02-06_D_1_B_1.jpg,BOGAT_011_MK_2400-2865_200_1984-02-06_D_1_B_1.las,SP1,SP,,SA3,788,1.0,SP,,2400.0,2872.0,1597,32885,1,1
BOGAT_011,BOGAT_011_MK_2800-3194_200_1984-03-02_D_1_B_1.nlgx,BOGAT_011_MK_2800-3194_200_1984-03-02_D_1_B_1.jpg,BOGAT_011_MK_2800-3194_200_1984-03-02_D_1_B_1.las,MGZ1,MGZ,,SA1,2657,0.9729,MGZ,,2800.0,3194.0,1644,27860,2,1
BOGAT_011,BOGAT_011_MK_2800-3194_200_1984-03-02_D_1_B_1.nlgx,BOGAT_011_MK_2800-3194_200_1984-03-02_D_1_B_1.jpg,BOGAT_011_MK_2800-3194_200_1984-03-02_D_1_B_1.las,MPZ1,MPZ,,SA2,2590,0.9927,MPZ,,2800.0,3194.0,1644,27860,2,1
BOGAT_011,BOGAT_011_MK_2800-3194_200_1984-03-02_D_1_B_1.nlgx,BOGAT_011_MK_2800-3194_200_1984-03-02_D_1_B_1.jpg,BOGAT_011_MK_2800-3194_200_1984-03-02_D_1_B_1.las,SP1,SP,,SA3,524,1.0,SP,,2800.0,3194.0,1644,27860,1,1
BOGAT_011,BOGAT_011_MK_3150-4200_200_1984-05-10_D_1_B_1.nlgx,BOGAT_011_MK_3150-4200_200_1984-05-10_D_1_B_1.TIF,BOGAT_011_MK_3150-4200_200_1984-05-10_D_1_B_1.las,MPZ1,MPZ,,SA1,5552,0.8458,MPZ,0.4404,3150.0,4206.0,1587,68236,1,0
BOGAT_011,BOGAT_011_MK_3150-4200_200_1984-05-10_D_1_B_1.nlgx,BOGAT_011_MK_3150-4200_200_1984-05-10_D_1_B_1.TIF,BOGAT_011_MK_3150-4200_200_1984-05-10_D_1_B_1.las,MGZ1,MGZ,,SA2,7071,0.7432,MGZ,0.5945,3150.0,4206.0,1587,68236,1,0
BOGAT_011,BOGAT_011_MK_4170-4386_200_1984-07-11_D_1_B_1.nlgx,BOGAT_011_MK_4170-4386_200_1984-07-11_D_1_B_1.jpg,BOGAT_011_MK_4170-4386_200_1984-07-11_D_1_B_1.las,SP1,SP,,SA1,134,1.0,SP,0.9519,4174.0,4386.0,1595,17328,1,1
BOGAT_011,BOGAT_011_MK_4170-4386_200_1984-07-11_D_1_B_1.nlgx,BOGAT_011_MK_4170-4386_200_1984-07-11_D_1_B_1.jpg,BOGAT_011_MK_4170-4386_200_1984-07-11_D_1_B_1.las,MPZ1,MPZ,,SA2,1074,0.9991,MPZ,0.9642,4174.0,4386.0,1595,17328,1,1
BOGAT_011,BOGAT_011_MK_4170-4386_200_1984-07-11_D_1_B_1.nlgx,BOGAT_011_MK_4170-4386_200_1984-07-11_D_1_B_1.jpg,BOGAT_011_MK_4170-4386_200_1984-07-11_D_1_B_1.las,MGZ1,MGZ,,SA3,1402,0.9964,MGZ,0.9192,4174.0,4386.0,1595,17328,2,1
BOGAT_011,BOGAT_011_MK_4850-5140_200_1984-11-23_D_1_B_1.nlgx,BOGAT_011_MK_4850-5140_200_1984-11-23_D_1_B_1.jpg,BOGAT_011_MK_4850-5140_200_1984-11-23_D_1_B_1.las,MGZ1,MGZ,,SA1,2835,0.9996,MGZ,0.5354,4850.0,5150.0,1645,21621,1,1
BOGAT_011,BOGAT_011_MK_4850-5140_200_1984-11-23_D_1_B_1.nlgx,BOGAT_011_MK_4850-5140_200_1984-11-23_D_1_B_1.jpg,BOGAT_011_MK_4850-5140_200_1984-11-23_D_1_B_1.las,MPZ1,MPZ,,SA2,2027,0.9975,MPZ,0.6047,4850.0,5150.0,1645,21621,1,1
BOGAT_011,BOGAT_011_MK_4850-5140_200_1984-11-23_D_1_B_1.nlgx,BOGAT_011_MK_4850-5140_200_1984-11-23_D_1_B_1.jpg,BOGAT_011_MK_4850-5140_200_1984-11-23_D_1_B_1.las,SP1,SP,,SA3,632,1.0,SP,0.8815,4850.0,5150.0,1645,21621,1,1
BOGAT_011,BOGAT_011_MK_5080-5200_200_1984-12-11_D_1_B_1.nlgx,BOGAT_011_MK_5080-5200_200_1984-12-11_D_1_B_1.jpg,BOGAT_011_MK_5080-5200_200_1984-12-11_D_1_B_1.las,SP1,SP,,SA1,109,1.0,SP,0.9822,5080.0,5204.0,1574,11680,1,1
BOGAT_011,BOGAT_011_MK_5080-5200_200_1984-12-11_D_1_B_1.nlgx,BOGAT_011_MK_5080-5200_200_1984-12-11_D_1_B_1.jpg,BOGAT_011_MK_5080-5200_200_1984-12-11_D_1_B_1.las,MPZ1,MPZ,,SA2,830,0.9988,MPZ,0.9621,5080.0,5204.0,1574,11680,1,1
BOGAT_011,BOGAT_011_MK_5080-5200_200_1984-12-11_D_1_B_1.nlgx,BOGAT_011_MK_5080-5200_200_1984-12-11_D_1_B_1.jpg,BOGAT_011_MK_5080-5200_200_1984-12-11_D_1_B_1.las,MGZ1,MGZ,,SA3,1234,0.9959,MGZ,0.961,5080.0,5204.0,1574,11680,1,1
BOGAT_011,BOGAT_011_NK-T_1240-4204_200_1984-05-09_D_1_B_1.nlgx,BOGAT_011_NK-T_1240-4204_200_1984-05-09_D_1_B_1.TIF,BOGAT_011_NK-T_1240-4204_200_1984-05-09_D_1_B_1.las,NK-T1,NK-T,,SA1,24405,0.9368,NK-T,0.7799,1236.0,4212.0,2074,180222,1,1
BOGAT_011,BOGAT_011_PRM_0146-1289_500_1983-12-02_D_1_B_1.nlgx,BOGAT_011_PRM_0146-1289_500_1983-12-02_D_1_B_1.jpg,BOGAT_011_PRM_0146-1289_500_1983-12-02_D_1_B_1.las,CALI1,CALI,,SA1,3936,0.9985,CALI,0.9469,130.0,1300.0,2048,33239,1,1
BOGAT_011,BOGAT_011_PRM_1293-2610_500_1984-01-24_D_1_B_1.nlgx,BOGAT_011_PRM_1293-2610_500_1984-01-24_D_1_B_1.jpg,BOGAT_011_PRM_1293-2610_500_1984-01-24_D_1_B_1.las,CALI1,CALI,,SA1,2077,0.9942,CALI,0.7517,1300.0,2620.0,2106,36605,1,1
BOGAT_011,BOGAT_011_PRM_1300-1855_500_1983-12-26_D_1_B_1.nlgx,BOGAT_011_PRM_1300-1855_500_1983-12-26_D_1_B_1.jpg,BOGAT_011_PRM_1300-1855_500_1983-12-26_D_1_B_1.las,CALI1,CALI,,SA1,1016,1.0,CALI,0.7575,1300.0,1860.0,2140,18354,1,1
BOGAT_011,BOGAT_011_PRM_1300-2300_500_1984-01-09_D_1_B_1.nlgx,BOGAT_011_PRM_1300-2300_500_1984-01-09_D_1_B_1.jpg,BOGAT_011_PRM_1300-2300_500_1984-01-09_D_1_B_1.las,CALI1,CALI,,SA1,1999,0.991,CALI,0.7677,1300.0,2300.0,2065,30055,1,1
BOGAT_011,BOGAT_011_PRM_1300-2865_500_1984-02-06_D_1_B_1.nlgx,BOGAT_011_PRM_1300-2865_500_1984-02-06_D_1_B_1.jpg,BOGAT_011_PRM_1300-2865_500_1984-02-06_D_1_B_1.las,CALI1,CALI,,SA1,3224,1.0,CALI,0.9255,1300.0,2870.0,2114,43201,1,1
BOGAT_011,BOGAT_011_PRM_1300-3490_500_1984-03-23_D_1_B_1.nlgx,BOGAT_011_PRM_1300-3490_500_1984-03-23_D_1_B_1.jpg,BOGAT_011_PRM_1300-3490_500_1984-03-23_D_1_B_1.las,CALI1,CALI,,SA1,7403,0.9991,CALI,0.7542,1289.0,3495.0,2061,56380,1,1
BOGAT_011,BOGAT_011_PRM_1300-3680_500_1984-04-04_D_1_B_1.nlgx,BOGAT_011_PRM_1300-3680_500_1984-04-04_D_1_B_1.TIF,BOGAT_011_PRM_1300-3680_500_1984-04-04_D_1_B_1.las,CALI1,CALI,,SA1,6445,0.9964,CALI,0.7994,1300.0,3680.0,2126,60726,1,1
BOGAT_011,BOGAT_011_PRM_1300-3898_500_1984-04-17_D_1_B_1.nlgx,BOGAT_011_PRM_1300-3898_500_1984-04-17_D_1_B_1.TIF,BOGAT_011_PRM_1300-3898_500_1984-04-17_D_1_B_1.las,CALI1,CALI,,SA1,9163,0.9908,CALI,0.9644,1290.0,3910.0,2032,66409,1,1
BOGAT_011,BOGAT_011_PRM_2000-3190_500_1984-03-02_D_1_B_1.nlgx,BOGAT_011_PRM_2000-3190_500_1984-03-02_D_1_B_1.jpg,BOGAT_011_PRM_2000-3190_500_1984-03-02_D_1_B_1.las,CALI1,CALI,,SA1,2705,0.9878,CALI,0.8965,1990.0,3200.0,2051,33462,1,1
BOGAT_011,BOGAT_011_PRM_4160-5240_500_1984-12-11_D_1_B_1.nlgx,BOGAT_011_PRM_4160-5240_500_1984-12-11_D_1_B_1.jpg,BOGAT_011_PRM_4160-5240_500_1984-12-11_D_1_B_1.las,CALI1,CALI,,SA1,4564,0.9996,CALI,0.8547,4160.0,5240.0,2131,30432,1,1
BOGAT_011,BOGAT_011_PRM_4170-4375_500_1984-07-11_D_1_B_1.nlgx,BOGAT_011_PRM_4170-4375_500_1984-07-11_D_1_B_1.TIF,BOGAT_011_PRM_4170-4375_500_1984-07-11_D_1_B_1.las,CALI1,CALI,,SA1,12653,0.9969,CALI,0.9243,1280.0,4210.0,2022,72718,1,1
BOGAT_011,BOGAT_011_PRM_4170-4490_500_1984-07-27_D_1_B_1.nlgx,BOGAT_011_PRM_4170-4490_500_1984-07-27_D_1_B_1.jpg,BOGAT_011_PRM_4170-4490_500_1984-07-27_D_1_B_1.las,CALI1,CALI,,SA1,1156,1.0,CALI,0.9854,4160.0,4495.0,2043,11639,1,1
BOGAT_011,BOGAT_011_PRM_4170-4640_500_1984-08-20_D_1_B_1.nlgx,BOGAT_011_PRM_4170-4640_500_1984-08-20_D_1_B_1.jpg,BOGAT_011_PRM_4170-4640_500_1984-08-20_D_1_B_1.las,CALI1,CALI,,SA1,2631,1.0,CALI,0.8355,4170.0,4660.0,2061,15809,1,1
BOGAT_011,BOGAT_011_PRM_4170-4890_500_1984-10-03_D_1_B_1.nlgx,BOGAT_011_PRM_4170-4890_500_1984-10-03_D_1_B_1.jpg,BOGAT_011_PRM_4170-4890_500_1984-10-03_D_1_B_1.las,CALI1,CALI,,SA1,1842,0.9951,CALI,0.8731,4170.0,4890.0,2122,21733,1,1
BOGAT_011,BOGAT_011_PRM_4170-5015_500_1984-10-24_D_1_B_1.nlgx,BOGAT_011_PRM_4170-5015_500_1984-10-24_D_1_B_1.jpg,BOGAT_011_PRM_4170-5015_500_1984-10-24_D_1_B_1.las,CALI1,CALI,,SA1,3561,0.9963,CALI,0.9314,4170.0,5020.0,2128,25550,1,1
BOGAT_011,BOGAT_011_PRM_4170-5210_500_1985-02-19_D_1_B_1.nlgx,BOGAT_011_PRM_4170-5210_500_1985-02-19_D_1_B_1.jpg,BOGAT_011_PRM_4170-5210_500_1985-02-19_D_1_B_1.las,CALI1,CALI,,SA1,2367,0.9421,CALI,0.9167,4170.0,5210.0,2537,28704,1,1
BOGAT_011,BOGAT_011_PRM_4170-5350_500_1984-12-25_D_1_B_1.nlgx,BOGAT_011_PRM_4170-5350_500_1984-12-25_D_1_B_1.jpg,BOGAT_011_PRM_4170-5350_500_1984-12-25_D_1_B_1.las,CALI1,CALI,,SA1,3541,0.9986,CALI,0.8224,4164.0,5354.0,2151,32214,1,1
BOGAT_011,BOGAT_011_PRM_4175-4815_500_1984-09-18_D_1_B_1.nlgx,BOGAT_011_PRM_4175-4815_500_1984-09-18_D_1_B_1.jpg,BOGAT_011_PRM_4175-4815_500_1984-09-18_D_1_B_1.las,CALI1,CALI,,SA1,2332,0.997,CALI,,4170.0,4820.0,2063,18861,1,1
BOGAT_011,BOGAT_011_PRM_4175-5126_500_1984-11-24_D_1_B_1.nlgx,BOGAT_011_PRM_4175-5126_500_1984-11-24_D_1_B_1.jpg,BOGAT_011_PRM_4175-5126_500_1984-11-24_D_1_B_1.las,CALI1,CALI,,SA1,3770,0.9944,CALI,0.9238,4170.0,5130.0,2162,27271,1,1
BOGAT_011,BOGAT_011_TK_0000-1295_500_1983-12-02_D_1_B_1.nlgx,BOGAT_011_TK_0000-1295_500_1983-12-02_D_1_B_1.jpg,BOGAT_011_TK_0000-1295_500_1983-12-02_D_1_B_1.las,TMSS1,TMSS,,SA1,563,1.0,TMSS,,0.0,1300.0,2045,36194,4,1
BOGAT_011,BOGAT_011_TK_1290-4200_500_1984-05-10_D_1_B_1.nlgx,BOGAT_011_TK_1290-4200_500_1984-05-10_D_1_B_1.TIF,BOGAT_011_TK_1290-4200_500_1984-05-10_D_1_B_1.las,TM1,TM,,SA1,1652,0.997,TM,1.0,1250.0,4210.0,2048,73773,11,1
BOGAT_011,BOGAT_011_ZSK_0010-5490_500_1985-07-23_D_1_B_2.nlgx,BOGAT_011_ZSK_0010-5490_500_1985-07-23_D_1_B_2.TIF,BOGAT_011_ZSK_0010-5490_500_1985-07-23_D_1_B_2.las,GZ1,GZ,,SA1,5555,0.9485,GZ,0.6351,0.0,5500.0,1543,136568,3,1
BOGAT_011,BOGAT_011_ZSK_0010-5490_500_1985-07-23_D_1_B_2.nlgx,BOGAT_011_ZSK_0010-5490_500_1985-07-23_D_1_B_2.TIF,BOGAT_011_ZSK_0010-5490_500_1985-07-23_D_1_B_2.las,PZ1,PZ,,SA2,6677,0.9344,PZ,0.6823,0.0,5500.0,1543,136568,3,1
BOGAT_011,BOGAT_011_ZSK_0010-5490_500_1985-07-23_D_1_B_2.nlgx,BOGAT_011_ZSK_0010-5490_500_1985-07-23_D_1_B_2.TIF,BOGAT_011_ZSK_0010-5490_500_1985-07-23_D_1_B_2.las,SP1,SP,,SA3,3493,0.9937,SP,0.1292,0.0,5500.0,1543,136568,1,1
BOGAT_012,BOGAT_012_ZSK_0150-4780_500_1977-07-07_D_1.nlgx,BOGAT_012_ZSK_0150-4780_500_1977-07-07_D_1.tif,BOGAT_012_ZSK_0150-4780_500_1977-07-07_D_1.las,SP1,SP,,SA1,7451,0.9573,SP,0.9924,149.0,4780.0,1583,114485,11,1
BOGAT_012,BOGAT_012_ZSK_0150-4780_500_1977-07-07_D_1.nlgx,BOGAT_012_ZSK_0150-4780_500_1977-07-07_D_1.tif,BOGAT_012_ZSK_0150-4780_500_1977-07-07_D_1.las,PZ1,PZ,,SA2,9336,0.9999,PZ,0.9906,149.0,4780.0,1583,114485,3,1
BOGAT_012,BOGAT_012_ZSK_0150-4780_500_1977-07-07_D_1.nlgx,BOGAT_012_ZSK_0150-4780_500_1977-07-07_D_1.tif,BOGAT_012_ZSK_0150-4780_500_1977-07-07_D_1.las,GZ1,GZ,,SA3,9467,0.9992,GZ,0.994,149.0,4780.0,1583,114485,3,1
BOGAT_014,BOGAT_014_AK_2200-3077_200_1985-02-14_D_1.nlgx,BOGAT_014_AK_2200-3077_200_1985-02-14_D_1.TIF,BOGAT_014_AK_2200-3077_200_1985-02-14_D_1.las,DTP1,DTP,,SA1,2674,0.9873,DTP,0.6935,2200.0,3080.0,2480,56989,1,1
BOGAT_014,BOGAT_014_AK_2200-3077_200_1985-02-14_D_1.nlgx,BOGAT_014_AK_2200-3077_200_1985-02-14_D_1.TIF,BOGAT_014_AK_2200-3077_200_1985-02-14_D_1.las,T11,T,,SA2,1627,0.9969,T1,0.8833,2200.0,3080.0,2480,56989,1,1
BOGAT_014,BOGAT_014_AK_2200-3077_200_1985-02-14_D_1.nlgx,BOGAT_014_AK_2200-3077_200_1985-02-14_D_1.TIF,BOGAT_014_AK_2200-3077_200_1985-02-14_D_1.las,T21,T,,SA3,1917,0.9943,T2,0.8869,2200.0,3080.0,2480,56989,1,1
BOGAT_014,BOGAT_014_AK_3075-3530_200_1985-04-03_D_1.nlgx,BOGAT_014_AK_3075-3530_200_1985-04-03_D_1.jpg,BOGAT_014_AK_3075-3530_200_1985-04-03_D_1.las,T11,T,,SA1,938,1.0,T1,0.7739,3070.0,3530.0,2550,31759,1,1
BOGAT_014,BOGAT_014_AK_3075-3530_200_1985-04-03_D_1.nlgx,BOGAT_014_AK_3075-3530_200_1985-04-03_D_1.jpg,BOGAT_014_AK_3075-3530_200_1985-04-03_D_1.las,T21,T,,SA2,926,0.9989,T2,0.8554,3070.0,3530.0,2550,31759,1,1
BOGAT_014,BOGAT_014_AK_3075-3530_200_1985-04-03_D_1.nlgx,BOGAT_014_AK_3075-3530_200_1985-04-03_D_1.jpg,BOGAT_014_AK_3075-3530_200_1985-04-03_D_1.las,A11,A,,SA3,1191,0.9916,A1,0.9705,3070.0,3530.0,2550,31759,1,1
BOGAT_014,BOGAT_014_AK_3075-3530_200_1985-04-03_D_11.nlgx,BOGAT_014_AK_3075-3530_200_1985-04-03_D_11.jpg,BOGAT_014_AK_3075-3530_200_1985-04-03_D_11.las,DTP1,DTP,,SA1,1350,0.9867,DTP,0.9075,3070.0,3530.0,2550,33072,1,1
BOGAT_014,BOGAT_014_AK_3075-3530_200_1985-04-03_D_11.nlgx,BOGAT_014_AK_3075-3530_200_1985-04-03_D_11.jpg,BOGAT_014_AK_3075-3530_200_1985-04-03_D_11.las,AL1,AL,,SA2,1203,0.9859,AL,0.9199,3070.0,3530.0,2550,33072,1,1
BOGAT_014,BOGAT_014_AK_3075-3530_200_1985-04-03_D_11.nlgx,BOGAT_014_AK_3075-3530_200_1985-04-03_D_11.jpg,BOGAT_014_AK_3075-3530_200_1985-04-03_D_11.las,A21,A,,SA3,1099,0.9845,A2,0.9802,3070.0,3530.0,2550,33072,1,1
BOGAT_014,BOGAT_014_AK_3500-4410_200_1985-07-04_D_1.nlgx,BOGAT_014_AK_3500-4410_200_1985-07-04_D_1.TIF,BOGAT_014_AK_3500-4410_200_1985-07-04_D_1.las,DT1,DT,,SA1,3361,0.9637,DT,0.8946,3500.0,4404.0,2480,57885,1,1
BOGAT_014,BOGAT_014_AK_3500-4410_200_1985-07-04_D_1.nlgx,BOGAT_014_AK_3500-4410_200_1985-07-04_D_1.TIF,BOGAT_014_AK_3500-4410_200_1985-07-04_D_1.las,T11,T,,SA2,2210,0.9955,T1,0.865,3500.0,4404.0,2480,57885,1,1
BOGAT_014,BOGAT_014_AK_3500-4410_200_1985-07-04_D_1.nlgx,BOGAT_014_AK_3500-4410_200_1985-07-04_D_1.TIF,BOGAT_014_AK_3500-4410_200_1985-07-04_D_1.las,T21,T,,SA3,2927,0.9939,T2,0.8842,3500.0,4404.0,2480,57885,1,1
BOGAT_014,BOGAT_014_AK_3500-4850_200_1985-09-26_D_1.nlgx,BOGAT_014_AK_3500-4850_200_1985-09-26_D_1.TIF,BOGAT_014_AK_3500-4850_200_1985-09-26_D_1.las,T11,T,,SA1,3099,0.9932,T1,0.8447,3500.0,4852.0,2480,84526,1,1
BOGAT_014,BOGAT_014_AK_3500-4850_200_1985-09-26_D_1.nlgx,BOGAT_014_AK_3500-4850_200_1985-09-26_D_1.TIF,BOGAT_014_AK_3500-4850_200_1985-09-26_D_1.las,T21,T,,SA2,3080,0.9909,T2,0.8976,3500.0,4852.0,2480,84526,1,1
BOGAT_014,BOGAT_014_AK_3500-4850_200_1985-09-26_D_1.nlgx,BOGAT_014_AK_3500-4850_200_1985-09-26_D_1.TIF,BOGAT_014_AK_3500-4850_200_1985-09-26_D_1.las,DTP1,DTP,,SA3,4840,0.9105,DTP,0.7,3500.0,4852.0,2480,84526,1,1
BOGAT_014,BOGAT_014_AKC_0000-3080_500_1985-04-03_D_1.nlgx,BOGAT_014_AKC_0000-3080_500_1985-04-03_D_1.TIF,BOGAT_014_AKC_0000-3080_500_1985-04-03_D_1.las,AP1,AP,,SA1,5496,0.994,AP,0.6994,0.0,3090.0,2480,77504,1,1
BOGAT_014,BOGAT_014_AKC_0000-3080_500_1985-04-03_D_1.nlgx,BOGAT_014_AKC_0000-3080_500_1985-04-03_D_1.TIF,BOGAT_014_AKC_0000-3080_500_1985-04-03_D_1.las,TP1,TP,,SA2,3048,0.9688,TP,0.6013,0.0,3090.0,2480,77504,1,1
BOGAT_014,BOGAT_014_AKC_0000-3080_500_1985-04-03_D_1.nlgx,BOGAT_014_AKC_0000-3080_500_1985-04-03_D_1.TIF,BOGAT_014_AKC_0000-3080_500_1985-04-03_D_1.las,AK1,AK,,SA3,4917,0.8741,AK,0.5642,0.0,3090.0,2480,77504,1,0
BOGAT_014,BOGAT_014_AKC_0000-4761_500_1985-11-12_D_1.nlgx,BOGAT_014_AKC_0000-4761_500_1985-11-12_D_1.TIF,BOGAT_014_AKC_0000-4761_500_1985-11-12_D_1.las,AP1,AP,,SA1,5557,0.9613,AP,0.9039,30.0,4770.0,2480,118768,1,1
BOGAT_014,BOGAT_014_AKC_0000-4761_500_1985-11-12_D_1.nlgx,BOGAT_014_AKC_0000-4761_500_1985-11-12_D_1.TIF,BOGAT_014_AKC_0000-4761_500_1985-11-12_D_1.las,TP1,TP,,SA2,5705,0.806,TP,0.8741,30.0,4770.0,2480,118768,1,0
BOGAT_014,BOGAT_014_AKC_0000-4761_500_1985-11-12_D_1.nlgx,BOGAT_014_AKC_0000-4761_500_1985-11-12_D_1.TIF,BOGAT_014_AKC_0000-4761_500_1985-11-12_D_1.las,AK1,AK,,SA3,5540,0.6359,AK,0.8615,30.0,4770.0,2480,118768,1,0
BOGAT_014,BOGAT_014_BK_2200-2350_200_1984-12-08_D_1.nlgx,BOGAT_014_BK_2200-2350_200_1984-12-08_D_1.jpg,BOGAT_014_BK_2200-2350_200_1984-12-08_D_1.las,BK1,BK,,SA1,654,0.9954,BK,0.8918,2200.0,2356.0,1776,13528,1,1
BOGAT_014,BOGAT_014_BK_2300-2825_200_1985-01-10_D_1.nlgx,BOGAT_014_BK_2300-2825_200_1985-01-10_D_1.jpg,BOGAT_014_BK_2300-2825_200_1985-01-10_D_1.las,BK1,BK,,SA1,1586,0.9937,BK,0.8527,2296.0,2828.0,1635,36084,2,1
BOGAT_014,BOGAT_014_BK_2700-3070_200_1985-02-12_D_1.nlgx,BOGAT_014_BK_2700-3070_200_1985-02-12_D_1.jpg,BOGAT_014_BK_2700-3070_200_1985-02-12_D_1.las,BK1,BK,,SA1,1350,0.9904,BK,0.9034,2700.0,3076.0,1617,26678,1,1
BOGAT_014,BOGAT_014_BK_3076-3306_200_1985-03-21_D_1.nlgx,BOGAT_014_BK_3076-3306_200_1985-03-21_D_1.jpg,BOGAT_014_BK_3076-3306_200_1985-03-21_D_1.las,BK1,BK,,SA1,940,0.9947,BK,0.8404,3074.0,3306.0,2109,19560,1,1
BOGAT_014,BOGAT_014_BK_3250-3596_200_1985-04-11_D_1.nlgx,BOGAT_014_BK_3250-3596_200_1985-04-11_D_1.jpg,BOGAT_014_BK_3250-3596_200_1985-04-11_D_1.las,BK1,BK,,SA1,1233,0.9862,BK,0.912,3250.0,3598.0,1646,25275,3,1
BOGAT_014,BOGAT_014_BK_3550-3738_200_1985-04-23_D_1.nlgx,BOGAT_014_BK_3550-3738_200_1985-04-23_D_1.jpg,BOGAT_014_BK_3550-3738_200_1985-04-23_D_1.las,BK1,BK,,SA1,798,0.995,BK,,3548.0,3740.0,1621,15707,1,1
BOGAT_014,BOGAT_014_BK_3690-3990_200_1985-05-13_D_1.nlgx,BOGAT_014_BK_3690-3990_200_1985-05-13_D_1.jpg,BOGAT_014_BK_3690-3990_200_1985-05-13_D_1.las,BK1,BK,,SA1,1166,0.9966,BK,0.9491,3690.0,3986.0,1591,22133,1,1
BOGAT_014,BOGAT_014_BK_3930-4180_200_1985-06-05_D_1.nlgx,BOGAT_014_BK_3930-4180_200_1985-06-05_D_1.jpg,BOGAT_014_BK_3930-4180_200_1985-06-05_D_1.las,BK1,BK,,SA1,992,0.9587,BK,,3930.0,4186.0,1636,19592,2,1
BOGAT_014,BOGAT_014_BK_4130-4360_200_1985-06-28_D_1.nlgx,BOGAT_014_BK_4130-4360_200_1985-06-28_D_1.jpg,BOGAT_014_BK_4130-4360_200_1985-06-28_D_1.las,BK1,BK,,SA1,955,0.9707,BK,,4130.0,4366.0,1641,18865,4,1
BOGAT_014,BOGAT_014_BK_4300-4600_200_1985-08-08_D_1.nlgx,BOGAT_014_BK_4300-4600_200_1985-08-08_D_1.jpg,BOGAT_014_BK_4300-4600_200_1985-08-08_D_1.las,BK1,BK,,SA1,1540,0.9442,BK,0.8099,4296.0,4608.0,1748,22670,4,1
BOGAT_014,BOGAT_014_BK_4550-4660_200_1985-08-21_D_1.nlgx,BOGAT_014_BK_4550-4660_200_1985-08-21_D_1.jpg,BOGAT_014_BK_4550-4660_200_1985-08-21_D_1.las,BK1,BK,,SA1,622,0.9035,BK,,4550.0,4662.0,1647,11180,3,1
BOGAT_014,BOGAT_014_BK_4600-4779_200_1985-09-12_D_1.nlgx,BOGAT_014_BK_4600-4779_200_1985-09-12_D_1.jpg,BOGAT_014_BK_4600-4779_200_1985-09-12_D_1.las,BK1,BK,,SA1,725,0.9214,BK,0.9396,4596.0,4780.0,1726,14554,3,1
BOGAT_014,BOGAT_014_BK_4725-4854_200_1985-09-25_D_1.nlgx,BOGAT_014_BK_4725-4854_200_1985-09-25_D_1.jpg,BOGAT_014_BK_4725-4854_200_1985-09-25_D_1.las,BK1,BK,,SA1,367,0.951,BK,,4720.0,4856.0,2117,12423,2,1
BOGAT_014,"BOGAT_014_BKZ, DS_2200-2350_200_1984-12-08_D_1.nlgx","BOGAT_014_BKZ, DS_2200-2350_200_1984-12-08_D_1.jpg","BOGAT_014_BKZ, DS_2200-2350_200_1984-12-08_D_1.las",GZ11,GZ,,SA1,312,0.9712,GZ1,0.9341,2200.0,2356.0,2091,13011,3,1
BOGAT_014,"BOGAT_014_BKZ, DS_2200-2350_200_1984-12-08_D_1.nlgx","BOGAT_014_BKZ, DS_2200-2350_200_1984-12-08_D_1.jpg","BOGAT_014_BKZ, DS_2200-2350_200_1984-12-08_D_1.las",GZ21,GZ,,SA2,250,0.988,GZ2,0.9489,2200.0,2356.0,2091,13011,2,1
BOGAT_014,"BOGAT_014_BKZ, DS_2200-2350_200_1984-12-08_D_1.nlgx","BOGAT_014_BKZ, DS_2200-2350_200_1984-12-08_D_1.jpg","BOGAT_014_BKZ, DS_2200-2350_200_1984-12-08_D_1.las",CALI1,CALI,,SA3,682,0.9765,CALI,0.8837,2200.0,2356.0,2091,13011,1,1
BOGAT_014,"BOGAT_014_BKZ, DS_2200-2350_200_1984-12-08_D_1.nlgx","BOGAT_014_BKZ, DS_2200-2350_200_1984-12-08_D_1.jpg","BOGAT_014_BKZ, DS_2200-2350_200_1984-12-08_D_1.las",SP1,SP,,SA4,243,1.0,SP,0.9945,2200.0,2356.0,2091,13011,1,1
BOGAT_014,"BOGAT_014_BKZ, DS_2300-2825_200_1985-01-10_D_1.nlgx","BOGAT_014_BKZ, DS_2300-2825_200_1985-01-10_D_1.jpg","BOGAT_014_BKZ, DS_2300-2825_200_1985-01-10_D_1.las",GZ41,GZ,,SA1,1095,0.9763,GZ4,0.9313,2300.0,2832.0,2550,35216,3,1
BOGAT_014,"BOGAT_014_BKZ, DS_2300-2825_200_1985-01-10_D_1.nlgx","BOGAT_014_BKZ, DS_2300-2825_200_1985-01-10_D_1.jpg","BOGAT_014_BKZ, DS_2300-2825_200_1985-01-10_D_1.las",GZ51,GZ,,SA2,806,0.995,GZ5,0.9369,2300.0,2832.0,2550,35216,2,1
BOGAT_014,"BOGAT_014_BKZ, DS_2300-2825_200_1985-01-10_D_1.nlgx","BOGAT_014_BKZ, DS_2300-2825_200_1985-01-10_D_1.jpg","BOGAT_014_BKZ, DS_2300-2825_200_1985-01-10_D_1.las",CALI1,CALI,,SA3,1915,0.9587,CALI,0.9429,2300.0,2832.0,2550,35216,1,1
BOGAT_014,"BOGAT_014_BKZ, DS_2300-2825_200_1985-01-10_D_1.nlgx","BOGAT_014_BKZ, DS_2300-2825_200_1985-01-10_D_1.jpg","BOGAT_014_BKZ, DS_2300-2825_200_1985-01-10_D_1.las",SP1,SP,,SA4,658,1.0,SP,0.9954,2300.0,2832.0,2550,35216,1,1
BOGAT_014,"BOGAT_014_BKZ, DS_2700-3072_200_1985-02-12_D_1.nlgx","BOGAT_014_BKZ, DS_2700-3072_200_1985-02-12_D_1.jpg","BOGAT_014_BKZ, DS_2700-3072_200_1985-02-12_D_1.las",GZ41,GZ,,SA1,695,0.9928,GZ4,0.9864,2700.0,3076.0,2531,25702,2,1
BOGAT_014,"BOGAT_014_BKZ, DS_2700-3072_200_1985-02-12_D_1.nlgx","BOGAT_014_BKZ, DS_2700-3072_200_1985-02-12_D_1.jpg","BOGAT_014_BKZ, DS_2700-3072_200_1985-02-12_D_1.las",GZ51,GZ,,SA2,457,0.9934,GZ5,0.989,2700.0,3076.0,2531,25702,3,1
BOGAT_014,"BOGAT_014_BKZ, DS_2700-3072_200_1985-02-12_D_1.nlgx","BOGAT_014_BKZ, DS_2700-3072_200_1985-02-12_D_1.jpg","BOGAT_014_BKZ, DS_2700-3072_200_1985-02-12_D_1.las",CALI1,CALI,,SA3,1106,0.9901,CALI,0.9868,2700.0,3076.0,2531,25702,1,1
BOGAT_014,"BOGAT_014_BKZ, DS_2700-3072_200_1985-02-12_D_1.nlgx","BOGAT_014_BKZ, DS_2700-3072_200_1985-02-12_D_1.jpg","BOGAT_014_BKZ, DS_2700-3072_200_1985-02-12_D_1.las",SP1,SP,,SA4,249,1.0,SP,0.9972,2700.0,3076.0,2531,25702,1,1
BOGAT_014,"BOGAT_014_BKZ, DS_3077-3300_200_1983-03-21_D_1.nlgx","BOGAT_014_BKZ, DS_3077-3300_200_1983-03-21_D_1.jpg","BOGAT_014_BKZ, DS_3077-3300_200_1983-03-21_D_1.las",GZ41,GZ,,SA1,393,1.0,GZ4,0.987,3068.0,3304.0,2550,17003,2,1
BOGAT_014,"BOGAT_014_BKZ, DS_3077-3300_200_1983-03-21_D_1.nlgx","BOGAT_014_BKZ, DS_3077-3300_200_1983-03-21_D_1.jpg","BOGAT_014_BKZ, DS_3077-3300_200_1983-03-21_D_1.las",GZ51,GZ,,SA2,492,0.998,GZ5,0.9825,3068.0,3304.0,2550,17003,2,1
BOGAT_014,"BOGAT_014_BKZ, DS_3077-3300_200_1983-03-21_D_1.nlgx","BOGAT_014_BKZ, DS_3077-3300_200_1983-03-21_D_1.jpg","BOGAT_014_BKZ, DS_3077-3300_200_1983-03-21_D_1.las",CALI1,CALI,,SA3,1040,0.9962,CALI,0.9896,3068.0,3304.0,2550,17003,1,1
BOGAT_014,"BOGAT_014_BKZ, DS_3077-3300_200_1983-03-21_D_1.nlgx","BOGAT_014_BKZ, DS_3077-3300_200_1983-03-21_D_1.jpg","BOGAT_014_BKZ, DS_3077-3300_200_1983-03-21_D_1.las",SP1,SP,,SA4,187,0.9893,SP,0.9993,3068.0,3304.0,2550,17003,1,1
BOGAT_014,"BOGAT_014_BKZ, DS_3250-3590_200_1985-04-11_D_1.nlgx","BOGAT_014_BKZ, DS_3250-3590_200_1985-04-11_D_1.jpg","BOGAT_014_BKZ, DS_3250-3590_200_1985-04-11_D_1.las",GZ41,GZ,,SA1,825,0.9855,GZ4,0.9746,3250.0,3594.0,2550,24340,2,1
BOGAT_014,"BOGAT_014_BKZ, DS_3250-3590_200_1985-04-11_D_1.nlgx","BOGAT_014_BKZ, DS_3250-3590_200_1985-04-11_D_1.jpg","BOGAT_014_BKZ, DS_3250-3590_200_1985-04-11_D_1.las",GZ51,GZ,,SA2,581,0.9983,GZ5,0.9713,3250.0,3594.0,2550,24340,3,1
BOGAT_014,"BOGAT_014_BKZ, DS_3250-3590_200_1985-04-11_D_1.nlgx","BOGAT_014_BKZ, DS_3250-3590_200_1985-04-11_D_1.jpg","BOGAT_014_BKZ, DS_3250-3590_200_1985-04-11_D_1.las",CALI1,CALI,,SA3,1732,0.9821,CALI,0.9122,3250.0,3594.0,2550,24340,1,1
BOGAT_014,"BOGAT_014_BKZ, DS_3250-3590_200_1985-04-11_D_1.nlgx","BOGAT_014_BKZ, DS_3250-3590_200_1985-04-11_D_1.jpg","BOGAT_014_BKZ, DS_3250-3590_200_1985-04-11_D_1.las",SP1,SP,,SA4,263,1.0,SP,0.9928,3250.0,3594.0,2550,24340,1,1
BOGAT_014,"BOGAT_014_BKZ, DS_3550-3735_200_1985-04-23_D_1.nlgx","BOGAT_014_BKZ, DS_3550-3735_200_1985-04-23_D_1.jpg","BOGAT_014_BKZ, DS_3550-3735_200_1985-04-23_D_1.las",GZ41,GZ,,SA1,458,0.9978,GZ4,0.9369,3548.0,3736.0,2550,14943,2,1
BOGAT_014,"BOGAT_014_BKZ, DS_3550-3735_200_1985-04-23_D_1.nlgx","BOGAT_014_BKZ, DS_3550-3735_200_1985-04-23_D_1.jpg","BOGAT_014_BKZ, DS_3550-3735_200_1985-04-23_D_1.las",GZ51,GZ,,SA2,304,0.9967,GZ5,0.9189,3548.0,3736.0,2550,14943,2,1
BOGAT_014,"BOGAT_014_BKZ, DS_3550-3735_200_1985-04-23_D_1.nlgx","BOGAT_014_BKZ, DS_3550-3735_200_1985-04-23_D_1.jpg","BOGAT_014_BKZ, DS_3550-3735_200_1985-04-23_D_1.las",CALI1,CALI,,SA3,1678,0.9863,CALI,0.8874,3548.0,3736.0,2550,14943,1,1
BOGAT_014,"BOGAT_014_BKZ, DS_3550-3735_200_1985-04-23_D_1.nlgx","BOGAT_014_BKZ, DS_3550-3735_200_1985-04-23_D_1.jpg","BOGAT_014_BKZ, DS_3550-3735_200_1985-04-23_D_1.las",SP1,SP,,SA4,163,0.9939,SP,0.9728,3548.0,3736.0,2550,14943,1,1
BOGAT_014,"BOGAT_014_BKZ, DS_3690-3980_200_1985-05-13_D_1.nlgx","BOGAT_014_BKZ, DS_3690-3980_200_1985-05-13_D_1.jpg","BOGAT_014_BKZ, DS_3690-3980_200_1985-05-13_D_1.las",GZ41,GZ,,SA1,656,1.0,GZ4,0.9816,3688.0,3984.0,2518,21360,3,1
BOGAT_014,"BOGAT_014_BKZ, DS_3690-3980_200_1985-05-13_D_1.nlgx","BOGAT_014_BKZ, DS_3690-3980_200_1985-05-13_D_1.jpg","BOGAT_014_BKZ, DS_3690-3980_200_1985-05-13_D_1.las",GZ51,GZ,,SA2,507,1.0,GZ5,0.977,3688.0,3984.0,2518,21360,3,1
BOGAT_014,"BOGAT_014_BKZ, DS_3690-3980_200_1985-05-13_D_1.nlgx","BOGAT_014_BKZ, DS_3690-3980_200_1985-05-13_D_1.jpg","BOGAT_014_BKZ, DS_3690-3980_200_1985-05-13_D_1.las",CALI1,CALI,,SA3,1665,0.9856,CALI,0.9409,3688.0,3984.0,2518,21360,1,1
BOGAT_014,"BOGAT_014_BKZ, DS_3690-3980_200_1985-05-13_D_1.nlgx","BOGAT_014_BKZ, DS_3690-3980_200_1985-05-13_D_1.jpg","BOGAT_014_BKZ, DS_3690-3980_200_1985-05-13_D_1.las",SP1,SP,,SA4,254,1.0,SP,0.9984,3688.0,3984.0,2518,21360,1,1
BOGAT_014,"BOGAT_014_BKZ, DS_3930-4180_200_1985-06-05_D_1.nlgx","BOGAT_014_BKZ, DS_3930-4180_200_1985-06-05_D_1.jpg","BOGAT_014_BKZ, DS_3930-4180_200_1985-06-05_D_1.las",GZ41,GZ,,SA1,675,0.9956,GZ4,0.9874,3930.0,4182.0,2550,18986,2,1
BOGAT_014,"BOGAT_014_BKZ, DS_3930-4180_200_1985-06-05_D_1.nlgx","BOGAT_014_BKZ, DS_3930-4180_200_1985-06-05_D_1.jpg","BOGAT_014_BKZ, DS_3930-4180_200_1985-06-05_D_1.las",GZ51,GZ,,SA2,371,0.9946,GZ5,0.9883,3930.0,4182.0,2550,18986,2,1
BOGAT_014,"BOGAT_014_BKZ, DS_3930-4180_200_1985-06-05_D_1.nlgx","BOGAT_014_BKZ, DS_3930-4180_200_1985-06-05_D_1.jpg","BOGAT_014_BKZ, DS_3930-4180_200_1985-06-05_D_1.las",CALI1,CALI,,SA3,1028,0.9844,CALI,0.9273,3930.0,4182.0,2550,18986,1,1
BOGAT_014,"BOGAT_014_BKZ, DS_3930-4180_200_1985-06-05_D_1.nlgx","BOGAT_014_BKZ, DS_3930-4180_200_1985-06-05_D_1.jpg","BOGAT_014_BKZ, DS_3930-4180_200_1985-06-05_D_1.las",SP1,SP,,SA4,141,1.0,SP,0.9963,3930.0,4182.0,2550,18986,1,1
BOGAT_014,"BOGAT_014_BKZ, DS_4130-4360_200_1985-06-28_D_1.nlgx","BOGAT_014_BKZ, DS_4130-4360_200_1985-06-28_D_1.jpg","BOGAT_014_BKZ, DS_4130-4360_200_1985-06-28_D_1.las",GZ41,GZ,,SA1,538,0.9796,GZ4,0.9791,4128.0,4364.0,2533,17735,2,1
BOGAT_014,"BOGAT_014_BKZ, DS_4130-4360_200_1985-06-28_D_1.nlgx","BOGAT_014_BKZ, DS_4130-4360_200_1985-06-28_D_1.jpg","BOGAT_014_BKZ, DS_4130-4360_200_1985-06-28_D_1.las",GZ51,GZ,,SA2,393,0.9949,GZ5,0.9918,4128.0,4364.0,2533,17735,3,1
BOGAT_014,"BOGAT_014_BKZ, DS_4130-4360_200_1985-06-28_D_1.nlgx","BOGAT_014_BKZ, DS_4130-4360_200_1985-06-28_D_1.jpg","BOGAT_014_BKZ, DS_4130-4360_200_1985-06-28_D_1.las",CALI1,CALI,,SA3,1038,0.9422,CALI,0.9597,4128.0,4364.0,2533,17735,1,1
BOGAT_014,"BOGAT_014_BKZ, DS_4130-4360_200_1985-06-28_D_1.nlgx","BOGAT_014_BKZ, DS_4130-4360_200_1985-06-28_D_1.jpg","BOGAT_014_BKZ, DS_4130-4360_200_1985-06-28_D_1.las",SP1,SP,,SA4,248,0.996,SP,0.9967,4128.0,4364.0,2533,17735,1,1
BOGAT_014,"BOGAT_014_BKZ, DS_4300-4600_200_1985-08-08_D_1.nlgx","BOGAT_014_BKZ, DS_4300-4600_200_1985-08-08_D_1.jpg","BOGAT_014_BKZ, DS_4300-4600_200_1985-08-08_D_1.las",GZ41,GZ,,SA1,2477,0.998,GZ4,0.9922,4300.0,4600.0,2550,21723,2,1
BOGAT_014,"BOGAT_014_BKZ, DS_4300-4600_200_1985-08-08_D_1.nlgx","BOGAT_014_BKZ, DS_4300-4600_200_1985-08-08_D_1.jpg","BOGAT_014_BKZ, DS_4300-4600_200_1985-08-08_D_1.las",GZ51,GZ,,SA2,2339,0.9991,GZ5,0.9948,4300.0,4600.0,2550,21723,3,1
BOGAT_014,"BOGAT_014_BKZ, DS_4300-4600_200_1985-08-08_D_1.nlgx","BOGAT_014_BKZ, DS_4300-4600_200_1985-08-08_D_1.jpg","BOGAT_014_BKZ, DS_4300-4600_200_1985-08-08_D_1.las",SP1,SP,,SA3,433,1.0,SP,0.9989,4300.0,4600.0,2550,21723,1,1
BOGAT_014,"BOGAT_014_BKZ, DS_4300-4600_200_1985-08-08_D_1.nlgx","BOGAT_014_BKZ, DS_4300-4600_200_1985-08-08_D_1.jpg","BOGAT_014_BKZ, DS_4300-4600_200_1985-08-08_D_1.las",CALI1,CALI,,SA4,2479,0.9976,CALI,0.9286,4300.0,4600.0,2550,21723,1,1
BOGAT_014,"BOGAT_014_BKZ, DS_4550-4658_200_1985-08-21_D_1.nlgx","BOGAT_014_BKZ, DS_4550-4658_200_1985-08-21_D_1.jpg","BOGAT_014_BKZ, DS_4550-4658_200_1985-08-21_D_1.las",GZ41,GZ,,SA1,414,0.9976,GZ4,,4550.0,4658.0,2518,10206,2,1
BOGAT_014,"BOGAT_014_BKZ, DS_4550-4658_200_1985-08-21_D_1.nlgx","BOGAT_014_BKZ, DS_4550-4658_200_1985-08-21_D_1.jpg","BOGAT_014_BKZ, DS_4550-4658_200_1985-08-21_D_1.las",GZ31,GZ,,SA2,746,1.0,GZ3,,4550.0,4658.0,2518,10206,2,1
BOGAT_014,"BOGAT_014_BKZ, DS_4550-4658_200_1985-08-21_D_1.nlgx","BOGAT_014_BKZ, DS_4550-4658_200_1985-08-21_D_1.jpg","BOGAT_014_BKZ, DS_4550-4658_200_1985-08-21_D_1.las",SP1,SP,,SA3,282,1.0,SP,,4550.0,4658.0,2518,10206,1,1
BOGAT_014,"BOGAT_014_BKZ, DS_4550-4658_200_1985-08-21_D_1.nlgx","BOGAT_014_BKZ, DS_4550-4658_200_1985-08-21_D_1.jpg","BOGAT_014_BKZ, DS_4550-4658_200_1985-08-21_D_1.las",CALI1,CALI,,SA4,582,0.9948,CALI,,4550.0,4658.0,2518,10206,1,1
BOGAT_014,"BOGAT_014_BKZ, DS_4600-4788_200_1985-09-12_D_1.nlgx","BOGAT_014_BKZ, DS_4600-4788_200_1985-09-12_D_1.jpg","BOGAT_014_BKZ, DS_4600-4788_200_1985-09-12_D_1.las",GZ41,GZ,,SA1,2594,0.9923,GZ4,,4600.0,4784.0,2550,14807,2,1
BOGAT_014,"BOGAT_014_BKZ, DS_4600-4788_200_1985-09-12_D_1.nlgx","BOGAT_014_BKZ, DS_4600-4788_200_1985-09-12_D_1.jpg","BOGAT_014_BKZ, DS_4600-4788_200_1985-09-12_D_1.las",GZ51,GZ,,SA2,413,0.9903,GZ5,,4600.0,4784.0,2550,14807,3,1
BOGAT_014,"BOGAT_014_BKZ, DS_4600-4788_200_1985-09-12_D_1.nlgx","BOGAT_014_BKZ, DS_4600-4788_200_1985-09-12_D_1.jpg","BOGAT_014_BKZ, DS_4600-4788_200_1985-09-12_D_1.las",CALI1,CALI,,SA3,2166,0.9894,CALI,,4600.0,4784.0,2550,14807,1,1
BOGAT_014,"BOGAT_014_BKZ, DS_4600-4788_200_1985-09-12_D_1.nlgx","BOGAT_014_BKZ, DS_4600-4788_200_1985-09-12_D_1.jpg","BOGAT_014_BKZ, DS_4600-4788_200_1985-09-12_D_1.las",SP1,SP,,SA4,153,1.0,SP,,4600.0,4784.0,2550,14807,1,1
BOGAT_014,BOGAT_014_BKZ_2200-2350_200_1984-12-08_D_1.nlgx,BOGAT_014_BKZ_2200-2350_200_1984-12-08_D_1.jpg,BOGAT_014_BKZ_2200-2350_200_1984-12-08_D_1.las,GZ21,GZ,,SA1,2367,0.9835,GZ2,0.9541,2200.0,2352.0,2098,12759,2,1
BOGAT_014,BOGAT_014_BKZ_2200-2350_200_1984-12-08_D_1.nlgx,BOGAT_014_BKZ_2200-2350_200_1984-12-08_D_1.jpg,BOGAT_014_BKZ_2200-2350_200_1984-12-08_D_1.las,GZ11,GZ,,SA2,506,0.9802,GZ1,0.9516,2200.0,2352.0,2098,12759,2,1
BOGAT_014,BOGAT_014_BKZ_2200-2350_200_1984-12-08_D_1.nlgx,BOGAT_014_BKZ_2200-2350_200_1984-12-08_D_1.jpg,BOGAT_014_BKZ_2200-2350_200_1984-12-08_D_1.las,GZ31,GZ,,SA3,398,0.9874,GZ3,0.9235,2200.0,2352.0,2098,12759,3,1
BOGAT_014,BOGAT_014_BKZ_2200-2350_200_1984-12-08_D_1.nlgx,BOGAT_014_BKZ_2200-2350_200_1984-12-08_D_1.jpg,BOGAT_014_BKZ_2200-2350_200_1984-12-08_D_1.las,OGZ1,OGZ,,SA4,360,0.9528,OGZ,0.9693,2200.0,2352.0,2098,12759,2,1
BOGAT_014,BOGAT_014_BKZ_2300-2825_200_1985-01-10_D_1.nlgx,BOGAT_014_BKZ_2300-2825_200_1985-01-10_D_1.jpg,BOGAT_014_BKZ_2300-2825_200_1985-01-10_D_1.las,GZ11,GZ,,SA1,1399,0.9528,GZ1,0.9138,2300.0,2824.0,2550,35373,2,1
BOGAT_014,BOGAT_014_BKZ_2300-2825_200_1985-01-10_D_1.nlgx,BOGAT_014_BKZ_2300-2825_200_1985-01-10_D_1.jpg,BOGAT_014_BKZ_2300-2825_200_1985-01-10_D_1.las,GZ21,GZ,,SA2,1745,0.988,GZ2,0.9031,2300.0,2824.0,2550,35373,2,1
BOGAT_014,BOGAT_014_BKZ_2300-2825_200_1985-01-10_D_1.nlgx,BOGAT_014_BKZ_2300-2825_200_1985-01-10_D_1.jpg,BOGAT_014_BKZ_2300-2825_200_1985-01-10_D_1.las,GZ31,GZ,,SA3,1263,0.9937,GZ3,0.9467,2300.0,2824.0,2550,35373,2,1
BOGAT_014,BOGAT_014_BKZ_2300-2825_200_1985-01-10_D_1.nlgx,BOGAT_014_BKZ_2300-2825_200_1985-01-10_D_1.jpg,BOGAT_014_BKZ_2300-2825_200_1985-01-10_D_1.las,OGZ1,OGZ,,SA4,1129,0.9681,OGZ,0.937,2300.0,2824.0,2550,35373,2,1
BOGAT_014,BOGAT_014_BKZ_2700-3072_200_1985-02-12_D_1.nlgx,BOGAT_014_BKZ_2700-3072_200_1985-02-12_D_1.jpg,BOGAT_014_BKZ_2700-3072_200_1985-02-12_D_1.las,GZ21,GZ,,SA1,1039,0.975,GZ2,0.9358,2696.0,3072.0,2532,25762,2,1
BOGAT_014,BOGAT_014_BKZ_2700-3072_200_1985-02-12_D_1.nlgx,BOGAT_014_BKZ_2700-3072_200_1985-02-12_D_1.jpg,BOGAT_014_BKZ_2700-3072_200_1985-02-12_D_1.las,GZ11,GZ,,SA2,955,0.9969,GZ1,0.9702,2696.0,3072.0,2532,25762,1,1
BOGAT_014,BOGAT_014_BKZ_2700-3072_200_1985-02-12_D_1.nlgx,BOGAT_014_BKZ_2700-3072_200_1985-02-12_D_1.jpg,BOGAT_014_BKZ_2700-3072_200_1985-02-12_D_1.las,OGZ1,OGZ,,SA3,734,0.9932,OGZ,0.9893,2696.0,3072.0,2532,25762,1,1
BOGAT_014,BOGAT_014_BKZ_2700-3072_200_1985-02-12_D_1.nlgx,BOGAT_014_BKZ_2700-3072_200_1985-02-12_D_1.jpg,BOGAT_014_BKZ_2700-3072_200_1985-02-12_D_1.las,GZ31,GZ,,SA4,953,0.999,GZ3,0.9902,2696.0,3072.0,2532,25762,1,1
BOGAT_014,BOGAT_014_BKZ_3077-3300_200_1985-03-21_D_1.nlgx,BOGAT_014_BKZ_3077-3300_200_1985-03-21_D_1.jpg,BOGAT_014_BKZ_3077-3300_200_1985-03-21_D_1.las,GZ21,GZ,,SA1,595,0.9983,GZ2,0.9687,3072.0,3300.0,2550,16935,2,1
BOGAT_014,BOGAT_014_BKZ_3077-3300_200_1985-03-21_D_1.nlgx,BOGAT_014_BKZ_3077-3300_200_1985-03-21_D_1.jpg,BOGAT_014_BKZ_3077-3300_200_1985-03-21_D_1.las,GZ11,GZ,,SA2,533,1.0,GZ1,0.9765,3072.0,3300.0,2550,16935,2,1
BOGAT_014,BOGAT_014_BKZ_3077-3300_200_1985-03-21_D_1.nlgx,BOGAT_014_BKZ_3077-3300_200_1985-03-21_D_1.jpg,BOGAT_014_BKZ_3077-3300_200_1985-03-21_D_1.las,OGZ1,OGZ,,SA3,823,0.983,OGZ,0.9784,3072.0,3300.0,2550,16935,2,1
BOGAT_014,BOGAT_014_BKZ_3077-3300_200_1985-03-21_D_1.nlgx,BOGAT_014_BKZ_3077-3300_200_1985-03-21_D_1.jpg,BOGAT_014_BKZ_3077-3300_200_1985-03-21_D_1.las,GZ31,GZ,,SA4,544,1.0,GZ3,0.9777,3072.0,3300.0,2550,16935,2,1
BOGAT_014,BOGAT_014_BKZ_3250-3590_200_1985-04-11_D_1.nlgx,BOGAT_014_BKZ_3250-3590_200_1985-04-11_D_1.jpg,BOGAT_014_BKZ_3250-3590_200_1985-04-11_D_1.las,GZ21,GZ,,SA1,1572,0.9911,GZ2,0.7212,3250.0,3594.0,2549,24426,2,1
BOGAT_014,BOGAT_014_BKZ_3250-3590_200_1985-04-11_D_1.nlgx,BOGAT_014_BKZ_3250-3590_200_1985-04-11_D_1.jpg,BOGAT_014_BKZ_3250-3590_200_1985-04-11_D_1.las,GZ11,GZ,,SA2,1569,0.993,GZ1,0.9637,3250.0,3594.0,2549,24426,1,1
BOGAT_014,BOGAT_014_BKZ_3250-3590_200_1985-04-11_D_1.nlgx,BOGAT_014_BKZ_3250-3590_200_1985-04-11_D_1.jpg,BOGAT_014_BKZ_3250-3590_200_1985-04-11_D_1.las,GZ31,GZ,,SA3,799,1.0,GZ3,0.9817,3250.0,3594.0,2549,24426,2,1
BOGAT_014,BOGAT_014_BKZ_3250-3590_200_1985-04-11_D_1.nlgx,BOGAT_014_BKZ_3250-3590_200_1985-04-11_D_1.jpg,BOGAT_014_BKZ_3250-3590_200_1985-04-11_D_1.las,OGZ1,OGZ,,SA4,1041,1.0,OGZ,0.9948,3250.0,3594.0,2549,24426,1,1
BOGAT_014,BOGAT_014_BKZ_3550-3735_200_1985-04-23_D_1.nlgx,BOGAT_014_BKZ_3550-3735_200_1985-04-23_D_1.jpg,BOGAT_014_BKZ_3550-3735_200_1985-04-23_D_1.las,GZ11,GZ,,SA1,1195,0.9874,GZ1,,3550.0,3736.0,2550,15025,1,1
BOGAT_014,BOGAT_014_BKZ_3550-3735_200_1985-04-23_D_1.nlgx,BOGAT_014_BKZ_3550-3735_200_1985-04-23_D_1.jpg,BOGAT_014_BKZ_3550-3735_200_1985-04-23_D_1.las,GZ21,GZ,,SA2,855,0.9637,GZ2,,3550.0,3736.0,2550,15025,2,1
BOGAT_014,BOGAT_014_BKZ_3550-3735_200_1985-04-23_D_1.nlgx,BOGAT_014_BKZ_3550-3735_200_1985-04-23_D_1.jpg,BOGAT_014_BKZ_3550-3735_200_1985-04-23_D_1.las,GZ31,GZ,,SA3,1380,1.0,GZ3,,3550.0,3736.0,2550,15025,1,1
BOGAT_014,BOGAT_014_BKZ_3550-3735_200_1985-04-23_D_1.nlgx,BOGAT_014_BKZ_3550-3735_200_1985-04-23_D_1.jpg,BOGAT_014_BKZ_3550-3735_200_1985-04-23_D_1.las,OGZ1,OGZ,,SA4,958,0.999,OGZ,,3550.0,3736.0,2550,15025,1,1
BOGAT_014,BOGAT_014_BKZ_3690-3980_200_1985-05-13_D_1.nlgx,BOGAT_014_BKZ_3690-3980_200_1985-05-13_D_1.jpg,BOGAT_014_BKZ_3690-3980_200_1985-05-13_D_1.las,GZ21,GZ,,SA1,2329,1.0,GZ2,,3688.0,3980.0,2542,21535,1,1
BOGAT_014,BOGAT_014_BKZ_3690-3980_200_1985-05-13_D_1.nlgx,BOGAT_014_BKZ_3690-3980_200_1985-05-13_D_1.jpg,BOGAT_014_BKZ_3690-3980_200_1985-05-13_D_1.las,GZ11,GZ,,SA2,2791,1.0,GZ1,,3688.0,3980.0,2542,21535,1,1
BOGAT_014,BOGAT_014_BKZ_3690-3980_200_1985-05-13_D_1.nlgx,BOGAT_014_BKZ_3690-3980_200_1985-05-13_D_1.jpg,BOGAT_014_BKZ_3690-3980_200_1985-05-13_D_1.las,GZ31,GZ,,SA3,2582,0.9996,GZ3,,3688.0,3980.0,2542,21535,2,1
BOGAT_014,BOGAT_014_BKZ_3690-3980_200_1985-05-13_D_1.nlgx,BOGAT_014_BKZ_3690-3980_200_1985-05-13_D_1.jpg,BOGAT_014_BKZ_3690-3980_200_1985-05-13_D_1.las,OGZ1,OGZ,,SA4,1585,0.9994,OGZ,,3688.0,3980.0,2542,21535,2,1
BOGAT_014,BOGAT_014_BKZ_3930-4180_200_1985-06-05_D_1.nlgx,BOGAT_014_BKZ_3930-4180_200_1985-06-05_D_1.jpg,BOGAT_014_BKZ_3930-4180_200_1985-06-05_D_1.las,GZ11,GZ,,SA1,856,1.0,GZ1,,3930.0,4182.0,2550,19017,1,1
BOGAT_014,BOGAT_014_BKZ_3930-4180_200_1985-06-05_D_1.nlgx,BOGAT_014_BKZ_3930-4180_200_1985-06-05_D_1.jpg,BOGAT_014_BKZ_3930-4180_200_1985-06-05_D_1.las,GZ21,GZ,,SA2,995,1.0,GZ2,,3930.0,4182.0,2550,19017,2,1
BOGAT_014,BOGAT_014_BKZ_3930-4180_200_1985-06-05_D_1.nlgx,BOGAT_014_BKZ_3930-4180_200_1985-06-05_D_1.jpg,BOGAT_014_BKZ_3930-4180_200_1985-06-05_D_1.las,GZ31,GZ,,SA3,625,1.0,GZ3,,3930.0,4182.0,2550,19017,1,1
BOGAT_014,BOGAT_014_BKZ_3930-4180_200_1985-06-05_D_1.nlgx,BOGAT_014_BKZ_3930-4180_200_1985-06-05_D_1.jpg,BOGAT_014_BKZ_3930-4180_200_1985-06-05_D_1.las,OGZ1,OGZ,,SA4,638,1.0,OGZ,,3930.0,4182.0,2550,19017,1,1
BOGAT_014,BOGAT_014_BKZ_4130-4360_200_1985-06-28_D_1.nlgx,BOGAT_014_BKZ_4130-4360_200_1985-06-28_D_1.jpg,BOGAT_014_BKZ_4130-4360_200_1985-06-28_D_1.las,GZ21,GZ,,SA1,660,0.9985,GZ2,,4128.0,4360.0,2534,17702,2,1
BOGAT_014,BOGAT_014_BKZ_4130-4360_200_1985-06-28_D_1.nlgx,BOGAT_014_BKZ_4130-4360_200_1985-06-28_D_1.jpg,BOGAT_014_BKZ_4130-4360_200_1985-06-28_D_1.las,GZ11,GZ,,SA2,604,1.0,GZ1,,4128.0,4360.0,2534,17702,1,1
BOGAT_014,BOGAT_014_BKZ_4130-4360_200_1985-06-28_D_1.nlgx,BOGAT_014_BKZ_4130-4360_200_1985-06-28_D_1.jpg,BOGAT_014_BKZ_4130-4360_200_1985-06-28_D_1.las,GZ31,GZ,,SA3,643,1.0,GZ3,,4128.0,4360.0,2534,17702,2,1
BOGAT_014,BOGAT_014_BKZ_4130-4360_200_1985-06-28_D_1.nlgx,BOGAT_014_BKZ_4130-4360_200_1985-06-28_D_1.jpg,BOGAT_014_BKZ_4130-4360_200_1985-06-28_D_1.las,OGZ1,OGZ,,SA4,629,1.0,OGZ,,4128.0,4360.0,2534,17702,2,1
BOGAT_014,BOGAT_014_BKZ_4300-4600_200_1985-08-08_D_1.nlgx,BOGAT_014_BKZ_4300-4600_200_1985-08-08_D_1.jpg,BOGAT_014_BKZ_4300-4600_200_1985-08-08_D_1.las,GZ11,GZ,,SA1,3139,1.0,GZ1,,4300.0,4604.0,2550,21729,1,1
BOGAT_014,BOGAT_014_BKZ_4300-4600_200_1985-08-08_D_1.nlgx,BOGAT_014_BKZ_4300-4600_200_1985-08-08_D_1.jpg,BOGAT_014_BKZ_4300-4600_200_1985-08-08_D_1.las,GZ21,GZ,,SA2,2660,1.0,GZ2,,4300.0,4604.0,2550,21729,2,1
BOGAT_014,BOGAT_014_BKZ_4300-4600_200_1985-08-08_D_1.nlgx,BOGAT_014_BKZ_4300-4600_200_1985-08-08_D_1.jpg,BOGAT_014_BKZ_4300-4600_200_1985-08-08_D_1.las,GZ31,GZ,,SA3,1938,1.0,GZ3,,4300.0,4604.0,2550,21729,3,1
BOGAT_014,BOGAT_014_BKZ_4300-4600_200_1985-08-08_D_1.nlgx,BOGAT_014_BKZ_4300-4600_200_1985-08-08_D_1.jpg,BOGAT_014_BKZ_4300-4600_200_1985-08-08_D_1.las,OGZ1,OGZ,,SA4,1746,0.9989,OGZ,,4300.0,4604.0,2550,21729,3,1
BOGAT_014,BOGAT_014_BKZ_4550-4658_200_1985-07-21_D_1.nlgx,BOGAT_014_BKZ_4550-4658_200_1985-07-21_D_1.jpg,BOGAT_014_BKZ_4550-4658_200_1985-07-21_D_1.las,GZ21,GZ,,SA1,1186,0.9992,GZ2,,4550.0,4658.0,2550,10270,2,1
BOGAT_014,BOGAT_014_BKZ_4550-4658_200_1985-07-21_D_1.nlgx,BOGAT_014_BKZ_4550-4658_200_1985-07-21_D_1.jpg,BOGAT_014_BKZ_4550-4658_200_1985-07-21_D_1.las,GZ11,GZ,,SA2,214,1.0,GZ1,,4550.0,4658.0,2550,10270,1,1
BOGAT_014,BOGAT_014_BKZ_4550-4658_200_1985-07-21_D_1.nlgx,BOGAT_014_BKZ_4550-4658_200_1985-07-21_D_1.jpg,BOGAT_014_BKZ_4550-4658_200_1985-07-21_D_1.las,GZ31,GZ,,SA3,1045,1.0,GZ3,,4550.0,4658.0,2550,10270,2,1
BOGAT_014,BOGAT_014_BKZ_4550-4658_200_1985-07-21_D_1.nlgx,BOGAT_014_BKZ_4550-4658_200_1985-07-21_D_1.jpg,BOGAT_014_BKZ_4550-4658_200_1985-07-21_D_1.las,OGZ1,OGZ,,SA4,802,0.985,OGZ,,4550.0,4658.0,2550,10270,2,1
BOGAT_014,BOGAT_014_BKZ_4600-4788_200_1985-09-12_D_1.nlgx,BOGAT_014_BKZ_4600-4788_200_1985-09-12_D_1.jpg,BOGAT_014_BKZ_4600-4788_200_1985-09-12_D_1.las,GZ11,GZ,,SA1,1406,0.9986,GZ1,,4600.0,4788.0,2550,14934,2,1
BOGAT_014,BOGAT_014_BKZ_4600-4788_200_1985-09-12_D_1.nlgx,BOGAT_014_BKZ_4600-4788_200_1985-09-12_D_1.jpg,BOGAT_014_BKZ_4600-4788_200_1985-09-12_D_1.las,GZ21,GZ,,SA2,1101,0.9964,GZ2,,4600.0,4788.0,2550,14934,2,1
BOGAT_014,BOGAT_014_BKZ_4600-4788_200_1985-09-12_D_1.nlgx,BOGAT_014_BKZ_4600-4788_200_1985-09-12_D_1.jpg,BOGAT_014_BKZ_4600-4788_200_1985-09-12_D_1.las,GZ31,GZ,,SA3,1259,0.9992,GZ3,,4600.0,4788.0,2550,14934,2,1
BOGAT_014,BOGAT_014_BKZ_4600-4788_200_1985-09-12_D_1.nlgx,BOGAT_014_BKZ_4600-4788_200_1985-09-12_D_1.jpg,BOGAT_014_BKZ_4600-4788_200_1985-09-12_D_1.las,OGZ1,OGZ,,SA4,975,0.9918,OGZ,,4600.0,4788.0,2550,14934,2,1
BOGAT_014,BOGAT_014_BKZ_4730-4854_200_1985-09-25_D_1.nlgx,BOGAT_014_BKZ_4730-4854_200_1985-09-25_D_1.jpg,BOGAT_014_BKZ_4730-4854_200_1985-09-25_D_1.las,GZ11,GZ,,SA1,465,0.9957,GZ1,,4730.0,4854.0,2550,11601,1,1
BOGAT_014,BOGAT_014_BKZ_4730-4854_200_1985-09-25_D_1.nlgx,BOGAT_014_BKZ_4730-4854_200_1985-09-25_D_1.jpg,BOGAT_014_BKZ_4730-4854_200_1985-09-25_D_1.las,GZ21,GZ,,SA2,420,0.9786,GZ2,,4730.0,4854.0,2550,11601,2,1
BOGAT_014,BOGAT_014_BKZ_4730-4854_200_1985-09-25_D_1.nlgx,BOGAT_014_BKZ_4730-4854_200_1985-09-25_D_1.jpg,BOGAT_014_BKZ_4730-4854_200_1985-09-25_D_1.las,GZ31,GZ,,SA3,270,0.9963,GZ3,,4730.0,4854.0,2550,11601,3,1
BOGAT_014,BOGAT_014_BKZ_4730-4854_200_1985-09-25_D_1.nlgx,BOGAT_014_BKZ_4730-4854_200_1985-09-25_D_1.jpg,BOGAT_014_BKZ_4730-4854_200_1985-09-25_D_1.las,OGZ1,OGZ,,SA4,288,0.9896,OGZ,,4730.0,4854.0,2550,11601,2,1
BOGAT_014,BOGAT_014_BKZ_4730-4854_200_1985-09-25_D_11.nlgx,BOGAT_014_BKZ_4730-4854_200_1985-09-25_D_11.jpg,BOGAT_014_BKZ_4730-4854_200_1985-09-25_D_11.las,GZ41,GZ,,SA1,274,0.9891,GZ4,,4730.0,4858.0,2542,11475,2,1
BOGAT_014,BOGAT_014_BKZ_4730-4854_200_1985-09-25_D_11.nlgx,BOGAT_014_BKZ_4730-4854_200_1985-09-25_D_11.jpg,BOGAT_014_BKZ_4730-4854_200_1985-09-25_D_11.las,GZ51,GZ,,SA2,171,1.0,GZ5,,4730.0,4858.0,2542,11475,3,1
BOGAT_014,BOGAT_014_BKZ_4730-4854_200_1985-09-25_D_11.nlgx,BOGAT_014_BKZ_4730-4854_200_1985-09-25_D_11.jpg,BOGAT_014_BKZ_4730-4854_200_1985-09-25_D_11.las,CALI1,CALI,,SA3,457,1.0,CALI,,4730.0,4858.0,2542,11475,1,1
BOGAT_014,BOGAT_014_BKZ_4730-4854_200_1985-09-25_D_11.nlgx,BOGAT_014_BKZ_4730-4854_200_1985-09-25_D_11.jpg,BOGAT_014_BKZ_4730-4854_200_1985-09-25_D_11.las,SP1,SP,,SA4,145,0.9931,SP,,4730.0,4858.0,2542,11475,1,1
BOGAT_014,"BOGAT_014_DS, TM_3030-4730_500_1985-09-12_D_1.nlgx","BOGAT_014_DS, TM_3030-4730_500_1985-09-12_D_1.jpg","BOGAT_014_DS, TM_3030-4730_500_1985-09-12_D_1.las",CALI1,CALI,,SA1,3877,0.9665,CALI,0.7695,3030.0,4740.0,1645,44130,1,1
BOGAT_014,"BOGAT_014_DS, TM_3030-4730_500_1985-09-12_D_1.nlgx","BOGAT_014_DS, TM_3030-4730_500_1985-09-12_D_1.jpg","BOGAT_014_DS, TM_3030-4730_500_1985-09-12_D_1.las",TMSS1,TMSS,,SA2,1016,0.9882,TMSS,0.9994,3030.0,4740.0,1645,44130,6,1
BOGAT_014,"BOGAT_014_DS, TM_3070-4855_500_1985-09-25_D_1.nlgx","BOGAT_014_DS, TM_3070-4855_500_1985-09-25_D_1.jpg","BOGAT_014_DS, TM_3070-4855_500_1985-09-25_D_1.las",CALI1,CALI,,SA1,6221,0.9968,CALI,0.8472,3060.0,4870.0,1510,47491,1,1
BOGAT_014,"BOGAT_014_DS, TM_3070-4855_500_1985-09-25_D_1.nlgx","BOGAT_014_DS, TM_3070-4855_500_1985-09-25_D_1.jpg","BOGAT_014_DS, TM_3070-4855_500_1985-09-25_D_1.las",TMSS1,TMSS,,SA2,260,0.9962,TMSS,0.9973,3060.0,4870.0,1510,47491,6,1
BOGAT_014,"BOGAT_014_GK, NGK_0000-3073_500_1985-02-14_D_1.nlgx","BOGAT_014_GK, NGK_0000-3073_500_1985-02-14_D_1.TIF","BOGAT_014_GK, NGK_0000-3073_500_1985-02-14_D_1.las",GK1,GK,,SA1,8234,0.9475,GK,0.9323,0.0,3090.0,2480,76369,1,1
BOGAT_014,"BOGAT_014_GK, NGK_0000-3073_500_1985-02-14_D_1.nlgx","BOGAT_014_GK, NGK_0000-3073_500_1985-02-14_D_1.TIF","BOGAT_014_GK, NGK_0000-3073_500_1985-02-14_D_1.las",NGK1,NGK,,SA2,7636,0.9577,NGK,0.8907,0.0,3090.0,2480,76369,1,1
BOGAT_014,"BOGAT_014_GK, NGK_0720-3090_200_1985-02-14_D_1.nlgx","BOGAT_014_GK, NGK_0720-3090_200_1985-02-14_D_1.TIF","BOGAT_014_GK, NGK_0720-3090_200_1985-02-14_D_1.las",GK1,GK,,SA1,7445,0.9931,GK,0.9142,716.0,3092.0,2480,147482,1,1
BOGAT_014,"BOGAT_014_GK, NGK_0720-3090_200_1985-02-14_D_1.nlgx","BOGAT_014_GK, NGK_0720-3090_200_1985-02-14_D_1.TIF","BOGAT_014_GK, NGK_0720-3090_200_1985-02-14_D_1.las",NGK1,NGK,,SA2,10172,0.9966,NGK,0.8792,716.0,3092.0,2480,147482,1,1
BOGAT_014,"BOGAT_014_GK, NGK_3000-3530_200_1985-04-03_D_1.nlgx","BOGAT_014_GK, NGK_3000-3530_200_1985-04-03_D_1.jpg","BOGAT_014_GK, NGK_3000-3530_200_1985-04-03_D_1.las",GK1,GK,,SA1,2186,0.9945,GK,0.9785,2996.0,3532.0,2550,38671,1,1
BOGAT_014,"BOGAT_014_GK, NGK_3000-3530_200_1985-04-03_D_1.nlgx","BOGAT_014_GK, NGK_3000-3530_200_1985-04-03_D_1.jpg","BOGAT_014_GK, NGK_3000-3530_200_1985-04-03_D_1.las",NGK1,NGK,,SA2,2362,0.9983,NGK,0.9635,2996.0,3532.0,2550,38671,1,1
BOGAT_014,"BOGAT_014_GK, NGK_4350-4850_200_1985-09-26_D_1.nlgx","BOGAT_014_GK, NGK_4350-4850_200_1985-09-26_D_1.jpg","BOGAT_014_GK, NGK_4350-4850_200_1985-09-26_D_1.las",GK1,GK,,SA1,1860,0.9349,GK,0.9869,4346.0,4854.0,2550,36059,1,1
BOGAT_014,"BOGAT_014_GK, NGK_4350-4850_200_1985-09-26_D_1.nlgx","BOGAT_014_GK, NGK_4350-4850_200_1985-09-26_D_1.jpg","BOGAT_014_GK, NGK_4350-4850_200_1985-09-26_D_1.las",NGK1,NGK,,SA2,1695,0.9858,NGK,0.9884,4346.0,4854.0,2550,36059,1,1
BOGAT_014,BOGAT_014_GK_3500-4410_200_1985-07-04_D_1.nlgx,BOGAT_014_GK_3500-4410_200_1985-07-04_D_1.TIF,BOGAT_014_GK_3500-4410_200_1985-07-04_D_1.las,GK1,GK,,SA1,4126,0.9908,GK,0.9842,3496.0,4408.0,2066,59596,1,1
BOGAT_014,BOGAT_014_IK_2200-2350_200_1984-12-08_D_1.nlgx,BOGAT_014_IK_2200-2350_200_1984-12-08_D_1.jpg,BOGAT_014_IK_2200-2350_200_1984-12-08_D_1.las,IK1,IK,,SA1,359,0.9972,IK,0.9594,2200.0,2356.0,1561,13234,2,1
BOGAT_014,BOGAT_014_IK_2300-2825_200_1985-01-10_D_1.nlgx,BOGAT_014_IK_2300-2825_200_1985-01-10_D_1.jpg,BOGAT_014_IK_2300-2825_200_1985-01-10_D_1.las,IK1,IK,,SA1,1054,1.0,IK,0.9852,2296.0,2828.0,1595,35839,2,1
BOGAT_014,BOGAT_014_IK_2700-3070_200_1985-02-12_D_1.nlgx,BOGAT_014_IK_2700-3070_200_1985-02-12_D_1.jpg,BOGAT_014_IK_2700-3070_200_1985-02-12_D_1.las,IK1,IK,,SA1,924,1.0,IK,0.9437,2700.0,3064.0,1591,25360,2,1
BOGAT_014,BOGAT_014_IK_3070-3740_200_1985-04-23_D_1.nlgx,BOGAT_014_IK_3070-3740_200_1985-04-23_D_1.jpg,BOGAT_014_IK_3070-3740_200_1985-04-23_D_1.las,IK1,IK,,SA1,2097,0.9957,IK,0.9471,3068.0,3740.0,1637,44745,2,1
BOGAT_014,BOGAT_014_IK_3690-4180_200_1985-06-05_D_1.nlgx,BOGAT_014_IK_3690-4180_200_1985-06-05_D_1.jpg,BOGAT_014_IK_3690-4180_200_1985-06-05_D_1.las,IK1,IK,,SA1,2153,0.9912,IK,0.7739,3690.0,4184.0,1610,34195,1,1
BOGAT_014,BOGAT_014_IK_4130-4360_200_1985-06-28_D_1.nlgx,BOGAT_014_IK_4130-4360_200_1985-06-28_D_1.jpg,BOGAT_014_IK_4130-4360_200_1985-06-28_D_1.las,IK1,IK,,SA1,1072,0.9925,IK,0.9075,4130.0,4362.0,1605,18585,2,1
BOGAT_014,BOGAT_014_IK_4310-4780_200_1985-09-12_D_1.nlgx,BOGAT_014_IK_4310-4780_200_1985-09-12_D_1.jpg,BOGAT_014_IK_4310-4780_200_1985-09-12_D_1.las,IK1,IK,,SA1,1716,0.993,IK,0.7947,4308.0,4780.0,1607,32439,2,1
BOGAT_014,BOGAT_014_IK_4730-4855_200_1985-09-26_D_1.nlgx,BOGAT_014_IK_4730-4855_200_1985-09-26_D_1.jpg,BOGAT_014_IK_4730-4855_200_1985-09-26_D_1.las,IK1,IK,,SA1,494,0.9757,IK,0.8828,4730.0,4858.0,1563,11599,1,1
BOGAT_014,BOGAT_014_INNK_2400-3076_200_1985-02-14_D_1.nlgx,BOGAT_014_INNK_2400-3076_200_1985-02-14_D_1.jpg,BOGAT_014_INNK_2400-3076_200_1985-02-14_D_1.las,ZAT15001,ZAT,,SA1,3006,0.9937,ZAT1500,,2400.0,3080.0,2550,44570,1,1
BOGAT_014,BOGAT_014_INNK_2400-3076_200_1985-02-14_D_1.nlgx,BOGAT_014_INNK_2400-3076_200_1985-02-14_D_1.jpg,BOGAT_014_INNK_2400-3076_200_1985-02-14_D_1.las,ZAT12001,ZAT,,SA2,23952,0.9998,ZAT1200,,2400.0,3080.0,2550,44570,1,1
BOGAT_014,BOGAT_014_INNK_2400-3076_200_1985-02-14_D_1.nlgx,BOGAT_014_INNK_2400-3076_200_1985-02-14_D_1.jpg,BOGAT_014_INNK_2400-3076_200_1985-02-14_D_1.las,ZAT9001,ZAT,,SA3,7548,0.9989,ZAT900,,2400.0,3080.0,2550,44570,2,1
BOGAT_014,BOGAT_014_INNK_2400-3076_200_1985-02-14_D_1.nlgx,BOGAT_014_INNK_2400-3076_200_1985-02-14_D_1.jpg,BOGAT_014_INNK_2400-3076_200_1985-02-14_D_1.las,TAU1,TAU,,SA4,31954,1.0,TAU,,2400.0,3080.0,2550,44570,1,1
BOGAT_014,BOGAT_014_INNK_3000-4800_200_1985-09-15_D_1.nlgx,BOGAT_014_INNK_3000-4800_200_1985-09-15_D_1.TIF,BOGAT_014_INNK_3000-4800_200_1985-09-15_D_1.las,ZAT18001,ZAT,,SA1,3272,0.912,ZAT1800,0.9092,3000.0,4796.0,2480,110706,1,1
BOGAT_014,BOGAT_014_INNK_3000-4800_200_1985-09-15_D_1.nlgx,BOGAT_014_INNK_3000-4800_200_1985-09-15_D_1.TIF,BOGAT_014_INNK_3000-4800_200_1985-09-15_D_1.las,ZAT16501,ZAT,,SA2,3373,0.9446,ZAT1650,0.8304,3000.0,4796.0,2480,110706,1,1
BOGAT_014,BOGAT_014_INNK_3000-4800_200_1985-09-15_D_1.nlgx,BOGAT_014_INNK_3000-4800_200_1985-09-15_D_1.TIF,BOGAT_014_INNK_3000-4800_200_1985-09-15_D_1.las,ZAT15001,ZAT,,SA3,3886,0.9462,ZAT1500,0.8345,3000.0,4796.0,2480,110706,1,1
BOGAT_014,BOGAT_014_INNK_3000-4800_200_1985-09-15_D_1.nlgx,BOGAT_014_INNK_3000-4800_200_1985-09-15_D_1.TIF,BOGAT_014_INNK_3000-4800_200_1985-09-15_D_1.las,TAU1,TAU,,SA4,3668,0.9984,TAU,0.9563,3000.0,4796.0,2480,110706,1,1
BOGAT_014,BOGAT_014_INNK_3000-4800_200_1985-09-15_D_11.nlgx,BOGAT_014_INNK_3000-4800_200_1985-09-15_D_11.TIF,BOGAT_014_INNK_3000-4800_200_1985-09-15_D_11.las,ZAT13501,ZAT,,SA1,4788,0.9104,ZAT1350,0.7181,3000.0,4800.0,2480,111189,1,1
BOGAT_014,BOGAT_014_INNK_3000-4800_200_1985-09-15_D_11.nlgx,BOGAT_014_INNK_3000-4800_200_1985-09-15_D_11.TIF,BOGAT_014_INNK_3000-4800_200_1985-09-15_D_11.las,ZAT12001,ZAT,,SA2,8750,0.8811,ZAT1200,0.6839,3000.0,4800.0,2480,111189,1,0
BOGAT_014,BOGAT_014_INNK_3000-4800_200_1985-09-15_D_11.nlgx,BOGAT_014_INNK_3000-4800_200_1985-09-15_D_11.TIF,BOGAT_014_INNK_3000-4800_200_1985-09-15_D_11.las,ZAT10501,ZAT,,SA3,12382,0.9041,ZAT1050,0.7347,3000.0,4800.0,2480,111189,2,1
BOGAT_014,BOGAT_014_INNK_3000-4800_200_1985-09-15_D_11.nlgx,BOGAT_014_INNK_3000-4800_200_1985-09-15_D_11.TIF,BOGAT_014_INNK_3000-4800_200_1985-09-15_D_11.las,ZAT9001,ZAT,,SA4,12527,0.9083,ZAT900,0.7599,3000.0,4800.0,2480,111189,2,1
BOGAT_014,BOGAT_014_INNK_3070-4630_200_1985-11-12_D_1.nlgx,BOGAT_014_INNK_3070-4630_200_1985-11-12_D_1.TIF,BOGAT_014_INNK_3070-4630_200_1985-11-12_D_1.las,ZAT15001,ZAT,,SA1,6948,0.9845,ZAT1500,0.6241,3076.0,4732.0,2480,102196,1,1
BOGAT_014,BOGAT_014_INNK_3070-4630_200_1985-11-12_D_1.nlgx,BOGAT_014_INNK_3070-4630_200_1985-11-12_D_1.TIF,BOGAT_014_INNK_3070-4630_200_1985-11-12_D_1.las,ZAT12001,ZAT,,SA2,8583,0.9649,ZAT1200,0.7427,3076.0,4732.0,2480,102196,1,1
BOGAT_014,BOGAT_014_INNK_3070-4630_200_1985-11-12_D_1.nlgx,BOGAT_014_INNK_3070-4630_200_1985-11-12_D_1.TIF,BOGAT_014_INNK_3070-4630_200_1985-11-12_D_1.las,ZAT9001,ZAT,,SA3,8661,0.9394,ZAT900,0.8936,3076.0,4732.0,2480,102196,1,1
BOGAT_014,BOGAT_014_INNK_3070-4630_200_1985-11-12_D_1.nlgx,BOGAT_014_INNK_3070-4630_200_1985-11-12_D_1.TIF,BOGAT_014_INNK_3070-4630_200_1985-11-12_D_1.las,TAU1,TAU,,SA4,4996,0.9944,TAU,0.9825,3076.0,4732.0,2480,102196,1,1
BOGAT_014,BOGAT_014_MBK_2200-2350_200_1984-12-08_D_1.nlgx,BOGAT_014_MBK_2200-2350_200_1984-12-08_D_1.jpg,BOGAT_014_MBK_2200-2350_200_1984-12-08_D_1.las,MBK1,MBK,,SA1,1231,0.9204,MBK,0.8887,2196.0,2356.0,1560,13154,3,1
BOGAT_014,BOGAT_014_MBK_2300-2828_200_1985-01-10_D_1.nlgx,BOGAT_014_MBK_2300-2828_200_1985-01-10_D_1.jpg,BOGAT_014_MBK_2300-2828_200_1985-01-10_D_1.las,MBK1,MBK,,SA1,2751,0.956,MBK,0.8081,2300.0,2828.0,1675,35615,3,1
BOGAT_014,BOGAT_014_MBK_2700-3070_200_1985-02-12_D_1.nlgx,BOGAT_014_MBK_2700-3070_200_1985-02-12_D_1.jpg,BOGAT_014_MBK_2700-3070_200_1985-02-12_D_1.las,MBK1,MBK,,SA1,2156,0.9309,MBK,0.893,2700.0,3076.0,1594,26654,3,1
BOGAT_014,BOGAT_014_MBK_3070-3596_200_1985-04-11_D_1.nlgx,BOGAT_014_MBK_3070-3596_200_1985-04-11_D_1.jpg,BOGAT_014_MBK_3070-3596_200_1985-04-11_D_1.las,MBK1,MBK,,SA1,3570,0.9305,MBK,0.8108,3070.0,3598.0,1589,35625,3,1
BOGAT_014,BOGAT_014_MBK_3550-3737_200_1985-04-23_D_1.nlgx,BOGAT_014_MBK_3550-3737_200_1985-04-23_D_1.jpg,BOGAT_014_MBK_3550-3737_200_1985-04-23_D_1.las,MBK1,MBK,,SA1,1100,0.9336,MBK,0.9015,3548.0,3740.0,1625,15397,3,1
BOGAT_014,BOGAT_014_MBK_3690-3984_200_1985-05-14_D_1.nlgx,BOGAT_014_MBK_3690-3984_200_1985-05-14_D_1.jpg,BOGAT_014_MBK_3690-3984_200_1985-05-14_D_1.las,MBK1,MBK,,SA1,2337,0.9303,MBK,0.7367,3688.0,3988.0,1659,21614,3,1
BOGAT_014,BOGAT_014_MBK_3930-4180_200_1985-06-05_D_1.nlgx,BOGAT_014_MBK_3930-4180_200_1985-06-05_D_1.jpg,BOGAT_014_MBK_3930-4180_200_1985-06-05_D_1.las,MBK1,MBK,,SA1,1697,0.9552,MBK,0.802,3926.0,4186.0,1604,19965,3,1
BOGAT_014,BOGAT_014_MBK_4100-4600_200_1985-08-08_D_1.nlgx,BOGAT_014_MBK_4100-4600_200_1985-08-08_D_1.jpg,BOGAT_014_MBK_4100-4600_200_1985-08-08_D_1.las,MBK1,MBK,,SA1,2890,0.9488,MBK,0.7807,4100.0,4608.0,1594,34646,3,1
BOGAT_014,BOGAT_014_MBK_4550-4650_200_1985-08-21_D_1.nlgx,BOGAT_014_MBK_4550-4650_200_1985-08-21_D_1.jpg,BOGAT_014_MBK_4550-4650_200_1985-08-21_D_1.las,MBK1,MBK,,SA1,521,0.9693,MBK,0.9513,4546.0,4666.0,1565,11025,3,1
BOGAT_014,BOGAT_014_MBK_4600-4730_200_1985-09-12_D_1.nlgx,BOGAT_014_MBK_4600-4730_200_1985-09-12_D_1.jpg,BOGAT_014_MBK_4600-4730_200_1985-09-12_D_1.las,MBK1,MBK,,SA1,816,0.9056,MBK,0.3567,4600.0,4782.0,1563,11980,3,1
BOGAT_014,BOGAT_014_MBK_4630-4855_200_1985-09-26_D_1.nlgx,BOGAT_014_MBK_4630-4855_200_1985-09-26_D_1.jpg,BOGAT_014_MBK_4630-4855_200_1985-09-26_D_1.las,MBK1,MBK,,SA1,952,0.9506,MBK,,4626.0,4858.0,1563,18083,3,1
BOGAT_014,"BOGAT_014_MK, SP_4310-4790_200_1985-09-12_D_1.nlgx","BOGAT_014_MK, SP_4310-4790_200_1985-09-12_D_1.jpg","BOGAT_014_MK, SP_4310-4790_200_1985-09-12_D_1.las",MGZ1,MGZ,,SA1,2781,0.9155,MGZ,0.6514,4310.0,4794.0,1568,33446,3,1
BOGAT_014,"BOGAT_014_MK, SP_4310-4790_200_1985-09-12_D_1.nlgx","BOGAT_014_MK, SP_4310-4790_200_1985-09-12_D_1.jpg","BOGAT_014_MK, SP_4310-4790_200_1985-09-12_D_1.las",MPZ1,MPZ,,SA2,2316,0.9573,MPZ,0.5683,4310.0,4794.0,1568,33446,2,1
BOGAT_014,"BOGAT_014_MK, SP_4310-4790_200_1985-09-12_D_1.nlgx","BOGAT_014_MK, SP_4310-4790_200_1985-09-12_D_1.jpg","BOGAT_014_MK, SP_4310-4790_200_1985-09-12_D_1.las",SP1,SP,,SA3,125,1.0,SP,0.996,4310.0,4794.0,1568,33446,1,1
BOGAT_014,BOGAT_014_MK_2184-3070_200_1985-02-12_D_1.nlgx,BOGAT_014_MK_2184-3070_200_1985-02-12_D_1.TIF,BOGAT_014_MK_2184-3070_200_1985-02-12_D_1.las,MPZ1,MPZ,,SA1,4272,0.8689,MPZ,0.2407,2184.0,3080.0,1527,59259,2,0
BOGAT_014,BOGAT_014_MK_2184-3070_200_1985-02-12_D_1.nlgx,BOGAT_014_MK_2184-3070_200_1985-02-12_D_1.TIF,BOGAT_014_MK_2184-3070_200_1985-02-12_D_1.las,MGZ1,MGZ,,SA2,5273,0.8847,MGZ,0.4581,2184.0,3080.0,1527,59259,2,0
BOGAT_014,BOGAT_014_MK_2184-3070_200_1985-02-12_D_1.nlgx,BOGAT_014_MK_2184-3070_200_1985-02-12_D_1.TIF,BOGAT_014_MK_2184-3070_200_1985-02-12_D_1.las,SP1,SP,,SA3,384,0.9818,SP,0.9912,2184.0,3080.0,1527,59259,1,1
BOGAT_014,BOGAT_014_MK_3070-3595_200_1985-04-11_D_1.nlgx,BOGAT_014_MK_3070-3595_200_1985-04-11_D_1.jpg,BOGAT_014_MK_3070-3595_200_1985-04-11_D_1.las,MPZ1,MPZ,,SA1,2578,0.9814,MPZ,0.8121,3070.0,3598.0,1596,35146,2,1
BOGAT_014,BOGAT_014_MK_3070-3595_200_1985-04-11_D_1.nlgx,BOGAT_014_MK_3070-3595_200_1985-04-11_D_1.jpg,BOGAT_014_MK_3070-3595_200_1985-04-11_D_1.las,MGZ1,MGZ,,SA2,3406,0.9495,MGZ,0.7845,3070.0,3598.0,1596,35146,2,1
BOGAT_014,BOGAT_014_MK_3070-3595_200_1985-04-11_D_1.nlgx,BOGAT_014_MK_3070-3595_200_1985-04-11_D_1.jpg,BOGAT_014_MK_3070-3595_200_1985-04-11_D_1.las,SP1,SP,,SA3,303,1.0,SP,0.986,3070.0,3598.0,1596,35146,1,1
BOGAT_014,BOGAT_014_MK_3075-3300_200_1985-03-21_D_1.nlgx,BOGAT_014_MK_3075-3300_200_1985-03-21_D_1.jpg,BOGAT_014_MK_3075-3300_200_1985-03-21_D_1.las,SP1,SP,,SA1,3495,1.0,SP,,3070.0,3310.0,1769,18316,1,1
BOGAT_014,BOGAT_014_MK_3075-3300_200_1985-03-21_D_1.nlgx,BOGAT_014_MK_3075-3300_200_1985-03-21_D_1.jpg,BOGAT_014_MK_3075-3300_200_1985-03-21_D_1.las,MGZ1,MGZ,,SA2,2630,0.9973,MGZ,,3070.0,3310.0,1769,18316,3,1
BOGAT_014,BOGAT_014_MK_3075-3300_200_1985-03-21_D_1.nlgx,BOGAT_014_MK_3075-3300_200_1985-03-21_D_1.jpg,BOGAT_014_MK_3075-3300_200_1985-03-21_D_1.las,MPZ1,MPZ,,SA3,1770,0.9989,MPZ,,3070.0,3310.0,1769,18316,2,1
BOGAT_014,BOGAT_014_MK_3540-3986_200_1985-05-14_D_1.nlgx,BOGAT_014_MK_3540-3986_200_1985-05-14_D_1.jpg,BOGAT_014_MK_3540-3986_200_1985-05-14_D_1.las,MGZ1,MGZ,,SA1,5178,0.9913,MGZ,0.3885,3540.0,3990.0,1672,31116,3,1
BOGAT_014,BOGAT_014_MK_3540-3986_200_1985-05-14_D_1.nlgx,BOGAT_014_MK_3540-3986_200_1985-05-14_D_1.jpg,BOGAT_014_MK_3540-3986_200_1985-05-14_D_1.las,SP1,SP,,SA2,2767,0.9986,SP,0.9835,3540.0,3990.0,1672,31116,1,1
BOGAT_014,BOGAT_014_MK_3540-3986_200_1985-05-14_D_1.nlgx,BOGAT_014_MK_3540-3986_200_1985-05-14_D_1.jpg,BOGAT_014_MK_3540-3986_200_1985-05-14_D_1.las,MPZ1,MPZ,,SA3,4420,0.9959,MPZ,0.3699,3540.0,3990.0,1672,31116,2,1
BOGAT_014,BOGAT_014_MK_3980-4360_200_1985-06-29_D_1.nlgx,BOGAT_014_MK_3980-4360_200_1985-06-29_D_1.jpg,BOGAT_014_MK_3980-4360_200_1985-06-29_D_1.las,MGZ1,MGZ,,SA1,4264,0.9939,MGZ,0.4033,3930.0,4370.0,1581,30160,2,1
BOGAT_014,BOGAT_014_MK_3980-4360_200_1985-06-29_D_1.nlgx,BOGAT_014_MK_3980-4360_200_1985-06-29_D_1.jpg,BOGAT_014_MK_3980-4360_200_1985-06-29_D_1.las,SP1,SP,,SA2,597,1.0,SP,0.9957,3930.0,4370.0,1581,30160,1,1
BOGAT_014,BOGAT_014_MK_3980-4360_200_1985-06-29_D_1.nlgx,BOGAT_014_MK_3980-4360_200_1985-06-29_D_1.jpg,BOGAT_014_MK_3980-4360_200_1985-06-29_D_1.las,MPZ1,MPZ,,SA3,5117,0.9998,MPZ,0.8018,3930.0,4370.0,1581,30160,1,1
BOGAT_014,BOGAT_014_MK_4310-4854_200_1985-09-26_D_1.nlgx,BOGAT_014_MK_4310-4854_200_1985-09-26_D_1.jpg,BOGAT_014_MK_4310-4854_200_1985-09-26_D_1.las,MGZ1,MGZ,,SA1,3149,0.9714,MGZ,0.823,4308.0,4856.0,1635,36927,1,1
BOGAT_014,BOGAT_014_MK_4310-4854_200_1985-09-26_D_1.nlgx,BOGAT_014_MK_4310-4854_200_1985-09-26_D_1.jpg,BOGAT_014_MK_4310-4854_200_1985-09-26_D_1.las,MPZ1,MPZ,,SA2,2778,0.986,MPZ,0.7326,4308.0,4856.0,1635,36927,2,1
BOGAT_014,BOGAT_014_MK_4310-4854_200_1985-09-26_D_1.nlgx,BOGAT_014_MK_4310-4854_200_1985-09-26_D_1.jpg,BOGAT_014_MK_4310-4854_200_1985-09-26_D_1.las,SP1,SP,,SA3,131,1.0,SP,0.993,4308.0,4856.0,1635,36927,1,1
BOGAT_014,"BOGAT_014_NGK, GK_3000-3530_500_1985-04-03_D_1.nlgx","BOGAT_014_NGK, GK_3000-3530_500_1985-04-03_D_1.jpg","BOGAT_014_NGK, GK_3000-3530_500_1985-04-03_D_1.las",GK1,GK,,SA1,947,0.9124,GK,0.874,2990.0,3540.0,2128,16207,1,1
BOGAT_014,"BOGAT_014_NGK, GK_3000-3530_500_1985-04-03_D_1.nlgx","BOGAT_014_NGK, GK_3000-3530_500_1985-04-03_D_1.jpg","BOGAT_014_NGK, GK_3000-3530_500_1985-04-03_D_1.las",NGK1,NGK,,SA2,1021,0.9696,NGK,0.8169,2990.0,3540.0,2128,16207,1,1
BOGAT_014,BOGAT_014_NGK_3480-4800_200_1985-09-14_D_1.nlgx,BOGAT_014_NGK_3480-4800_200_1985-09-14_D_1.TIF,BOGAT_014_NGK_3480-4800_200_1985-09-14_D_1.las,NGK1,NGK,,SA1,4459,0.4048,NGK,0.8792,3480.0,4808.0,2081,82272,2,0
BOGAT_014,BOGAT_014_PRM_0140-2350_500_1984-12-10_D_1.nlgx,BOGAT_014_PRM_0140-2350_500_1984-12-10_D_1.jpg,BOGAT_014_PRM_0140-2350_500_1984-12-10_D_1.las,CALI1,CALI,,SA1,4147,0.9901,CALI,0.8819,130.0,2360.0,2060,58061,1,1
BOGAT_014,BOGAT_014_PRM_0141-2490_500_1984-12-14_D_1.nlgx,BOGAT_014_PRM_0141-2490_500_1984-12-14_D_1.TIF,BOGAT_014_PRM_0141-2490_500_1984-12-14_D_1.las,CALI1,CALI,,SA1,4170,0.9813,CALI,0.8608,130.0,2490.0,1677,61429,1,1
BOGAT_014,BOGAT_014_PRM_0141-2825_500_1985-01-10_D_1.nlgx,BOGAT_014_PRM_0141-2825_500_1985-01-10_D_1.TIF,BOGAT_014_PRM_0141-2825_500_1985-01-10_D_1.las,CALI1,CALI,,SA1,6869,0.9856,CALI,0.9446,120.0,2830.0,2480,67162,1,1
BOGAT_014,BOGAT_014_PRM_0141-3070_500_1985-02-12_D_1.nlgx,BOGAT_014_PRM_0141-3070_500_1985-02-12_D_1.TIF,BOGAT_014_PRM_0141-3070_500_1985-02-12_D_1.las,CALI1,CALI,,SA1,6828,0.9785,CALI,0.9311,130.0,3070.0,2480,73347,1,1
BOGAT_014,BOGAT_014_PRM_0150-1890_500_1984-11-23_D_1.nlgx,BOGAT_014_PRM_0150-1890_500_1984-11-23_D_1.jpg,BOGAT_014_PRM_0150-1890_500_1984-11-23_D_1.las,CALI1,CALI,,SA1,2609,0.9962,CALI,0.9262,130.0,1900.0,2059,46388,1,1
BOGAT_014,BOGAT_014_PRM_3070-3580_500_1985-04-11_D_1.nlgx,BOGAT_014_PRM_3070-3580_500_1985-04-11_D_1.jpg,BOGAT_014_PRM_3070-3580_500_1985-04-11_D_1.las,CALI1,CALI,,SA1,1402,0.9922,CALI,0.8451,3060.0,3580.0,2096,16395,1,1
BOGAT_014,BOGAT_014_PRM_3070-3735_500_1985-04-23_D_1.nlgx,BOGAT_014_PRM_3070-3735_500_1985-04-23_D_1.jpg,BOGAT_014_PRM_3070-3735_500_1985-04-23_D_1.las,CALI1,CALI,,SA1,1932,0.9886,CALI,0.942,3060.0,3740.0,2048,20893,1,1
BOGAT_014,BOGAT_014_PRM_3070-4180_500_1985-06-05_D_1.nlgx,BOGAT_014_PRM_3070-4180_500_1985-06-05_D_1.jpg,BOGAT_014_PRM_3070-4180_500_1985-06-05_D_1.las,CALI1,CALI,,SA1,3198,0.9522,CALI,0.7566,3060.0,4190.0,2083,29660,1,1
BOGAT_014,BOGAT_014_PRM_3070-4650_500_1985-08-21_D_1.nlgx,BOGAT_014_PRM_3070-4650_500_1985-08-21_D_1.jpg,BOGAT_014_PRM_3070-4650_500_1985-08-21_D_1.las,CALI1,CALI,,SA1,3923,0.9572,CALI,0.6881,3060.0,4660.0,2550,41681,1,1
BOGAT_014,BOGAT_014_PRM_3070-4730_500_1985-09-12_D_1.nlgx,BOGAT_014_PRM_3070-4730_500_1985-09-12_D_1.jpg,BOGAT_014_PRM_3070-4730_500_1985-09-12_D_1.las,CALI1,CALI,,SA1,3782,0.9627,CALI,0.7243,3060.0,4740.0,2077,43489,1,1
BOGAT_014,BOGAT_014_PRM_3070-4855_500_1985-09-25_D_1.nlgx,BOGAT_014_PRM_3070-4855_500_1985-09-25_D_1.jpg,BOGAT_014_PRM_3070-4855_500_1985-09-25_D_1.las,CALI1,CALI,,SA1,5865,0.9282,CALI,0.6734,3070.0,4860.0,2550,48162,1,1
BOGAT_014,BOGAT_014_PRM_3074-3304_500_1985-03-20_D_1.nlgx,BOGAT_014_PRM_3074-3304_500_1985-03-20_D_1.jpg,BOGAT_014_PRM_3074-3304_500_1985-03-20_D_1.las,CALI1,CALI,,SA1,428,0.9953,CALI,0.7323,3060.0,3340.0,2143,11434,1,1
BOGAT_014,BOGAT_014_PRM_3074-4360_500_1985-06-28_D_1.nlgx,BOGAT_014_PRM_3074-4360_500_1985-06-28_D_1.jpg,BOGAT_014_PRM_3074-4360_500_1985-06-28_D_1.las,CALI1,CALI,,SA1,3086,0.9669,CALI,0.8106,3060.0,4370.0,2026,34694,1,1
BOGAT_014,BOGAT_014_PRM_3075-4520_500_1985-07-25_D_1.nlgx,BOGAT_014_PRM_3075-4520_500_1985-07-25_D_1.jpg,BOGAT_014_PRM_3075-4520_500_1985-07-25_D_1.las,CALI1,CALI,,SA1,3129,0.9872,CALI,0.7912,3060.0,4540.0,2026,39023,1,1
BOGAT_014,BOGAT_014_PRM_3075-4590_500_1985-08-08_D_1.nlgx,BOGAT_014_PRM_3075-4590_500_1985-08-08_D_1.jpg,BOGAT_014_PRM_3075-4590_500_1985-08-08_D_1.las,CALI1,CALI,,SA1,4110,0.9564,CALI,0.603,3060.0,4600.0,2137,40853,1,1
BOGAT_014,BOGAT_014_PRM_3080-3980_500_1985-05-13_D_1.nlgx,BOGAT_014_PRM_3080-3980_500_1985-05-13_D_1.jpg,BOGAT_014_PRM_3080-3980_500_1985-05-13_D_1.las,CALI1,CALI,,SA1,2542,0.9941,CALI,0.829,3070.0,3990.0,2052,25896,1,1
BOGAT_014,BOGAT_014_TK_0000-2640_200_1994-02-03_D_1.nlgx,BOGAT_014_TK_0000-2640_200_1994-02-03_D_1.TIF,BOGAT_014_TK_0000-2640_200_1994-02-03_D_1.las,TMDS11,TMDS,,SA2,959,0.8436,TMDS1,1.0,0.0,2648.0,2480,161528,14,0
BOGAT_014,BOGAT_014_TK_0000-2640_200_1994-02-03_D_1.nlgx,BOGAT_014_TK_0000-2640_200_1994-02-03_D_1.TIF,BOGAT_014_TK_0000-2640_200_1994-02-03_D_1.las,TMSS1,TMSS,,SA1,865,0.9642,TMSS,1.0,0.0,2648.0,2480,161528,13,1
BOGAT_014,BOGAT_014_TM_0000-3080_500_1984-02-12_D_1.nlgx,BOGAT_014_TM_0000-3080_500_1984-02-12_D_1.TIF,BOGAT_014_TM_0000-3080_500_1984-02-12_D_1.las,TMSS1,TMSS,,SA1,1518,0.9993,TMSS,0.9987,0.0,3100.0,1668,78593,11,1
BOGAT_014,BOGAT_014_ZSK_0140-4850_500_1985-09-25_D_1.nlgx,BOGAT_014_ZSK_0140-4850_500_1985-09-25_D_1.tif,BOGAT_014_ZSK_0140-4850_500_1985-09-25_D_1.las,SP1,SP,,SA1,3320,0.956,SP,0.9822,130.0,4860.0,1691,116147,1,1
BOGAT_014,BOGAT_014_ZSK_0140-4850_500_1985-09-25_D_1.nlgx,BOGAT_014_ZSK_0140-4850_500_1985-09-25_D_1.tif,BOGAT_014_ZSK_0140-4850_500_1985-09-25_D_1.las,PZ1,PZ,,SA2,4865,0.9975,PZ,0.9262,130.0,4860.0,1691,116147,2,1
BOGAT_014,BOGAT_014_ZSK_0140-4850_500_1985-09-25_D_1.nlgx,BOGAT_014_ZSK_0140-4850_500_1985-09-25_D_1.tif,BOGAT_014_ZSK_0140-4850_500_1985-09-25_D_1.las,GZ1,GZ,,SA3,6201,0.9113,GZ,0.9845,130.0,4860.0,1691,116147,4,1
BOGAT_015,BOGAT_015_AK_2500-3320_200_1989-11-25_D_1.nlgx,BOGAT_015_AK_2500-3320_200_1989-11-25_D_1.TIF,BOGAT_015_AK_2500-3320_200_1989-11-25_D_1.las,DTP1,DTP,,SA1,2486,0.9626,DTP,0.8783,2500.0,3324.0,2480,54136,1,1
BOGAT_015,BOGAT_015_AK_2500-3320_200_1989-11-25_D_1.nlgx,BOGAT_015_AK_2500-3320_200_1989-11-25_D_1.TIF,BOGAT_015_AK_2500-3320_200_1989-11-25_D_1.las,T11,T,,SA2,1606,0.9689,T1,0.8176,2500.0,3324.0,2480,54136,1,1
BOGAT_015,BOGAT_015_AK_2500-3320_200_1989-11-25_D_1.nlgx,BOGAT_015_AK_2500-3320_200_1989-11-25_D_1.TIF,BOGAT_015_AK_2500-3320_200_1989-11-25_D_1.las,T21,T,,SA3,1463,0.9754,T2,0.8551,2500.0,3324.0,2480,54136,1,1
BOGAT_015,BOGAT_015_AK_3320-4070_200_1990-02-01_D_1.nlgx,BOGAT_015_AK_3320-4070_200_1990-02-01_D_1.jpg,BOGAT_015_AK_3320-4070_200_1990-02-01_D_1.las,DTP1,DTP,,SA1,3023,0.9983,DTP,0.8737,3304.0,4072.0,2177,49830,1,1
BOGAT_015,BOGAT_015_AK_3320-4070_200_1990-02-01_D_1.nlgx,BOGAT_015_AK_3320-4070_200_1990-02-01_D_1.jpg,BOGAT_015_AK_3320-4070_200_1990-02-01_D_1.las,T11,T,,SA2,1888,0.9936,T1,0.637,3304.0,4072.0,2177,49830,1,1
BOGAT_015,BOGAT_015_AK_3320-4070_200_1990-02-01_D_1.nlgx,BOGAT_015_AK_3320-4070_200_1990-02-01_D_1.jpg,BOGAT_015_AK_3320-4070_200_1990-02-01_D_1.las,T21,T,,SA3,1700,0.9994,T2,0.6937,3304.0,4072.0,2177,49830,1,1
BOGAT_015,BOGAT_015_AK_4020-4346_200_1990-02-23_D_1.nlgx,BOGAT_015_AK_4020-4346_200_1990-02-23_D_1.jpg,BOGAT_015_AK_4020-4346_200_1990-02-23_D_1.las,DTP1,DTP,,SA1,1999,1.0,DTP,,4004.0,4352.0,2122,24651,1,1
BOGAT_015,BOGAT_015_AK_4020-4346_200_1990-02-23_D_1.nlgx,BOGAT_015_AK_4020-4346_200_1990-02-23_D_1.jpg,BOGAT_015_AK_4020-4346_200_1990-02-23_D_1.las,T11,T,,SA2,531,0.9623,T1,,4004.0,4352.0,2122,24651,1,1
BOGAT_015,BOGAT_015_AK_4020-4346_200_1990-02-23_D_1.nlgx,BOGAT_015_AK_4020-4346_200_1990-02-23_D_1.jpg,BOGAT_015_AK_4020-4346_200_1990-02-23_D_1.las,T21,T,,SA3,492,0.9695,T2,,4004.0,4352.0,2122,24651,1,1
BOGAT_015,BOGAT_015_AK_4300-4800_200_1990-05-23_D_1.nlgx,BOGAT_015_AK_4300-4800_200_1990-05-23_D_1.jpg,BOGAT_015_AK_4300-4800_200_1990-05-23_D_1.las,DTP1,DTP,,SA1,1523,0.9974,DTP,,4278.0,4802.0,2142,35996,1,1
BOGAT_015,BOGAT_015_AK_4300-4800_200_1990-05-23_D_1.nlgx,BOGAT_015_AK_4300-4800_200_1990-05-23_D_1.jpg,BOGAT_015_AK_4300-4800_200_1990-05-23_D_1.las,T11,T,,SA2,1290,0.9977,T1,,4278.0,4802.0,2142,35996,1,1
BOGAT_015,BOGAT_015_AK_4300-4800_200_1990-05-23_D_1.nlgx,BOGAT_015_AK_4300-4800_200_1990-05-23_D_1.jpg,BOGAT_015_AK_4300-4800_200_1990-05-23_D_1.las,T21,T,,SA3,1238,0.996,T2,,4278.0,4802.0,2142,35996,1,1
BOGAT_015,BOGAT_015_AKC_0000-3310_500_1990-02-01_D_1.nlgx,BOGAT_015_AKC_0000-3310_500_1990-02-01_D_1.TIF,BOGAT_015_AKC_0000-3310_500_1990-02-01_D_1.las,AK1,AK,,SA1,6035,0.8144,AK,0.9054,0.0,3304.0,2150,81893,1,0
BOGAT_015,BOGAT_015_AKC_0000-3310_500_1990-02-01_D_1.nlgx,BOGAT_015_AKC_0000-3310_500_1990-02-01_D_1.TIF,BOGAT_015_AKC_0000-3310_500_1990-02-01_D_1.las,AP1,AP,,SA2,5937,0.4856,AP,0.9032,0.0,3304.0,2150,81893,1,0
BOGAT_015,BOGAT_015_AKC_0000-3310_500_1990-02-01_D_1.nlgx,BOGAT_015_AKC_0000-3310_500_1990-02-01_D_1.TIF,BOGAT_015_AKC_0000-3310_500_1990-02-01_D_1.las,TP1,TP,,SA3,10326,0.6646,TP,0.8673,0.0,3304.0,2150,81893,1,0
BOGAT_015,BOGAT_015_BK_2500-2985_200_1989-10-27_D_1.nlgx,BOGAT_015_BK_2500-2985_200_1989-10-27_D_1.jpg,BOGAT_015_BK_2500-2985_200_1989-10-27_D_1.las,BK1,BK,,SA1,1766,1.0,BK,0.8215,2464.0,2984.0,1800,35816,2,1
BOGAT_015,BOGAT_015_BK_2920-3320_200_1989-11-26_D_1.nlgx,BOGAT_015_BK_2920-3320_200_1989-11-26_D_1.jpg,BOGAT_015_BK_2920-3320_200_1989-11-26_D_1.las,BK1,BK,,SA1,1860,1.0,BK,0.8199,2920.0,3324.0,1801,29026,2,1
BOGAT_015,BOGAT_015_BK_3310-3500_200_1989-12-22_D_1.nlgx,BOGAT_015_BK_3310-3500_200_1989-12-22_D_1.jpg,BOGAT_015_BK_3310-3500_200_1989-12-22_D_1.las,BK1,BK,,SA1,714,0.9958,BK,,3310.0,3506.0,1604,15950,2,1
BOGAT_015,BOGAT_015_BK_3400-3710_200_1990-01-08_D_1.nlgx,BOGAT_015_BK_3400-3710_200_1990-01-08_D_1.jpg,BOGAT_015_BK_3400-3710_200_1990-01-08_D_1.las,BK1,BK,,SA1,1730,0.9988,BK,,3400.0,3712.0,1549,22827,2,1
BOGAT_015,BOGAT_015_BK_3640-3880_200_1990-01-19_D_1.nlgx,BOGAT_015_BK_3640-3880_200_1990-01-19_D_1.jpg,BOGAT_015_BK_3640-3880_200_1990-01-19_D_1.las,BK1,BK,,SA1,1196,0.9992,BK,0.8136,3632.0,3880.0,1631,19070,2,1
BOGAT_015,BOGAT_015_BK_3800-4050_200_1990-01-30_D_1.nlgx,BOGAT_015_BK_3800-4050_200_1990-01-30_D_1.jpg,BOGAT_015_BK_3800-4050_200_1990-01-30_D_1.las,BK1,BK,,SA1,1265,1.0,BK,0.9352,3798.0,4058.0,1533,19342,1,1
BOGAT_015,BOGAT_015_BK_4000-4330_200_1990-02-20_D_1.nlgx,BOGAT_015_BK_4000-4330_200_1990-02-20_D_1.jpg,BOGAT_015_BK_4000-4330_200_1990-02-20_D_1.las,BK1,BK,,SA1,1927,0.999,BK,,3996.0,4328.0,1798,24483,3,1
BOGAT_015,BOGAT_015_BK_4100-4620_200_1990-04-26_D_1.nlgx,BOGAT_015_BK_4100-4620_200_1990-04-26_D_1.jpg,BOGAT_015_BK_4100-4620_200_1990-04-26_D_1.las,BK1,BK,,SA1,4109,0.9903,BK,0.9615,4092.0,4636.0,1779,36029,4,1
BOGAT_015,BOGAT_015_BK_4570-4795_200_1990-05-25_D_1.nlgx,BOGAT_015_BK_4570-4795_200_1990-05-25_D_1.jpg,BOGAT_015_BK_4570-4795_200_1990-05-25_D_1.las,BK1,BK,,SA1,2088,0.9646,BK,0.9338,4558.0,4794.0,1660,17945,3,1
BOGAT_015,"BOGAT_015_BKZ, DS_2460-2984_200_1989-10-27_D_1.nlgx","BOGAT_015_BKZ, DS_2460-2984_200_1989-10-27_D_1.jpg","BOGAT_015_BKZ, DS_2460-2984_200_1989-10-27_D_1.las",GZ41,GZ,,SA1,1209,1.0,GZ4,0.9837,2460.0,2992.0,2543,36179,2,1
BOGAT_015,"BOGAT_015_BKZ, DS_2460-2984_200_1989-10-27_D_1.nlgx","BOGAT_015_BKZ, DS_2460-2984_200_1989-10-27_D_1.jpg","BOGAT_015_BKZ, DS_2460-2984_200_1989-10-27_D_1.las",GZ51,GZ,,SA2,818,1.0,GZ5,0.9909,2460.0,2992.0,2543,36179,2,1
BOGAT_015,"BOGAT_015_BKZ, DS_2460-2984_200_1989-10-27_D_1.nlgx","BOGAT_015_BKZ, DS_2460-2984_200_1989-10-27_D_1.jpg","BOGAT_015_BKZ, DS_2460-2984_200_1989-10-27_D_1.las",CALI1,CALI,,SA3,2240,1.0,CALI,0.8386,2460.0,2992.0,2543,36179,1,1
BOGAT_015,"BOGAT_015_BKZ, DS_2460-2984_200_1989-10-27_D_1.nlgx","BOGAT_015_BKZ, DS_2460-2984_200_1989-10-27_D_1.jpg","BOGAT_015_BKZ, DS_2460-2984_200_1989-10-27_D_1.las",SP1,SP,,SA4,494,1.0,SP,0.9931,2460.0,2992.0,2543,36179,1,1
BOGAT_015,"BOGAT_015_BKZ, DS_2920-3320_200_1989-11-26_D_1.nlgx","BOGAT_015_BKZ, DS_2920-3320_200_1989-11-26_D_1.jpg","BOGAT_015_BKZ, DS_2920-3320_200_1989-11-26_D_1.las",GZ51,GZ,,SA1,12998,1.0,GZ5,,2920.0,3320.0,2550,28750,2,1
BOGAT_015,"BOGAT_015_BKZ, DS_2920-3320_200_1989-11-26_D_1.nlgx","BOGAT_015_BKZ, DS_2920-3320_200_1989-11-26_D_1.jpg","BOGAT_015_BKZ, DS_2920-3320_200_1989-11-26_D_1.las",GZ41,GZ,,SA2,15859,1.0,GZ4,,2920.0,3320.0,2550,28750,2,1
BOGAT_015,"BOGAT_015_BKZ, DS_2920-3320_200_1989-11-26_D_1.nlgx","BOGAT_015_BKZ, DS_2920-3320_200_1989-11-26_D_1.jpg","BOGAT_015_BKZ, DS_2920-3320_200_1989-11-26_D_1.las",SP1,SP,,SA3,1590,1.0,SP,,2920.0,3320.0,2550,28750,1,1
BOGAT_015,"BOGAT_015_BKZ, DS_2920-3320_200_1989-11-26_D_1.nlgx","BOGAT_015_BKZ, DS_2920-3320_200_1989-11-26_D_1.jpg","BOGAT_015_BKZ, DS_2920-3320_200_1989-11-26_D_1.las",CALI1,CALI,,SA4,4661,0.9996,CALI,,2920.0,3320.0,2550,28750,1,1
BOGAT_015,"BOGAT_015_BKZ, DS_3300-3700_200_1990-01-08_D_1.nlgx","BOGAT_015_BKZ, DS_3300-3700_200_1990-01-08_D_1.jpg","BOGAT_015_BKZ, DS_3300-3700_200_1990-01-08_D_1.las",CALI1,CALI,,SA1,2619,1.0,CALI,,3308.0,3712.0,2550,28118,1,1
BOGAT_015,"BOGAT_015_BKZ, DS_3300-3700_200_1990-01-08_D_1.nlgx","BOGAT_015_BKZ, DS_3300-3700_200_1990-01-08_D_1.jpg","BOGAT_015_BKZ, DS_3300-3700_200_1990-01-08_D_1.las",SP1,SP,,SA2,1942,1.0,SP,,3308.0,3712.0,2550,28118,1,1
BOGAT_015,"BOGAT_015_BKZ, DS_3300-3700_200_1990-01-08_D_1.nlgx","BOGAT_015_BKZ, DS_3300-3700_200_1990-01-08_D_1.jpg","BOGAT_015_BKZ, DS_3300-3700_200_1990-01-08_D_1.las",GZ41,GZ,,SA3,2025,0.9995,GZ4,,3308.0,3712.0,2550,28118,1,1
BOGAT_015,"BOGAT_015_BKZ, DS_3300-3700_200_1990-01-08_D_1.nlgx","BOGAT_015_BKZ, DS_3300-3700_200_1990-01-08_D_1.jpg","BOGAT_015_BKZ, DS_3300-3700_200_1990-01-08_D_1.las",GZ51,GZ,,SA4,591,1.0,GZ5,,3308.0,3712.0,2550,28118,1,1
BOGAT_015,"BOGAT_015_BKZ, DS_3310-3500_200_1989-12-22_D_1.nlgx","BOGAT_015_BKZ, DS_3310-3500_200_1989-12-22_D_1.jpg","BOGAT_015_BKZ, DS_3310-3500_200_1989-12-22_D_1.las",GZ51,GZ,,SA1,958,1.0,GZ5,,3306.0,3506.0,2550,15435,3,1
BOGAT_015,"BOGAT_015_BKZ, DS_3310-3500_200_1989-12-22_D_1.nlgx","BOGAT_015_BKZ, DS_3310-3500_200_1989-12-22_D_1.jpg","BOGAT_015_BKZ, DS_3310-3500_200_1989-12-22_D_1.las",GZ41,GZ,,SA2,1176,1.0,GZ4,,3306.0,3506.0,2550,15435,1,1
BOGAT_015,"BOGAT_015_BKZ, DS_3310-3500_200_1989-12-22_D_1.nlgx","BOGAT_015_BKZ, DS_3310-3500_200_1989-12-22_D_1.jpg","BOGAT_015_BKZ, DS_3310-3500_200_1989-12-22_D_1.las",CALI1,CALI,,SA3,1356,1.0,CALI,,3306.0,3506.0,2550,15435,1,1
BOGAT_015,"BOGAT_015_BKZ, DS_3310-3500_200_1989-12-22_D_1.nlgx","BOGAT_015_BKZ, DS_3310-3500_200_1989-12-22_D_1.jpg","BOGAT_015_BKZ, DS_3310-3500_200_1989-12-22_D_1.las",SP1,SP,,SA4,599,1.0,SP,,3306.0,3506.0,2550,15435,1,1
BOGAT_015,"BOGAT_015_BKZ, DS_3650-3876_200_1990-01-19_D_1.nlgx","BOGAT_015_BKZ, DS_3650-3876_200_1990-01-19_D_1.jpg","BOGAT_015_BKZ, DS_3650-3876_200_1990-01-19_D_1.las",GZ41,GZ,,SA1,1424,0.9979,GZ4,,3646.0,3876.0,2518,17864,1,1
BOGAT_015,"BOGAT_015_BKZ, DS_3650-3876_200_1990-01-19_D_1.nlgx","BOGAT_015_BKZ, DS_3650-3876_200_1990-01-19_D_1.jpg","BOGAT_015_BKZ, DS_3650-3876_200_1990-01-19_D_1.las",GZ51,GZ,,SA2,473,1.0,GZ5,,3646.0,3876.0,2518,17864,2,1
BOGAT_015,"BOGAT_015_BKZ, DS_3650-3876_200_1990-01-19_D_1.nlgx","BOGAT_015_BKZ, DS_3650-3876_200_1990-01-19_D_1.jpg","BOGAT_015_BKZ, DS_3650-3876_200_1990-01-19_D_1.las",CALI1,CALI,,SA3,1073,0.9991,CALI,,3646.0,3876.0,2518,17864,1,1
BOGAT_015,"BOGAT_015_BKZ, DS_3650-3876_200_1990-01-19_D_1.nlgx","BOGAT_015_BKZ, DS_3650-3876_200_1990-01-19_D_1.jpg","BOGAT_015_BKZ, DS_3650-3876_200_1990-01-19_D_1.las",SP1,SP,,SA4,362,1.0,SP,,3646.0,3876.0,2518,17864,1,1
BOGAT_015,"BOGAT_015_BKZ, DS_3780-4050_200_1990-01-30_D_1.nlgx","BOGAT_015_BKZ, DS_3780-4050_200_1990-01-30_D_1.jpg","BOGAT_015_BKZ, DS_3780-4050_200_1990-01-30_D_1.las",GZ41,GZ,,SA1,489,1.0,GZ4,,3780.0,4056.0,2550,19739,2,1
BOGAT_015,"BOGAT_015_BKZ, DS_3780-4050_200_1990-01-30_D_1.nlgx","BOGAT_015_BKZ, DS_3780-4050_200_1990-01-30_D_1.jpg","BOGAT_015_BKZ, DS_3780-4050_200_1990-01-30_D_1.las",GZ51,GZ,,SA2,248,1.0,GZ5,,3780.0,4056.0,2550,19739,3,1
BOGAT_015,"BOGAT_015_BKZ, DS_3780-4050_200_1990-01-30_D_1.nlgx","BOGAT_015_BKZ, DS_3780-4050_200_1990-01-30_D_1.jpg","BOGAT_015_BKZ, DS_3780-4050_200_1990-01-30_D_1.las",CALI1,CALI,,SA3,565,1.0,CALI,,3780.0,4056.0,2550,19739,1,1
BOGAT_015,"BOGAT_015_BKZ, DS_3780-4050_200_1990-01-30_D_1.nlgx","BOGAT_015_BKZ, DS_3780-4050_200_1990-01-30_D_1.jpg","BOGAT_015_BKZ, DS_3780-4050_200_1990-01-30_D_1.las",SP1,SP,,SA4,209,1.0,SP,,3780.0,4056.0,2550,19739,1,1
BOGAT_015,"BOGAT_015_BKZ, DS_4000-4325_200_1990-02-20_D_1.nlgx","BOGAT_015_BKZ, DS_4000-4325_200_1990-02-20_D_1.jpg","BOGAT_015_BKZ, DS_4000-4325_200_1990-02-20_D_1.las",GZ41,GZ,,SA1,1341,0.9888,GZ4,0.9871,3996.0,4328.0,2550,23429,2,1
BOGAT_015,"BOGAT_015_BKZ, DS_4000-4325_200_1990-02-20_D_1.nlgx","BOGAT_015_BKZ, DS_4000-4325_200_1990-02-20_D_1.jpg","BOGAT_015_BKZ, DS_4000-4325_200_1990-02-20_D_1.las",GZ51,GZ,,SA2,915,0.9989,GZ5,0.9844,3996.0,4328.0,2550,23429,2,1
BOGAT_015,"BOGAT_015_BKZ, DS_4000-4325_200_1990-02-20_D_1.nlgx","BOGAT_015_BKZ, DS_4000-4325_200_1990-02-20_D_1.jpg","BOGAT_015_BKZ, DS_4000-4325_200_1990-02-20_D_1.las",SP1,SP,,SA3,229,0.952,SP,0.9569,3996.0,4328.0,2550,23429,1,1
BOGAT_015,"BOGAT_015_BKZ, DS_4000-4325_200_1990-02-20_D_1.nlgx","BOGAT_015_BKZ, DS_4000-4325_200_1990-02-20_D_1.jpg","BOGAT_015_BKZ, DS_4000-4325_200_1990-02-20_D_1.las",CALI1,CALI,,SA4,1444,0.9903,CALI,0.8928,3996.0,4328.0,2550,23429,1,1
BOGAT_015,"BOGAT_015_BKZ, DS_4280-4540_200_1990-04-02_D_1.nlgx","BOGAT_015_BKZ, DS_4280-4540_200_1990-04-02_D_1.jpg","BOGAT_015_BKZ, DS_4280-4540_200_1990-04-02_D_1.las",GZ41,GZ,,SA1,599,1.0,GZ4,,4268.0,4544.0,2538,20169,3,1
BOGAT_015,"BOGAT_015_BKZ, DS_4280-4540_200_1990-04-02_D_1.nlgx","BOGAT_015_BKZ, DS_4280-4540_200_1990-04-02_D_1.jpg","BOGAT_015_BKZ, DS_4280-4540_200_1990-04-02_D_1.las",GZ51,GZ,,SA2,1012,1.0,GZ5,,4268.0,4544.0,2538,20169,3,1
BOGAT_015,"BOGAT_015_BKZ, DS_4280-4540_200_1990-04-02_D_1.nlgx","BOGAT_015_BKZ, DS_4280-4540_200_1990-04-02_D_1.jpg","BOGAT_015_BKZ, DS_4280-4540_200_1990-04-02_D_1.las",CALI1,CALI,,SA3,2296,1.0,CALI,,4268.0,4544.0,2538,20169,1,1
BOGAT_015,"BOGAT_015_BKZ, DS_4280-4540_200_1990-04-02_D_1.nlgx","BOGAT_015_BKZ, DS_4280-4540_200_1990-04-02_D_1.jpg","BOGAT_015_BKZ, DS_4280-4540_200_1990-04-02_D_1.las",SP1,SP,,SA4,341,1.0,SP,,4268.0,4544.0,2538,20169,1,1
BOGAT_015,"BOGAT_015_BKZ, DS_4490-4790_200_1990-05-25_D_1.nlgx","BOGAT_015_BKZ, DS_4490-4790_200_1990-05-25_D_1.jpg","BOGAT_015_BKZ, DS_4490-4790_200_1990-05-25_D_1.las",GZ41,GZ,,SA1,1088,1.0,GZ4,,4486.0,4798.0,2550,22062,2,1
BOGAT_015,"BOGAT_015_BKZ, DS_4490-4790_200_1990-05-25_D_1.nlgx","BOGAT_015_BKZ, DS_4490-4790_200_1990-05-25_D_1.jpg","BOGAT_015_BKZ, DS_4490-4790_200_1990-05-25_D_1.las",GZ51,GZ,,SA2,540,1.0,GZ5,,4486.0,4798.0,2550,22062,2,1
BOGAT_015,"BOGAT_015_BKZ, DS_4490-4790_200_1990-05-25_D_1.nlgx","BOGAT_015_BKZ, DS_4490-4790_200_1990-05-25_D_1.jpg","BOGAT_015_BKZ, DS_4490-4790_200_1990-05-25_D_1.las",CALI1,CALI,,SA3,1621,1.0,CALI,,4486.0,4798.0,2550,22062,1,1
BOGAT_015,"BOGAT_015_BKZ, DS_4490-4790_200_1990-05-25_D_1.nlgx","BOGAT_015_BKZ, DS_4490-4790_200_1990-05-25_D_1.jpg","BOGAT_015_BKZ, DS_4490-4790_200_1990-05-25_D_1.las",SP1,SP,,SA4,216,1.0,SP,,4486.0,4798.0,2550,22062,1,1
BOGAT_015,BOGAT_015_BKZ_2460-2984_200_1989-10-27_D_1.nlgx,BOGAT_015_BKZ_2460-2984_200_1989-10-27_D_1.jpg,BOGAT_015_BKZ_2460-2984_200_1989-10-27_D_1.las,GZ11,GZ,,SA1,5233,1.0,GZ1,,2460.0,2984.0,2550,35902,1,1
BOGAT_015,BOGAT_015_BKZ_2460-2984_200_1989-10-27_D_1.nlgx,BOGAT_015_BKZ_2460-2984_200_1989-10-27_D_1.jpg,BOGAT_015_BKZ_2460-2984_200_1989-10-27_D_1.las,GZ21,GZ,,SA2,5108,0.9996,GZ2,,2460.0,2984.0,2550,35902,2,1
BOGAT_015,BOGAT_015_BKZ_2460-2984_200_1989-10-27_D_1.nlgx,BOGAT_015_BKZ_2460-2984_200_1989-10-27_D_1.jpg,BOGAT_015_BKZ_2460-2984_200_1989-10-27_D_1.las,GZ31,GZ,,SA3,897,1.0,GZ3,,2460.0,2984.0,2550,35902,2,1
BOGAT_015,BOGAT_015_BKZ_2460-2984_200_1989-10-27_D_1.nlgx,BOGAT_015_BKZ_2460-2984_200_1989-10-27_D_1.jpg,BOGAT_015_BKZ_2460-2984_200_1989-10-27_D_1.las,OGZ1,OGZ,,SA4,1463,1.0,OGZ,,2460.0,2984.0,2550,35902,2,1
BOGAT_015,BOGAT_015_BKZ_2920-3320_200_1989-11-26_D_1.nlgx,BOGAT_015_BKZ_2920-3320_200_1989-11-26_D_1.jpg,BOGAT_015_BKZ_2920-3320_200_1989-11-26_D_1.las,GZ21,GZ,,SA1,3701,0.9997,GZ2,0.4663,2916.0,3320.0,2544,28710,1,1
BOGAT_015,BOGAT_015_BKZ_2920-3320_200_1989-11-26_D_1.nlgx,BOGAT_015_BKZ_2920-3320_200_1989-11-26_D_1.jpg,BOGAT_015_BKZ_2920-3320_200_1989-11-26_D_1.las,GZ11,GZ,,SA2,2428,1.0,GZ1,0.3842,2916.0,3320.0,2544,28710,2,1
BOGAT_015,BOGAT_015_BKZ_2920-3320_200_1989-11-26_D_1.nlgx,BOGAT_015_BKZ_2920-3320_200_1989-11-26_D_1.jpg,BOGAT_015_BKZ_2920-3320_200_1989-11-26_D_1.las,GZ31,GZ,,SA3,1552,1.0,GZ3,0.6378,2916.0,3320.0,2544,28710,2,1
BOGAT_015,BOGAT_015_BKZ_2920-3320_200_1989-11-26_D_1.nlgx,BOGAT_015_BKZ_2920-3320_200_1989-11-26_D_1.jpg,BOGAT_015_BKZ_2920-3320_200_1989-11-26_D_1.las,OGZ1,OGZ,,SA4,1267,1.0,OGZ,0.5956,2916.0,3320.0,2544,28710,1,1
BOGAT_015,BOGAT_015_BKZ_3310-3500_200_1989-12-22_D_1.nlgx,BOGAT_015_BKZ_3310-3500_200_1989-12-22_D_1.jpg,BOGAT_015_BKZ_3310-3500_200_1989-12-22_D_1.las,GZ11,GZ,,SA1,5449,1.0,GZ1,,3310.0,3502.0,2550,16214,1,1
BOGAT_015,BOGAT_015_BKZ_3310-3500_200_1989-12-22_D_1.nlgx,BOGAT_015_BKZ_3310-3500_200_1989-12-22_D_1.jpg,BOGAT_015_BKZ_3310-3500_200_1989-12-22_D_1.las,GZ21,GZ,,SA2,778,1.0,GZ2,,3310.0,3502.0,2550,16214,2,1
BOGAT_015,BOGAT_015_BKZ_3310-3500_200_1989-12-22_D_1.nlgx,BOGAT_015_BKZ_3310-3500_200_1989-12-22_D_1.jpg,BOGAT_015_BKZ_3310-3500_200_1989-12-22_D_1.las,GZ31,GZ,,SA3,829,0.9903,GZ3,,3310.0,3502.0,2550,16214,2,1
BOGAT_015,BOGAT_015_BKZ_3310-3500_200_1989-12-22_D_1.nlgx,BOGAT_015_BKZ_3310-3500_200_1989-12-22_D_1.jpg,BOGAT_015_BKZ_3310-3500_200_1989-12-22_D_1.las,OGZ1,OGZ,,SA4,763,1.0,OGZ,,3310.0,3502.0,2550,16214,1,1
BOGAT_015,BOGAT_015_BKZ_3400-3700_200_1990-01-08_D_1.nlgx,BOGAT_015_BKZ_3400-3700_200_1990-01-08_D_1.jpg,BOGAT_015_BKZ_3400-3700_200_1990-01-08_D_1.las,GZ11,GZ,,SA1,882,0.9989,GZ1,,3392.0,3708.0,2544,23273,1,1
BOGAT_015,BOGAT_015_BKZ_3400-3700_200_1990-01-08_D_1.nlgx,BOGAT_015_BKZ_3400-3700_200_1990-01-08_D_1.jpg,BOGAT_015_BKZ_3400-3700_200_1990-01-08_D_1.las,GZ21,GZ,,SA2,846,1.0,GZ2,,3392.0,3708.0,2544,23273,2,1
BOGAT_015,BOGAT_015_BKZ_3400-3700_200_1990-01-08_D_1.nlgx,BOGAT_015_BKZ_3400-3700_200_1990-01-08_D_1.jpg,BOGAT_015_BKZ_3400-3700_200_1990-01-08_D_1.las,GZ31,GZ,,SA3,612,0.9951,GZ3,,3392.0,3708.0,2544,23273,1,1
BOGAT_015,BOGAT_015_BKZ_3400-3700_200_1990-01-08_D_1.nlgx,BOGAT_015_BKZ_3400-3700_200_1990-01-08_D_1.jpg,BOGAT_015_BKZ_3400-3700_200_1990-01-08_D_1.las,OGZ1,OGZ,,SA4,692,1.0,OGZ,,3392.0,3708.0,2544,23273,2,1
BOGAT_015,BOGAT_015_BKZ_3650-3876_200_1990-01-19_D_1.nlgx,BOGAT_015_BKZ_3650-3876_200_1990-01-19_D_1.jpg,BOGAT_015_BKZ_3650-3876_200_1990-01-19_D_1.las,GZ11,GZ,,SA1,919,1.0,GZ1,,3644.0,3876.0,2550,18055,1,1
BOGAT_015,BOGAT_015_BKZ_3650-3876_200_1990-01-19_D_1.nlgx,BOGAT_015_BKZ_3650-3876_200_1990-01-19_D_1.jpg,BOGAT_015_BKZ_3650-3876_200_1990-01-19_D_1.las,GZ21,GZ,,SA2,555,1.0,GZ2,,3644.0,3876.0,2550,18055,2,1
BOGAT_015,BOGAT_015_BKZ_3650-3876_200_1990-01-19_D_1.nlgx,BOGAT_015_BKZ_3650-3876_200_1990-01-19_D_1.jpg,BOGAT_015_BKZ_3650-3876_200_1990-01-19_D_1.las,GZ31,GZ,,SA3,265,1.0,GZ3,,3644.0,3876.0,2550,18055,2,1
BOGAT_015,BOGAT_015_BKZ_3650-3876_200_1990-01-19_D_1.nlgx,BOGAT_015_BKZ_3650-3876_200_1990-01-19_D_1.jpg,BOGAT_015_BKZ_3650-3876_200_1990-01-19_D_1.las,OGZ1,OGZ,,SA4,310,1.0,OGZ,,3644.0,3876.0,2550,18055,2,1
BOGAT_015,BOGAT_015_BKZ_3800-4050_200_1990-01-30_D_1.nlgx,BOGAT_015_BKZ_3800-4050_200_1990-01-30_D_1.jpg,BOGAT_015_BKZ_3800-4050_200_1990-01-30_D_1.las,GZ11,GZ,,SA1,9937,1.0,GZ1,,3796.0,4052.0,2521,18879,1,1
BOGAT_015,BOGAT_015_BKZ_3800-4050_200_1990-01-30_D_1.nlgx,BOGAT_015_BKZ_3800-4050_200_1990-01-30_D_1.jpg,BOGAT_015_BKZ_3800-4050_200_1990-01-30_D_1.las,GZ21,GZ,,SA2,2585,1.0,GZ2,,3796.0,4052.0,2521,18879,1,1
BOGAT_015,BOGAT_015_BKZ_3800-4050_200_1990-01-30_D_1.nlgx,BOGAT_015_BKZ_3800-4050_200_1990-01-30_D_1.jpg,BOGAT_015_BKZ_3800-4050_200_1990-01-30_D_1.las,GZ31,GZ,,SA3,1649,0.9994,GZ3,,3796.0,4052.0,2521,18879,2,1
BOGAT_015,BOGAT_015_BKZ_3800-4050_200_1990-01-30_D_1.nlgx,BOGAT_015_BKZ_3800-4050_200_1990-01-30_D_1.jpg,BOGAT_015_BKZ_3800-4050_200_1990-01-30_D_1.las,OGZ1,OGZ,,SA4,906,1.0,OGZ,,3796.0,4052.0,2521,18879,2,1
BOGAT_015,BOGAT_015_BKZ_4000-4325_200_1990-02-20_D_1.nlgx,BOGAT_015_BKZ_4000-4325_200_1990-02-20_D_1.jpg,BOGAT_015_BKZ_4000-4325_200_1990-02-20_D_1.las,GZ11,GZ,,SA1,1555,1.0,GZ1,,3996.0,4324.0,2550,23651,1,1
BOGAT_015,BOGAT_015_BKZ_4000-4325_200_1990-02-20_D_1.nlgx,BOGAT_015_BKZ_4000-4325_200_1990-02-20_D_1.jpg,BOGAT_015_BKZ_4000-4325_200_1990-02-20_D_1.las,GZ21,GZ,,SA2,1506,0.9993,GZ2,,3996.0,4324.0,2550,23651,1,1
BOGAT_015,BOGAT_015_BKZ_4000-4325_200_1990-02-20_D_1.nlgx,BOGAT_015_BKZ_4000-4325_200_1990-02-20_D_1.jpg,BOGAT_015_BKZ_4000-4325_200_1990-02-20_D_1.las,GZ31,GZ,,SA3,610,1.0,GZ3,,3996.0,4324.0,2550,23651,1,1
BOGAT_015,BOGAT_015_BKZ_4000-4325_200_1990-02-20_D_1.nlgx,BOGAT_015_BKZ_4000-4325_200_1990-02-20_D_1.jpg,BOGAT_015_BKZ_4000-4325_200_1990-02-20_D_1.las,OGZ1,OGZ,,SA4,684,1.0,OGZ,,3996.0,4324.0,2550,23651,2,1
BOGAT_015,BOGAT_015_BKZ_4280-4540_200_1990-04-02_D_1.nlgx,BOGAT_015_BKZ_4280-4540_200_1990-04-02_D_1.jpg,BOGAT_015_BKZ_4280-4540_200_1990-04-02_D_1.las,GZ11,GZ,,SA1,1949,1.0,GZ1,,4268.0,4540.0,2548,19155,1,1
BOGAT_015,BOGAT_015_BKZ_4280-4540_200_1990-04-02_D_1.nlgx,BOGAT_015_BKZ_4280-4540_200_1990-04-02_D_1.jpg,BOGAT_015_BKZ_4280-4540_200_1990-04-02_D_1.las,GZ21,GZ,,SA2,2316,1.0,GZ2,,4268.0,4540.0,2548,19155,1,1
BOGAT_015,BOGAT_015_BKZ_4280-4540_200_1990-04-02_D_1.nlgx,BOGAT_015_BKZ_4280-4540_200_1990-04-02_D_1.jpg,BOGAT_015_BKZ_4280-4540_200_1990-04-02_D_1.las,GZ31,GZ,,SA3,652,1.0,GZ3,,4268.0,4540.0,2548,19155,2,1
BOGAT_015,BOGAT_015_BKZ_4280-4540_200_1990-04-02_D_1.nlgx,BOGAT_015_BKZ_4280-4540_200_1990-04-02_D_1.jpg,BOGAT_015_BKZ_4280-4540_200_1990-04-02_D_1.las,OGZ1,OGZ,,SA4,856,1.0,OGZ,,4268.0,4540.0,2548,19155,2,1
BOGAT_015,BOGAT_015_BKZ_4490-4790_200_1990-05-25_D_1.nlgx,BOGAT_015_BKZ_4490-4790_200_1990-05-25_D_1.jpg,BOGAT_015_BKZ_4490-4790_200_1990-05-25_D_1.las,GZ11,GZ,,SA1,1386,1.0,GZ1,,4486.0,4790.0,2550,21519,1,1
BOGAT_015,BOGAT_015_BKZ_4490-4790_200_1990-05-25_D_1.nlgx,BOGAT_015_BKZ_4490-4790_200_1990-05-25_D_1.jpg,BOGAT_015_BKZ_4490-4790_200_1990-05-25_D_1.las,GZ21,GZ,,SA2,1741,0.9989,GZ2,,4486.0,4790.0,2550,21519,1,1
BOGAT_015,BOGAT_015_BKZ_4490-4790_200_1990-05-25_D_1.nlgx,BOGAT_015_BKZ_4490-4790_200_1990-05-25_D_1.jpg,BOGAT_015_BKZ_4490-4790_200_1990-05-25_D_1.las,GZ31,GZ,,SA3,618,1.0,GZ3,,4486.0,4790.0,2550,21519,2,1
BOGAT_015,BOGAT_015_BKZ_4490-4790_200_1990-05-25_D_1.nlgx,BOGAT_015_BKZ_4490-4790_200_1990-05-25_D_1.jpg,BOGAT_015_BKZ_4490-4790_200_1990-05-25_D_1.las,OGZ1,OGZ,,SA4,773,1.0,OGZ,,4486.0,4790.0,2550,21519,2,1
BOGAT_015,"BOGAT_015_GK, NGK_0000-3320_500_1989-11-25_D_1.nlgx","BOGAT_015_GK, NGK_0000-3320_500_1989-11-25_D_1.TIF","BOGAT_015_GK, NGK_0000-3320_500_1989-11-25_D_1.las",GK1,GK,,SA1,8280,0.9168,GK,0.9397,0.0,3322.0,2085,81431,1,1
BOGAT_015,"BOGAT_015_GK, NGK_0000-3320_500_1989-11-25_D_1.nlgx","BOGAT_015_GK, NGK_0000-3320_500_1989-11-25_D_1.TIF","BOGAT_015_GK, NGK_0000-3320_500_1989-11-25_D_1.las",NGK1,NGK,,SA2,10577,0.97,NGK,0.8503,0.0,3322.0,2085,81431,1,1
BOGAT_015,"BOGAT_015_GK, NGK_0750-2200_200_1989-11-25_D_1.nlgx","BOGAT_015_GK, NGK_0750-2200_200_1989-11-25_D_1.TIF","BOGAT_015_GK, NGK_0750-2200_200_1989-11-25_D_1.las",GK1,GK,,SA1,8892,0.9997,GK,,748.0,2204.0,2480,91087,1,1
BOGAT_015,"BOGAT_015_GK, NGK_0750-2200_200_1989-11-25_D_1.nlgx","BOGAT_015_GK, NGK_0750-2200_200_1989-11-25_D_1.TIF","BOGAT_015_GK, NGK_0750-2200_200_1989-11-25_D_1.las",NGK1,NGK,,SA2,10508,0.9993,NGK,,748.0,2204.0,2480,91087,1,1
BOGAT_015,"BOGAT_015_GK, NGK_2500-3320_200_1989-11-25_D_1.nlgx","BOGAT_015_GK, NGK_2500-3320_200_1989-11-25_D_1.TIF","BOGAT_015_GK, NGK_2500-3320_200_1989-11-25_D_1.las",GK1,GK,,SA1,4379,0.9961,GK,,2500.0,3324.0,2480,55437,1,1
BOGAT_015,"BOGAT_015_GK, NGK_2500-3320_200_1989-11-25_D_1.nlgx","BOGAT_015_GK, NGK_2500-3320_200_1989-11-25_D_1.TIF","BOGAT_015_GK, NGK_2500-3320_200_1989-11-25_D_1.las",NGK1,NGK,,SA2,9552,0.998,NGK,,2500.0,3324.0,2480,55437,1,1
BOGAT_015,"BOGAT_015_GK, NGK_3260-4070_200_1990-02-01_D_1.nlgx","BOGAT_015_GK, NGK_3260-4070_200_1990-02-01_D_1.jpg","BOGAT_015_GK, NGK_3260-4070_200_1990-02-01_D_1.las",NGK1,NGK,,SA1,4297,0.9991,NGK,,3256.0,4072.0,2150,53392,1,1
BOGAT_015,"BOGAT_015_GK, NGK_3260-4070_200_1990-02-01_D_1.nlgx","BOGAT_015_GK, NGK_3260-4070_200_1990-02-01_D_1.jpg","BOGAT_015_GK, NGK_3260-4070_200_1990-02-01_D_1.las",GK1,GK,,SA2,3172,0.9978,GK,,3256.0,4072.0,2150,53392,1,1
BOGAT_015,"BOGAT_015_GK, NGK_4020-4346_200_1990-02-23_D_1.nlgx","BOGAT_015_GK, NGK_4020-4346_200_1990-02-23_D_1.jpg","BOGAT_015_GK, NGK_4020-4346_200_1990-02-23_D_1.las",NGK1,NGK,,SA1,2469,0.9996,NGK,,4008.0,4348.0,2122,27688,1,1
BOGAT_015,"BOGAT_015_GK, NGK_4020-4346_200_1990-02-23_D_1.nlgx","BOGAT_015_GK, NGK_4020-4346_200_1990-02-23_D_1.jpg","BOGAT_015_GK, NGK_4020-4346_200_1990-02-23_D_1.las",GK1,GK,,SA2,2205,1.0,GK,,4008.0,4348.0,2122,27688,1,1
BOGAT_015,"BOGAT_015_GK, NGK_4300-4800_200_1990-05-22_D_1.nlgx","BOGAT_015_GK, NGK_4300-4800_200_1990-05-22_D_1.jpg","BOGAT_015_GK, NGK_4300-4800_200_1990-05-22_D_1.las",GK1,GK,,SA1,2922,0.9993,GK,0.9769,4296.0,4800.0,2550,36245,2,1
BOGAT_015,"BOGAT_015_GK, NGK_4300-4800_200_1990-05-22_D_1.nlgx","BOGAT_015_GK, NGK_4300-4800_200_1990-05-22_D_1.jpg","BOGAT_015_GK, NGK_4300-4800_200_1990-05-22_D_1.las",NGK1,NGK,,SA2,3309,0.9976,NGK,0.9642,4296.0,4800.0,2550,36245,1,1
BOGAT_015,BOGAT_015_GZK_4080-4380_500_1990-02-27_D_1.nlgx,BOGAT_015_GZK_4080-4380_500_1990-02-27_D_1.JPG,BOGAT_015_GZK_4080-4380_500_1990-02-27_D_1.las,G_SUM1,G_SUM,,SA1,426,0.0047,G_SUM,,4074.0,4385.0,3008,10009,1,0
BOGAT_015,BOGAT_015_GZK_4380-4480_500_1990-03-25_D_1.nlgx,BOGAT_015_GZK_4380-4480_500_1990-03-25_D_1.JPG,BOGAT_015_GZK_4380-4480_500_1990-03-25_D_1.las,G_SUM1,G_SUM,,SA1,178,0.0,G_SUM,,4380.0,4490.0,2971,5231,1,0
BOGAT_015,BOGAT_015_GZK_4480-4570_500_1990-03-29_D_1.nlgx,BOGAT_015_GZK_4480-4570_500_1990-03-29_D_1.JPG,BOGAT_015_GZK_4480-4570_500_1990-03-29_D_1.las,G_SUM1,G_SUM,,SA1,147,0.0068,G_SUM,,4480.0,4580.0,3016,5383,2,0
BOGAT_015,BOGAT_015_GZK_4570-4800_500_1990-04-23_D_1.nlgx,BOGAT_015_GZK_4570-4800_500_1990-04-23_D_1.JPG,BOGAT_015_GZK_4570-4800_500_1990-04-23_D_1.las,G_SUM1,G_SUM,,SA1,357,0.0,G_SUM,,4570.0,4800.0,2956,8308,1,0
BOGAT_015,BOGAT_015_IK_2500-2985_200_1989-10-27_D_1.nlgx,BOGAT_015_IK_2500-2985_200_1989-10-27_D_1.jpg,BOGAT_015_IK_2500-2985_200_1989-10-27_D_1.las,IK1,IK,,SA1,1423,1.0,IK,,2500.0,2988.0,1802,35131,2,1
BOGAT_015,BOGAT_015_IK_2900-3320_200_1989-11-26_D_1.nlgx,BOGAT_015_IK_2900-3320_200_1989-11-26_D_1.jpg,BOGAT_015_IK_2900-3320_200_1989-11-26_D_1.las,IK1,IK,,SA1,1106,1.0,IK,0.7898,2900.0,3320.0,1591,30386,1,1
BOGAT_015,BOGAT_015_IK_3320-3880_200_1990-01-19_D_1.nlgx,BOGAT_015_IK_3320-3880_200_1990-01-19_D_1.jpg,BOGAT_015_IK_3320-3880_200_1990-01-19_D_1.las,IK1,IK,,SA1,5635,0.9993,IK,0.8317,3316.0,3880.0,1581,38593,1,1
BOGAT_015,BOGAT_015_IK_3800-4330_200_1990-02-20_D_1.nlgx,BOGAT_015_IK_3800-4330_200_1990-02-20_D_1.jpg,BOGAT_015_IK_3800-4330_200_1990-02-20_D_1.las,IKR1,IKR,,SA1,2448,0.9996,IKR,0.9452,3796.0,4328.0,2550,35096,1,1
BOGAT_015,BOGAT_015_IK_3800-4330_200_1990-02-20_D_1.nlgx,BOGAT_015_IK_3800-4330_200_1990-02-20_D_1.jpg,BOGAT_015_IK_3800-4330_200_1990-02-20_D_1.las,IKA1,IKA,,SA2,3725,0.9995,IKA,0.9021,3796.0,4328.0,2550,35096,2,1
BOGAT_015,BOGAT_015_IK_4270-4800_200_1990-05-25_D_1.nlgx,BOGAT_015_IK_4270-4800_200_1990-05-25_D_1.jpg,BOGAT_015_IK_4270-4800_200_1990-05-25_D_1.las,IKR1,IKR,,SA1,1006,0.9801,IKR,0.8503,4265.0,4794.0,2550,35517,1,1
BOGAT_015,BOGAT_015_IK_4270-4800_200_1990-05-25_D_1.nlgx,BOGAT_015_IK_4270-4800_200_1990-05-25_D_1.jpg,BOGAT_015_IK_4270-4800_200_1990-05-25_D_1.las,IKA1,IKA,,SA2,1746,0.949,IKA,0.9437,4265.0,4794.0,2550,35517,2,1
BOGAT_015,BOGAT_015_INNK_4344-4795_200_1990-05-26_D_1.nlgx,BOGAT_015_INNK_4344-4795_200_1990-05-26_D_1.jpg,BOGAT_015_INNK_4344-4795_200_1990-05-26_D_1.las,ZAT9001,ZAT,,SA1,2891,0.9903,ZAT900,0.9831,4340.0,4800.0,2550,30711,2,1
BOGAT_015,BOGAT_015_INNK_4344-4795_200_1990-05-26_D_1.nlgx,BOGAT_015_INNK_4344-4795_200_1990-05-26_D_1.jpg,BOGAT_015_INNK_4344-4795_200_1990-05-26_D_1.las,ZAT12001,ZAT,,SA2,2455,0.991,ZAT1200,0.9741,4340.0,4800.0,2550,30711,2,1
BOGAT_015,BOGAT_015_INNK_4344-4795_200_1990-05-26_D_1.nlgx,BOGAT_015_INNK_4344-4795_200_1990-05-26_D_1.jpg,BOGAT_015_INNK_4344-4795_200_1990-05-26_D_1.las,ZAT15001,ZAT,,SA3,2837,0.9919,ZAT1500,0.9583,4340.0,4800.0,2550,30711,2,1
BOGAT_015,BOGAT_015_INNK_4344-4795_200_1990-05-26_D_1.nlgx,BOGAT_015_INNK_4344-4795_200_1990-05-26_D_1.jpg,BOGAT_015_INNK_4344-4795_200_1990-05-26_D_1.las,TAU1,TAU,,SA4,2337,0.9979,TAU,0.9803,4340.0,4800.0,2550,30711,1,1
BOGAT_015,BOGAT_015_MBK_2470-2985_200_1989-10-27_D_1.nlgx,BOGAT_015_MBK_2470-2985_200_1989-10-27_D_1.jpg,BOGAT_015_MBK_2470-2985_200_1989-10-27_D_1.las,MBK1,MBK,,SA1,3969,1.0,MBK,,2464.0,2992.0,1632,35966,3,1
BOGAT_015,BOGAT_015_MBK_2850-3320_200_1989-11-26_D_1.nlgx,BOGAT_015_MBK_2850-3320_200_1989-11-26_D_1.jpg,BOGAT_015_MBK_2850-3320_200_1989-11-26_D_1.las,MBK1,MBK,,SA1,3106,0.9974,MBK,,2848.0,3324.0,1608,33329,3,1
BOGAT_015,BOGAT_015_MBK_3310-3500_200_1989-12-22_D_1.nlgx,BOGAT_015_MBK_3310-3500_200_1989-12-22_D_1.jpg,BOGAT_015_MBK_3310-3500_200_1989-12-22_D_1.las,MBK1,MBK,,SA1,2031,0.9936,MBK,0.3916,3310.0,3506.0,1648,16343,2,1
BOGAT_015,BOGAT_015_MBK_3420-3710_200_1990-01-08_D_1.nlgx,BOGAT_015_MBK_3420-3710_200_1990-01-08_D_1.jpg,BOGAT_015_MBK_3420-3710_200_1990-01-08_D_1.las,MBK1,MBK,,SA1,1638,0.9982,MBK,,3416.0,3712.0,1594,22403,2,1
BOGAT_015,BOGAT_015_MBK_3650-3880_200_1990-01-19_D_1.nlgx,BOGAT_015_MBK_3650-3880_200_1990-01-19_D_1.jpg,BOGAT_015_MBK_3650-3880_200_1990-01-19_D_1.las,MBK1,MBK,,SA1,1716,0.9988,MBK,0.8578,3648.0,3880.0,1603,18779,3,1
BOGAT_015,BOGAT_015_MBK_3790-4050_200_1990-01-30_D_1.nlgx,BOGAT_015_MBK_3790-4050_200_1990-01-30_D_1.jpg,BOGAT_015_MBK_3790-4050_200_1990-01-30_D_1.las,MBK1,MBK,,SA1,1733,0.9983,MBK,,3784.0,4060.0,1574,20229,3,1
BOGAT_015,BOGAT_015_MBK_4000-4330_200_1990-02-20_D_1.nlgx,BOGAT_015_MBK_4000-4330_200_1990-02-20_D_1.jpg,BOGAT_015_MBK_4000-4330_200_1990-02-20_D_1.las,MBK1,MBK,,SA1,3335,0.9625,MBK,0.768,4000.0,4328.0,1623,24155,3,1
BOGAT_015,BOGAT_015_MBK_4270-4800_200_1990-05-25_D_1.nlgx,BOGAT_015_MBK_4270-4800_200_1990-05-25_D_1.jpg,BOGAT_015_MBK_4270-4800_200_1990-05-25_D_1.las,MBK1,MBK,,SA1,2840,0.9637,MBK,0.8171,4266.0,4794.0,1776,36631,3,1
BOGAT_015,BOGAT_015_MK_2500-2985_200_1989-10-27_D_1.nlgx,BOGAT_015_MK_2500-2985_200_1989-10-27_D_1.jpg,BOGAT_015_MK_2500-2985_200_1989-10-27_D_1.las,MGZ1,MGZ,,SA1,1788,0.9989,MGZ,,2500.0,2992.0,1614,34129,1,1
BOGAT_015,BOGAT_015_MK_2500-2985_200_1989-10-27_D_1.nlgx,BOGAT_015_MK_2500-2985_200_1989-10-27_D_1.jpg,BOGAT_015_MK_2500-2985_200_1989-10-27_D_1.las,MPZ1,MPZ,,SA2,1654,1.0,MPZ,,2500.0,2992.0,1614,34129,1,1
BOGAT_015,BOGAT_015_MK_2900-3320_200_1989-11-26_D_1.nlgx,BOGAT_015_MK_2900-3320_200_1989-11-26_D_1.jpg,BOGAT_015_MK_2900-3320_200_1989-11-26_D_1.las,MGZ1,MGZ,,SA1,2328,0.9931,MGZ,0.3216,2900.0,3324.0,1579,30366,2,1
BOGAT_015,BOGAT_015_MK_2900-3320_200_1989-11-26_D_1.nlgx,BOGAT_015_MK_2900-3320_200_1989-11-26_D_1.jpg,BOGAT_015_MK_2900-3320_200_1989-11-26_D_1.las,MPZ1,MPZ,,SA2,2852,0.9765,MPZ,0.3447,2900.0,3324.0,1579,30366,1,1
BOGAT_015,BOGAT_015_MK_2900-3320_200_1989-11-26_D_1.nlgx,BOGAT_015_MK_2900-3320_200_1989-11-26_D_1.jpg,BOGAT_015_MK_2900-3320_200_1989-11-26_D_1.las,SP1,SP,,SA3,902,0.9967,SP,0.9154,2900.0,3324.0,1579,30366,1,1
BOGAT_015,BOGAT_015_MK_3310-3500_200_1989-12-22_D_1.nlgx,BOGAT_015_MK_3310-3500_200_1989-12-22_D_1.jpg,BOGAT_015_MK_3310-3500_200_1989-12-22_D_1.las,MGZ1,MGZ,,SA1,1150,0.9939,MGZ,,3310.0,3506.0,1748,15474,1,1
BOGAT_015,BOGAT_015_MK_3310-3500_200_1989-12-22_D_1.nlgx,BOGAT_015_MK_3310-3500_200_1989-12-22_D_1.jpg,BOGAT_015_MK_3310-3500_200_1989-12-22_D_1.las,MPZ1,MPZ,,SA2,1025,1.0,MPZ,,3310.0,3506.0,1748,15474,1,1
BOGAT_015,BOGAT_015_MK_3310-3500_200_1989-12-22_D_1.nlgx,BOGAT_015_MK_3310-3500_200_1989-12-22_D_1.jpg,BOGAT_015_MK_3310-3500_200_1989-12-22_D_1.las,SP1,SP,,SA3,304,0.9934,SP,,3310.0,3506.0,1748,15474,1,1
BOGAT_015,BOGAT_015_MK_3410-3700_200_1990-01-08_D_1.nlgx,BOGAT_015_MK_3410-3700_200_1990-01-08_D_1.jpg,BOGAT_015_MK_3410-3700_200_1990-01-08_D_1.las,MPZ1,MPZ,,SA1,2390,0.9992,MPZ,0.3927,3408.0,3712.0,1712,23071,2,1
BOGAT_015,BOGAT_015_MK_3410-3700_200_1990-01-08_D_1.nlgx,BOGAT_015_MK_3410-3700_200_1990-01-08_D_1.jpg,BOGAT_015_MK_3410-3700_200_1990-01-08_D_1.las,MGZ1,MGZ,,SA2,2382,0.9945,MGZ,0.5134,3408.0,3712.0,1712,23071,2,1
BOGAT_015,BOGAT_015_MK_3410-3700_200_1990-01-08_D_1.nlgx,BOGAT_015_MK_3410-3700_200_1990-01-08_D_1.jpg,BOGAT_015_MK_3410-3700_200_1990-01-08_D_1.las,SP1,SP,,SA3,503,0.9682,SP,0.5163,3408.0,3712.0,1712,23071,1,1
BOGAT_015,BOGAT_015_MK_3640-3870_200_1990-01-19_D_1.nlgx,BOGAT_015_MK_3640-3870_200_1990-01-19_D_1.jpg,BOGAT_015_MK_3640-3870_200_1990-01-19_D_1.las,MGZ1,MGZ,,SA1,1347,0.9963,MGZ,,3636.0,3880.0,1604,19380,1,1
BOGAT_015,BOGAT_015_MK_3640-3870_200_1990-01-19_D_1.nlgx,BOGAT_015_MK_3640-3870_200_1990-01-19_D_1.jpg,BOGAT_015_MK_3640-3870_200_1990-01-19_D_1.las,MPZ1,MPZ,,SA2,1117,1.0,MPZ,,3636.0,3880.0,1604,19380,1,1
BOGAT_015,BOGAT_015_MK_3640-3870_200_1990-01-19_D_1.nlgx,BOGAT_015_MK_3640-3870_200_1990-01-19_D_1.jpg,BOGAT_015_MK_3640-3870_200_1990-01-19_D_1.las,SP1,SP,,SA3,157,1.0,SP,,3636.0,3880.0,1604,19380,1,1
BOGAT_015,BOGAT_015_MK_3800-4055_200_1990-01-30_D_1.nlgx,BOGAT_015_MK_3800-4055_200_1990-01-30_D_1.jpg,BOGAT_015_MK_3800-4055_200_1990-01-30_D_1.las,MPZ1,MPZ,,SA1,1336,0.9858,MPZ,,3796.0,4060.0,1614,19687,2,1
BOGAT_015,BOGAT_015_MK_3800-4055_200_1990-01-30_D_1.nlgx,BOGAT_015_MK_3800-4055_200_1990-01-30_D_1.jpg,BOGAT_015_MK_3800-4055_200_1990-01-30_D_1.las,MGZ1,MGZ,,SA2,1420,0.9549,MGZ,,3796.0,4060.0,1614,19687,2,1
BOGAT_015,BOGAT_015_MK_3800-4055_200_1990-01-30_D_1.nlgx,BOGAT_015_MK_3800-4055_200_1990-01-30_D_1.jpg,BOGAT_015_MK_3800-4055_200_1990-01-30_D_1.las,SP1,SP,,SA3,350,0.9829,SP,,3796.0,4060.0,1614,19687,1,1
BOGAT_015,BOGAT_015_MK_4000-4800_200_1990-05-25_D_1.nlgx,BOGAT_015_MK_4000-4800_200_1990-05-25_D_1.jpg,BOGAT_015_MK_4000-4800_200_1990-05-25_D_1.las,MPZ1,MPZ,,SA1,2656,0.9767,MPZ,0.8387,3992.0,4792.0,1775,53056,1,1
BOGAT_015,BOGAT_015_MK_4000-4800_200_1990-05-25_D_1.nlgx,BOGAT_015_MK_4000-4800_200_1990-05-25_D_1.jpg,BOGAT_015_MK_4000-4800_200_1990-05-25_D_1.las,MGZ1,MGZ,,SA2,4441,0.9595,MGZ,0.844,3992.0,4792.0,1775,53056,2,1
BOGAT_015,BOGAT_015_PRM_0140-0870_500_1989-08-24_D_1.nlgx,BOGAT_015_PRM_0140-0870_500_1989-08-24_D_1.jpg,BOGAT_015_PRM_0140-0870_500_1989-08-24_D_1.las,CALI1,CALI,,SA1,1690,0.9988,CALI,0.9457,130.0,870.0,2099,21167,1,1
BOGAT_015,BOGAT_015_PRM_0140-1730_500_1989-09-04_D_1.nlgx,BOGAT_015_PRM_0140-1730_500_1989-09-04_D_1.jpg,BOGAT_015_PRM_0140-1730_500_1989-09-04_D_1.las,CALI1,CALI,,SA1,2982,0.998,CALI,,130.0,1740.0,2143,41459,1,1
BOGAT_015,BOGAT_015_PRM_0140-2360_500_1989-09-18_D_1.nlgx,BOGAT_015_PRM_0140-2360_500_1989-09-18_D_1.jpg,BOGAT_015_PRM_0140-2360_500_1989-09-18_D_1.las,CALI1,CALI,,SA1,4396,0.9989,CALI,,130.0,2360.0,2145,56156,1,1
BOGAT_015,BOGAT_015_PRM_0140-2630_500_1989-10-02_D_1.nlgx,BOGAT_015_PRM_0140-2630_500_1989-10-02_D_1.TIF,BOGAT_015_PRM_0140-2630_500_1989-10-02_D_1.las,CALI1,CALI,,SA1,8164,0.9866,CALI,,120.0,2640.0,2045,62467,1,1
BOGAT_015,BOGAT_015_PRM_0140-2980_500_1989-10-27_D_1.nlgx,BOGAT_015_PRM_0140-2980_500_1989-10-27_D_1.TIF,BOGAT_015_PRM_0140-2980_500_1989-10-27_D_1.las,CALI1,CALI,,SA1,8129,0.9793,CALI,,130.0,2980.0,2156,70158,1,1
BOGAT_015,BOGAT_015_PRM_0140-3318_500_1989-11-27_D_1.nlgx,BOGAT_015_PRM_0140-3318_500_1989-11-27_D_1.TIF,BOGAT_015_PRM_0140-3318_500_1989-11-27_D_1.las,CALI1,CALI,,SA1,36197,0.9983,CALI,,130.0,3320.0,2092,78710,1,1
BOGAT_015,BOGAT_015_PRM_3300-4330_500_1990-02-20_D_1.nlgx,BOGAT_015_PRM_3300-4330_500_1990-02-20_D_1.jpg,BOGAT_015_PRM_3300-4330_500_1990-02-20_D_1.las,CALI1,CALI,,SA1,2926,0.987,CALI,0.8276,3300.0,4330.0,2108,27990,1,1
BOGAT_015,BOGAT_015_PRM_3300-4540_500_1990-04-02_D_1.nlgx,BOGAT_015_PRM_3300-4540_500_1990-04-02_D_1.jpg,BOGAT_015_PRM_3300-4540_500_1990-04-02_D_1.las,CALI1,CALI,,SA1,5059,0.9917,CALI,0.7132,3300.0,4550.0,2132,33985,1,1
BOGAT_015,BOGAT_015_PRM_3302-4795_500_1990-05-22_D_1.nlgx,BOGAT_015_PRM_3302-4795_500_1990-05-22_D_1.jpg,BOGAT_015_PRM_3302-4795_500_1990-05-22_D_1.las,CALI1,CALI,,SA1,3651,0.9981,CALI,0.8288,3302.0,4795.0,2510,38840,1,1
BOGAT_015,BOGAT_015_PRM_3307-4793_500_1990-05-10_D_1.nlgx,BOGAT_015_PRM_3307-4793_500_1990-05-10_D_1.jpg,BOGAT_015_PRM_3307-4793_500_1990-05-10_D_1.las,CALI1,CALI,,SA1,3776,0.9989,CALI,0.9045,3307.0,4691.5,2550,36562,1,1
BOGAT_015,BOGAT_015_PRM_3310-3500_500_1989-12-12_D_1.nlgx,BOGAT_015_PRM_3310-3500_500_1989-12-12_D_1.jpg,BOGAT_015_PRM_3310-3500_500_1989-12-12_D_1.las,CALI1,CALI,,SA1,657,1.0,CALI,0.9547,3300.0,3510.0,2078,8368,1,1
BOGAT_015,BOGAT_015_PRM_3310-3680_500_1990-01-08_D_1.nlgx,BOGAT_015_PRM_3310-3680_500_1990-01-08_D_1.jpg,BOGAT_015_PRM_3310-3680_500_1990-01-08_D_1.las,CALI1,CALI,,SA1,1081,0.9981,CALI,,3300.0,3680.0,2065,12947,1,1
BOGAT_015,BOGAT_015_PRM_3310-3850_500_1990-01-19_D_1.nlgx,BOGAT_015_PRM_3310-3850_500_1990-01-19_D_1.jpg,BOGAT_015_PRM_3310-3850_500_1990-01-19_D_1.las,CALI1,CALI,,SA1,1417,0.9986,CALI,0.9757,3300.0,3860.0,2074,16853,1,1
BOGAT_015,BOGAT_015_PRM_3310-4055_500_1990-01-30_D_1.nlgx,BOGAT_015_PRM_3310-4055_500_1990-01-30_D_1.jpg,BOGAT_015_PRM_3310-4055_500_1990-01-30_D_1.las,CALI1,CALI,,SA1,2708,0.9996,CALI,0.7674,3300.0,4060.0,2121,21655,1,1
BOGAT_015,BOGAT_015_PRM_3310-4430_500_1990-03-13_D_1.nlgx,BOGAT_015_PRM_3310-4430_500_1990-03-13_D_1.jpg,BOGAT_015_PRM_3310-4430_500_1990-03-13_D_1.las,CALI1,CALI,,SA1,3229,0.9997,CALI,,3290.0,4430.0,2109,30650,1,1
BOGAT_015,BOGAT_015_PRM_3310-4620_500_1990-04-26_D_1.nlgx,BOGAT_015_PRM_3310-4620_500_1990-04-26_D_1.jpg,BOGAT_015_PRM_3310-4620_500_1990-04-26_D_1.las,CALI1,CALI,,SA1,4365,0.9936,CALI,0.6929,3300.0,4620.0,2182,34813,1,1
BOGAT_015,BOGAT_015_TM_0140-3320_500_1989-11-27_D_1.nlgx,BOGAT_015_TM_0140-3320_500_1989-11-27_D_1.TIF,BOGAT_015_TM_0140-3320_500_1989-11-27_D_1.las,TMSS1,TMSS,,SA1,659,0.8574,TMSS,,130.0,3330.0,2161,79301,9,0
BOGAT_015,BOGAT_015_TM_3270-3500_500_1989-12-22_D_1.nlgx,BOGAT_015_TM_3270-3500_500_1989-12-22_D_1.jpg,BOGAT_015_TM_3270-3500_500_1989-12-22_D_1.las,TM1,TM,,SA1,188,0.9574,TM,0.995,3250.0,3510.0,2172,9176,2,1
BOGAT_015,BOGAT_015_TM_3450-3690_500_1990-01-08_D_1.nlgx,BOGAT_015_TM_3450-3690_500_1990-01-08_D_1.jpg,BOGAT_015_TM_3450-3690_500_1990-01-08_D_1.las,TMSS1,TMSS,,SA1,159,0.9811,TMSS,,3430.0,3690.0,1713,9621,3,1
BOGAT_015,BOGAT_015_TM_3600-4070_500_1990-05-23_D_1.nlgx,BOGAT_015_TM_3600-4070_500_1990-05-23_D_1.jpg,BOGAT_015_TM_3600-4070_500_1990-05-23_D_1.las,TMSS1,TMSS,,SA1,889,0.9989,TMSS,,3600.0,4070.0,1765,14732,2,1
BOGAT_015,BOGAT_015_TM_4000-4800_500_1990-05-05_D_1.nlgx,BOGAT_015_TM_4000-4800_500_1990-05-05_D_1.jpg,BOGAT_015_TM_4000-4800_500_1990-05-05_D_1.las,TMSS1,TMSS,,SA1,229,0.9913,TMSS,0.9994,3982.0,4794.0,1903,22581,3,1
BOGAT_015,BOGAT_015_ZSK_0020-4790_500_1990-05-25_D_1.nlgx,BOGAT_015_ZSK_0020-4790_500_1990-05-25_D_1.TIF,BOGAT_015_ZSK_0020-4790_500_1990-05-25_D_1.las,SP1,SP,,SA1,3648,0.9934,SP,,10.0,4800.0,1506,118035,1,1
BOGAT_015,BOGAT_015_ZSK_0020-4790_500_1990-05-25_D_1.nlgx,BOGAT_015_ZSK_0020-4790_500_1990-05-25_D_1.TIF,BOGAT_015_ZSK_0020-4790_500_1990-05-25_D_1.las,GZ1,GZ,,SA2,6543,0.9895,GZ,,10.0,4800.0,1506,118035,3,1
BOGAT_015,BOGAT_015_ZSK_0020-4790_500_1990-05-25_D_1.nlgx,BOGAT_015_ZSK_0020-4790_500_1990-05-25_D_1.TIF,BOGAT_015_ZSK_0020-4790_500_1990-05-25_D_1.las,PZ1,PZ,,SA3,5214,1.0,PZ,,10.0,4800.0,1506,118035,2,1
KREMEN_057,KREMEN_057_AKC_0000-2430_500_1978-11-10_D_1.nlgx,KREMEN_057_AKC_0000-2430_500_1978-11-10_D_1.TIF,KREMEN_057_AKC_0000-2430_500_1978-11-10_D_1.las,TP1,TP,,SA1,3035,0.9381,TP,0.4925,0.0,2420.0,2480,61919,1,1
KREMEN_057,KREMEN_057_AKC_0000-2430_500_1978-11-10_D_1.nlgx,KREMEN_057_AKC_0000-2430_500_1978-11-10_D_1.TIF,KREMEN_057_AKC_0000-2430_500_1978-11-10_D_1.las,AP1,AP,,SA2,4683,0.6744,AP,0.5327,0.0,2420.0,2480,61919,1,0
KREMEN_057,KREMEN_057_AKC_0000-2430_500_1978-11-10_D_1.nlgx,KREMEN_057_AKC_0000-2430_500_1978-11-10_D_1.TIF,KREMEN_057_AKC_0000-2430_500_1978-11-10_D_1.las,AK1,AK,,SA3,3960,0.4654,AK,0.6689,0.0,2420.0,2480,61919,1,0
KREMEN_057,KREMEN_057_BK_1250-2440_200_1978-10-28_D_1.nlgx,KREMEN_057_BK_1250-2440_200_1978-10-28_D_1.TIF,KREMEN_057_BK_1250-2440_200_1978-10-28_D_1.las,BK1,BK,,SA1,8319,0.902,BK,0.7921,1250.0,2438.0,1501,74546,3,1
KREMEN_057,KREMEN_057_BKZ_1266-2434_200_1978-10-28_D_1.nlgx,KREMEN_057_BKZ_1266-2434_200_1978-10-28_D_1.TIF,KREMEN_057_BKZ_1266-2434_200_1978-10-28_D_1.las,GZ41,GZ,,SA1,7971,0.8707,GZ4,0.6799,1260.0,2436.0,2480,73034,3,0
KREMEN_057,KREMEN_057_BKZ_1266-2434_200_1978-10-28_D_1.nlgx,KREMEN_057_BKZ_1266-2434_200_1978-10-28_D_1.TIF,KREMEN_057_BKZ_1266-2434_200_1978-10-28_D_1.las,GZ51,GZ,,SA2,3084,0.9572,GZ5,0.7226,1260.0,2436.0,2480,73034,3,1
KREMEN_057,KREMEN_057_BKZ_1266-2434_200_1978-10-28_D_1.nlgx,KREMEN_057_BKZ_1266-2434_200_1978-10-28_D_1.TIF,KREMEN_057_BKZ_1266-2434_200_1978-10-28_D_1.las,CALI1,CALI,,SA3,5596,0.4973,CALI,0.6352,1260.0,2436.0,2480,73034,1,0
KREMEN_057,KREMEN_057_BKZ_1266-2434_200_1978-10-28_D_1.nlgx,KREMEN_057_BKZ_1266-2434_200_1978-10-28_D_1.TIF,KREMEN_057_BKZ_1266-2434_200_1978-10-28_D_1.las,DS1,DS,,SA4,6642,0.7695,DS,0.6224,1260.0,2436.0,2480,73034,1,0
KREMEN_057,KREMEN_057_BKZ_1266-2434_200_1978-10-28_D_11.nlgx,KREMEN_057_BKZ_1266-2434_200_1978-10-28_D_11.TIF,KREMEN_057_BKZ_1266-2434_200_1978-10-28_D_11.las,GZ11,GZ,,SA1,4198,0.9009,GZ1,0.9952,1260.0,2440.0,2480,74149,2,1
KREMEN_057,KREMEN_057_BKZ_1266-2434_200_1978-10-28_D_11.nlgx,KREMEN_057_BKZ_1266-2434_200_1978-10-28_D_11.TIF,KREMEN_057_BKZ_1266-2434_200_1978-10-28_D_11.las,GZ21,GZ,,SA2,6696,0.8871,GZ2,0.9984,1260.0,2440.0,2480,74149,3,0
KREMEN_057,KREMEN_057_BKZ_1266-2434_200_1978-10-28_D_11.nlgx,KREMEN_057_BKZ_1266-2434_200_1978-10-28_D_11.TIF,KREMEN_057_BKZ_1266-2434_200_1978-10-28_D_11.las,GZ31,GZ,,SA3,3379,0.5111,GZ3,0.9975,1260.0,2440.0,2480,74149,3,0
KREMEN_057,KREMEN_057_BKZ_1266-2434_200_1978-10-28_D_11.nlgx,KREMEN_057_BKZ_1266-2434_200_1978-10-28_D_11.TIF,KREMEN_057_BKZ_1266-2434_200_1978-10-28_D_11.las,OGZ1,OGZ,,SA4,5571,0.5697,OGZ,0.9956,1260.0,2440.0,2480,74149,3,0
KREMEN_057,KREMEN_057_DS_0240-1266_500_1998-09-22_D_1.nlgx,KREMEN_057_DS_0240-1266_500_1998-09-22_D_1.jpg,KREMEN_057_DS_0240-1266_500_1998-09-22_D_1.las,CALI1,CALI,,SA1,19156,0.9998,CALI,,240.0,1270.0,1574,28136,1,1
KREMEN_057,KREMEN_057_DS_0249-0679_500_1978-09-12_D_1.nlgx,KREMEN_057_DS_0249-0679_500_1978-09-12_D_1.jpg,KREMEN_057_DS_0249-0679_500_1978-09-12_D_1.las,CALI1,CALI,,SA1,1610,1.0,CALI,0.863,230.0,680.0,1501,14468,1,1
KREMEN_057,KREMEN_057_DS_1270-1920_500_1978-10-05_D_1.nlgx,KREMEN_057_DS_1270-1920_500_1978-10-05_D_1.jpg,KREMEN_057_DS_1270-1920_500_1978-10-05_D_1.las,CALI1,CALI,,SA1,5849,0.9995,CALI,,1260.0,1920.0,1552,19021,1,1
KREMEN_057,KREMEN_057_DS_1870-2413_500_1978-10-28_D_1.nlgx,KREMEN_057_DS_1870-2413_500_1978-10-28_D_1.jpg,KREMEN_057_DS_1870-2413_500_1978-10-28_D_1.las,CALI1,CALI,,SA1,1376,0.984,CALI,,1860.0,2420.0,1586,16999,1,1
KREMEN_057,"KREMEN_057_GK, NGK_1180-2430_500_1978-11-10_D_1.nlgx","KREMEN_057_GK, NGK_1180-2430_500_1978-11-10_D_1.jpg","KREMEN_057_GK, NGK_1180-2430_500_1978-11-10_D_1.las",GK1,GK,,SA1,2383,0.948,GK,,1170.0,2430.0,2550,33992,1,1
KREMEN_057,"KREMEN_057_GK, NGK_1180-2430_500_1978-11-10_D_1.nlgx","KREMEN_057_GK, NGK_1180-2430_500_1978-11-10_D_1.jpg","KREMEN_057_GK, NGK_1180-2430_500_1978-11-10_D_1.las",NGK1,NGK,,SA2,4343,0.9929,NGK,,1170.0,2430.0,2550,33992,3,1
KREMEN_057,"KREMEN_057_GK, NGK_1200-2400_200_1980-11-24_D_1.nlgx","KREMEN_057_GK, NGK_1200-2400_200_1980-11-24_D_1.TIF","KREMEN_057_GK, NGK_1200-2400_200_1980-11-24_D_1.las",NGK1,NGK,,SA1,10130,0.7854,NGK,0.9904,1180.0,2396.0,2480,92889,2,0
KREMEN_057,"KREMEN_057_GK, NGK_1200-2400_200_1980-11-24_D_1.nlgx","KREMEN_057_GK, NGK_1200-2400_200_1980-11-24_D_1.TIF","KREMEN_057_GK, NGK_1200-2400_200_1980-11-24_D_1.las",GK1,GK,,SA2,9274,0.3218,GK,0.9215,1180.0,2396.0,2480,92889,2,0
KREMEN_057,"KREMEN_057_GK, NGK_1500-2420_200_1987-03-26_D_1.nlgx","KREMEN_057_GK, NGK_1500-2420_200_1987-03-26_D_1.TIF","KREMEN_057_GK, NGK_1500-2420_200_1987-03-26_D_1.las",NGK1,NGK,,SA1,4062,0.7176,NGK,,1500.0,2432.0,2480,66707,2,0
KREMEN_057,"KREMEN_057_GK, NGK_1500-2420_200_1987-03-26_D_1.nlgx","KREMEN_057_GK, NGK_1500-2420_200_1987-03-26_D_1.TIF","KREMEN_057_GK, NGK_1500-2420_200_1987-03-26_D_1.las",GK1,GK,,SA2,4683,0.6893,GK,,1500.0,2432.0,2480,66707,3,0
KREMEN_057,"KREMEN_057_GK, NGK_1596-2330_200_1980-10-22_D_1.nlgx","KREMEN_057_GK, NGK_1596-2330_200_1980-10-22_D_1.TIF","KREMEN_057_GK, NGK_1596-2330_200_1980-10-22_D_1.las",NGK1,NGK,,SA1,6308,0.7678,NGK,0.9027,1592.0,2336.0,3391,57386,1,0
KREMEN_057,"KREMEN_057_GK, NGK_1596-2330_200_1980-10-22_D_1.nlgx","KREMEN_057_GK, NGK_1596-2330_200_1980-10-22_D_1.TIF","KREMEN_057_GK, NGK_1596-2330_200_1980-10-22_D_1.las",GK1,GK,,SA2,5054,0.8506,GK,0.8754,1592.0,2336.0,3391,57386,2,0
KREMEN_057,KREMEN_057_GK_0000-1270_500_1978-09-22_D_1.nlgx,KREMEN_057_GK_0000-1270_500_1978-09-22_D_1.jpg,KREMEN_057_GK_0000-1270_500_1978-09-22_D_1.las,GK1,GK,,SA1,4855,0.9858,GK,,0.0,1270.0,1501,34612,1,1
KREMEN_057,KREMEN_057_GK_1570-1770_500_1989-08-25_D_1.nlgx,KREMEN_057_GK_1570-1770_500_1989-08-25_D_1.jpg,KREMEN_057_GK_1570-1770_500_1989-08-25_D_1.las,GK1,GK,,SA1,336,0.5298,GK,,1583.0,1773.0,2550,10061,1,0
KREMEN_057,KREMEN_057_GK_2200-2400_200_1987-05-15_D_1.nlgx,KREMEN_057_GK_2200-2400_200_1987-05-15_D_1.jpg,KREMEN_057_GK_2200-2400_200_1987-05-15_D_1.las,GK1,GK,,SA1,1157,0.9965,GK,0.979,2200.0,2404.0,2533,16318,1,1
KREMEN_057,KREMEN_057_INNK_0000-2400_200_1988-12-07_D_1.nlgx,KREMEN_057_INNK_0000-2400_200_1988-12-07_D_1.TIF,KREMEN_057_INNK_0000-2400_200_1988-12-07_D_1.las,ZAT16501,ZAT,,SA1,9308,0.9049,ZAT1650,0.8211,0.0,2400.0,2480,161763,2,1
KREMEN_057,KREMEN_057_INNK_0000-2400_200_1988-12-07_D_1.nlgx,KREMEN_057_INNK_0000-2400_200_1988-12-07_D_1.TIF,KREMEN_057_INNK_0000-2400_200_1988-12-07_D_1.las,ZAT10501,ZAT,,SA2,13756,0.9915,ZAT1050,0.7971,0.0,2400.0,2480,161763,2,1
KREMEN_057,KREMEN_057_INNK_0000-2400_200_1988-12-07_D_1.nlgx,KREMEN_057_INNK_0000-2400_200_1988-12-07_D_1.TIF,KREMEN_057_INNK_0000-2400_200_1988-12-07_D_1.las,ZAT7501,ZAT,,SA3,6223,0.5223,ZAT750,0.697,0.0,2400.0,2480,161763,2,0
KREMEN_057,KREMEN_057_INNK_0000-2400_200_1988-12-07_D_1.nlgx,KREMEN_057_INNK_0000-2400_200_1988-12-07_D_1.TIF,KREMEN_057_INNK_0000-2400_200_1988-12-07_D_1.las,TAU1,TAU,,SA4,20139,0.9755,TAU,0.9553,0.0,2400.0,2480,161763,1,1
KREMEN_057,KREMEN_057_INNK_0000-2400_200_1988-12-07_D_1.nlgx,KREMEN_057_INNK_0000-2400_200_1988-12-07_D_1.TIF,KREMEN_057_INNK_0000-2400_200_1988-12-07_D_1.las,ZAT3501,ZAT,,SA5,9315,0.8646,ZAT350,0.621,0.0,2400.0,2480,161763,2,0
KREMEN_057,KREMEN_057_INNK_1200-2392_200_1987-12-09_D_1.nlgx,KREMEN_057_INNK_1200-2392_200_1987-12-09_D_1.TIF,KREMEN_057_INNK_1200-2392_200_1987-12-09_D_1.las,ZAT10501,ZAT,,SA1,7458,0.9708,ZAT1050,-0.0029,1192.0,2392.0,2480,91247,2,1
KREMEN_057,KREMEN_057_INNK_1200-2392_200_1987-12-09_D_1.nlgx,KREMEN_057_INNK_1200-2392_200_1987-12-09_D_1.TIF,KREMEN_057_INNK_1200-2392_200_1987-12-09_D_1.las,TAU1,TAU,,SA2,7517,0.7734,TAU,0.259,1192.0,2392.0,2480,91247,2,0
KREMEN_057,KREMEN_057_INNK_1200-2392_200_1987-12-09_D_1.nlgx,KREMEN_057_INNK_1200-2392_200_1987-12-09_D_1.TIF,KREMEN_057_INNK_1200-2392_200_1987-12-09_D_1.las,ZAT13501,ZAT,,SA3,6022,0.7891,ZAT1350,0.0247,1192.0,2392.0,2480,91247,3,0
KREMEN_057,KREMEN_057_INNK_1200-2392_200_1987-12-09_D_1.nlgx,KREMEN_057_INNK_1200-2392_200_1987-12-09_D_1.TIF,KREMEN_057_INNK_1200-2392_200_1987-12-09_D_1.las,ZAT16501,ZAT,,SA4,3718,0.6568,ZAT1650,0.1905,1192.0,2392.0,2480,91247,2,0
KREMEN_057,KREMEN_057_INNK_1200-2392_200_1987-12-09_D_1.nlgx,KREMEN_057_INNK_1200-2392_200_1987-12-09_D_1.TIF,KREMEN_057_INNK_1200-2392_200_1987-12-09_D_1.las,ZAT7501,ZAT,,SA5,4010,0.8995,ZAT750,0.1861,1192.0,2392.0,2480,91247,1,0
KREMEN_057,KREMEN_057_INNK_1500-2430_200_1987-03-31_D_1.nlgx,KREMEN_057_INNK_1500-2430_200_1987-03-31_D_1.TIF,KREMEN_057_INNK_1500-2430_200_1987-03-31_D_1.las,TAU1,TAU,,SA1,11820,0.9566,TAU,,1492.0,2428.0,2480,74504,1,1
KREMEN_057,KREMEN_057_INNK_1500-2430_200_1987-03-31_D_1.nlgx,KREMEN_057_INNK_1500-2430_200_1987-03-31_D_1.TIF,KREMEN_057_INNK_1500-2430_200_1987-03-31_D_1.las,ZAT7501,ZAT,,SA2,4684,0.6552,ZAT750,,1492.0,2428.0,2480,74504,2,0
KREMEN_057,KREMEN_057_INNK_1500-2430_200_1987-03-31_D_1.nlgx,KREMEN_057_INNK_1500-2430_200_1987-03-31_D_1.TIF,KREMEN_057_INNK_1500-2430_200_1987-03-31_D_1.las,ZAT10501,ZAT,,SA3,4867,0.8328,ZAT1050,,1492.0,2428.0,2480,74504,2,0
KREMEN_057,KREMEN_057_INNK_1500-2430_200_1987-03-31_D_1.nlgx,KREMEN_057_INNK_1500-2430_200_1987-03-31_D_1.TIF,KREMEN_057_INNK_1500-2430_200_1987-03-31_D_1.las,ZAT13501,ZAT,,SA4,1787,0.0733,ZAT1350,,1492.0,2428.0,2480,74504,3,0
KREMEN_057,KREMEN_057_INNK_1500-2430_200_1987-03-31_D_1.nlgx,KREMEN_057_INNK_1500-2430_200_1987-03-31_D_1.TIF,KREMEN_057_INNK_1500-2430_200_1987-03-31_D_1.las,ZAT16501,ZAT,,SA5,1709,0.5752,ZAT1650,,1492.0,2428.0,2480,74504,2,0
KREMEN_057,KREMEN_057_MBK_1260-2435_200_1978-10-28_D_1.nlgx,KREMEN_057_MBK_1260-2435_200_1978-10-28_D_1.TIF,KREMEN_057_MBK_1260-2435_200_1978-10-28_D_1.las,MBK1,MBK,,SA1,7683,0.6642,MBK,,1260.0,2208.0,1534,60117,3,0
KREMEN_057,KREMEN_057_OCK_0000-1471_500_1978-11-03_D_1.nlgx,KREMEN_057_OCK_0000-1471_500_1978-11-03_D_1.jpg,KREMEN_057_OCK_0000-1471_500_1978-11-03_D_1.las,TMSS1,TMSS,,SA1,31055,0.9957,TMSS,,0.0,1480.0,2550,38873,3,1
KREMEN_057,KREMEN_057_RK_1200-2380_200_1978-12-17_D_1.nlgx,KREMEN_057_RK_1200-2380_200_1978-12-17_D_1.TIF,KREMEN_057_RK_1200-2380_200_1978-12-17_D_1.las,NGK1,NGK,,SA1,7365,0.9453,NGK,0.9939,1196.0,2388.0,2480,82315,3,1
KREMEN_057,KREMEN_057_RK_1200-2380_200_1978-12-17_D_1.nlgx,KREMEN_057_RK_1200-2380_200_1978-12-17_D_1.TIF,KREMEN_057_RK_1200-2380_200_1978-12-17_D_1.las,GK1,GK,,SA2,7904,0.9066,GK,0.9671,1196.0,2388.0,2480,82315,2,1
KREMEN_057,KREMEN_057_SK_0253-1265_500_1978-09-22_D_1.nlgx,KREMEN_057_SK_0253-1265_500_1978-09-22_D_1.jpg,KREMEN_057_SK_0253-1265_500_1978-09-22_D_1.las,OGZ1,OGZ,,SA1,4468,0.9998,OGZ,0.891,240.0,2440.0,1504,56773,2,1
KREMEN_057,KREMEN_057_SK_0253-1265_500_1978-09-22_D_1.nlgx,KREMEN_057_SK_0253-1265_500_1978-09-22_D_1.jpg,KREMEN_057_SK_0253-1265_500_1978-09-22_D_1.las,GZ31,GZ,,SA2,3234,0.9703,GZ3,0.9146,240.0,2440.0,1504,56773,3,1
KREMEN_057,KREMEN_057_SK_0253-1265_500_1978-09-22_D_1.nlgx,KREMEN_057_SK_0253-1265_500_1978-09-22_D_1.jpg,KREMEN_057_SK_0253-1265_500_1978-09-22_D_1.las,SP1,SP,,SA3,3000,0.996,SP,0.8777,240.0,2440.0,1504,56773,1,1
KREMEN_057,KREMEN_057_TDM_2225-2331_200_1980-10-24_D_1.nlgx,KREMEN_057_TDM_2225-2331_200_1980-10-24_D_1.jpg,KREMEN_057_TDM_2225-2331_200_1980-10-24_D_1.las,STDDP11,STDDP,,SA1,508,0.9685,STDDP1,,2224.0,2332.0,2550,10586,1,1
KREMEN_057,KREMEN_057_TDM_2225-2331_200_1980-10-24_D_1.nlgx,KREMEN_057_TDM_2225-2331_200_1980-10-24_D_1.jpg,KREMEN_057_TDM_2225-2331_200_1980-10-24_D_1.las,TMSS1,TMSS,,SA2,3583,1.0,TMSS,,2224.0,2332.0,2550,10586,1,1
KREMEN_057,KREMEN_057_TK_0000-2395_200_1988-11-16_D_1.nlgx,KREMEN_057_TK_0000-2395_200_1988-11-16_D_1.TIF,KREMEN_057_TK_0000-2395_200_1988-11-16_D_1.las,TMSS1,TMSS,,SA1,1788,0.8115,TMSS,1.0,0.0,2400.0,2480,149456,17,0
KREMEN_057,KREMEN_057_TK_1200-2380_200_1987-12-17_D_1.nlgx,KREMEN_057_TK_1200-2380_200_1987-12-17_D_1.TIF,KREMEN_057_TK_1200-2380_200_1987-12-17_D_1.las,TMSS1,TMSS,,SA1,6688,0.8723,TMSS,0.9998,1192.0,2384.0,2480,74294,8,0
KREMEN_057,KREMEN_057_TK_1500-2420_200_1987-03-26_D_1.nlgx,KREMEN_057_TK_1500-2420_200_1987-03-26_D_1.TIF,KREMEN_057_TK_1500-2420_200_1987-03-26_D_1.las,TMSS1,TMSS,,SA1,1464,0.9542,TMSS,0.9999,1512.0,2432.0,2480,61592,7,1
KREMEN_057,KREMEN_057_TM_1576-2328_200_1980-10-23_D_1.nlgx,KREMEN_057_TM_1576-2328_200_1980-10-23_D_1.jpg,KREMEN_057_TM_1576-2328_200_1980-10-23_D_1.las,TMSS1,TMSS,,SA1,245,0.8939,TMSS,1.0,1576.0,2332.0,2048,52736,3,0
KREMEN_057,KREMEN_057_TM_1576-2328_200_1980-10-23_D_1.nlgx,KREMEN_057_TM_1576-2328_200_1980-10-23_D_1.jpg,KREMEN_057_TM_1576-2328_200_1980-10-23_D_1.las,TMSS11,TMSS,,SA2,267,0.9813,TMSS1,1.0,1576.0,2332.0,2048,52736,3,1
KREMEN_057,KREMEN_057_TM_1576-2328_200_1980-10-23_D_1.nlgx,KREMEN_057_TM_1576-2328_200_1980-10-23_D_1.jpg,KREMEN_057_TM_1576-2328_200_1980-10-23_D_1.las,TMSS21,TMSS,,SA3,234,0.7863,TMSS2,0.9999,1576.0,2332.0,2048,52736,3,0
KREMEN_057,KREMEN_057_TM_1576-2328_200_1980-10-23_D_1.nlgx,KREMEN_057_TM_1576-2328_200_1980-10-23_D_1.jpg,KREMEN_057_TM_1576-2328_200_1980-10-23_D_1.las,TMSS31,TMSS,,SA4,172,0.9884,TMSS3,0.9999,1576.0,2332.0,2048,52736,3,1
KREMEN_083,KREMEN_083_AKC_0002-0815_500_1998-06-08_D_1.nlgx,KREMEN_083_AKC_0002-0815_500_1998-06-08_D_1.JPG,KREMEN_083_AKC_0002-0815_500_1998-06-08_D_1.las,AK1,AK,,SA1,2276,0.0514,AK,0.9214,0.0,815.0,3046,23989,1,0
KREMEN_083,KREMEN_083_AKC_0002-0815_500_1998-06-08_D_1.nlgx,KREMEN_083_AKC_0002-0815_500_1998-06-08_D_1.JPG,KREMEN_083_AKC_0002-0815_500_1998-06-08_D_1.las,AP1,AP,,SA2,2763,0.03,AP,0.9309,0.0,815.0,3046,23989,1,0
KREMEN_083,KREMEN_083_AKC_0002-0815_500_1998-06-08_D_1.nlgx,KREMEN_083_AKC_0002-0815_500_1998-06-08_D_1.JPG,KREMEN_083_AKC_0002-0815_500_1998-06-08_D_1.las,TP1,TP,,SA3,3241,0.0019,TP,0.8137,0.0,815.0,3046,23989,2,0
KREMEN_083,"KREMEN_083_BK, IK_0800-1560_200_1998-07-08_D_1.nlgx","KREMEN_083_BK, IK_0800-1560_200_1998-07-08_D_1.JPG","KREMEN_083_BK, IK_0800-1560_200_1998-07-08_D_1.las",BK1,BK,,SA1,7920,0.6194,BK,0.9464,784.0,1560.0,3504,50743,1,0
KREMEN_083,"KREMEN_083_BK, IK_0800-1560_200_1998-07-08_D_1.nlgx","KREMEN_083_BK, IK_0800-1560_200_1998-07-08_D_1.JPG","KREMEN_083_BK, IK_0800-1560_200_1998-07-08_D_1.las",IKR1,IKR,,SA1,26347,0.293,IKR,0.8109,784.0,1560.0,3504,50743,2,0
KREMEN_083,"KREMEN_083_BK, IK_0800-1560_200_1998-07-08_D_1.nlgx","KREMEN_083_BK, IK_0800-1560_200_1998-07-08_D_1.JPG","KREMEN_083_BK, IK_0800-1560_200_1998-07-08_D_1.las",IKA1,IKA,,SA2,9022,0.1804,IKA,0.9739,784.0,1560.0,3504,50743,2,0
KREMEN_083,"KREMEN_083_BK, IK_0800-1560_200_1998-07-08_D_2.nlgx","KREMEN_083_BK, IK_0800-1560_200_1998-07-08_D_2.TIF","KREMEN_083_BK, IK_0800-1560_200_1998-07-08_D_2.las",BK1,BK,,SA1,5324,0.7128,BK,0.9673,780.0,1560.0,3504,50725,1,0
KREMEN_083,"KREMEN_083_BK, IK_0800-1560_200_1998-07-08_D_2.nlgx","KREMEN_083_BK, IK_0800-1560_200_1998-07-08_D_2.TIF","KREMEN_083_BK, IK_0800-1560_200_1998-07-08_D_2.las",IKA1,IKA,,SA2,5452,0.2445,IKA,0.938,780.0,1560.0,3504,50725,2,0
KREMEN_083,"KREMEN_083_BK, IK_0800-1560_200_1998-07-08_D_2.nlgx","KREMEN_083_BK, IK_0800-1560_200_1998-07-08_D_2.TIF","KREMEN_083_BK, IK_0800-1560_200_1998-07-08_D_2.las",IKR1,IKR,,SA3,5305,0.2471,IKR,0.9566,780.0,1560.0,3504,50725,2,0
KREMEN_083,"KREMEN_083_BK, IK_1491-1710_200_1998-09-16_D_1.nlgx","KREMEN_083_BK, IK_1491-1710_200_1998-09-16_D_1.JPG","KREMEN_083_BK, IK_1491-1710_200_1998-09-16_D_1.las",BK1,BK,,SA1,1742,0.4977,BK,0.8729,1491.0,1710.0,3016,18206,2,0
KREMEN_083,"KREMEN_083_BK, IK_1491-1710_200_1998-09-16_D_1.nlgx","KREMEN_083_BK, IK_1491-1710_200_1998-09-16_D_1.JPG","KREMEN_083_BK, IK_1491-1710_200_1998-09-16_D_1.las",IKA1,IKA,,SA2,1559,0.059,IKA,0.784,1491.0,1710.0,3016,18206,2,0
KREMEN_083,"KREMEN_083_BK, IK_1491-1710_200_1998-09-16_D_1.nlgx","KREMEN_083_BK, IK_1491-1710_200_1998-09-16_D_1.JPG","KREMEN_083_BK, IK_1491-1710_200_1998-09-16_D_1.las",IKR1,IKR,,SA3,1622,0.0912,IKR,0.9449,1491.0,1710.0,3016,18206,2,0
KREMEN_083,KREMEN_083_BKZ_0800-1560_200_1998-07-08_D_1.nlgx,KREMEN_083_BKZ_0800-1560_200_1998-07-08_D_1.TIF,KREMEN_083_BKZ_0800-1560_200_1998-07-08_D_1.las,GZ11,GZ,,SA1,4562,0.6377,GZ1,0.5787,784.0,1560.0,3074,50686,2,0
KREMEN_083,KREMEN_083_BKZ_0800-1560_200_1998-07-08_D_1.nlgx,KREMEN_083_BKZ_0800-1560_200_1998-07-08_D_1.TIF,KREMEN_083_BKZ_0800-1560_200_1998-07-08_D_1.las,GZ21,GZ,,SA2,4938,0.8287,GZ2,0.5461,784.0,1560.0,3074,50686,2,0
KREMEN_083,KREMEN_083_BKZ_0800-1560_200_1998-07-08_D_1.nlgx,KREMEN_083_BKZ_0800-1560_200_1998-07-08_D_1.TIF,KREMEN_083_BKZ_0800-1560_200_1998-07-08_D_1.las,GZ31,GZ,,SA3,3653,0.8908,GZ3,0.7289,784.0,1560.0,3074,50686,2,0
KREMEN_083,KREMEN_083_BKZ_0800-1560_200_1998-07-08_D_1.nlgx,KREMEN_083_BKZ_0800-1560_200_1998-07-08_D_1.TIF,KREMEN_083_BKZ_0800-1560_200_1998-07-08_D_1.las,GZ41,GZ,,SA1,1421,0.7058,GZ4,0.8021,784.0,1560.0,3074,50686,1,0
KREMEN_083,KREMEN_083_BKZ_0800-1560_200_1998-07-08_D_1.nlgx,KREMEN_083_BKZ_0800-1560_200_1998-07-08_D_1.TIF,KREMEN_083_BKZ_0800-1560_200_1998-07-08_D_1.las,GZ51,GZ,,SA2,2177,0.9159,GZ5,0.7888,784.0,1560.0,3074,50686,1,1
KREMEN_083,KREMEN_083_BKZ_0800-1560_200_1998-07-08_D_1.nlgx,KREMEN_083_BKZ_0800-1560_200_1998-07-08_D_1.TIF,KREMEN_083_BKZ_0800-1560_200_1998-07-08_D_1.las,OGZ1,OGZ,,SA3,5002,0.9048,OGZ,0.5438,784.0,1560.0,3074,50686,2,1
KREMEN_083,KREMEN_083_BKZ_0800-1560_200_1998-07-08_D_1.nlgx,KREMEN_083_BKZ_0800-1560_200_1998-07-08_D_1.TIF,KREMEN_083_BKZ_0800-1560_200_1998-07-08_D_1.las,SP1,SP,,SA1,4774,0.499,SP,0.4989,784.0,1560.0,3074,50686,2,0
KREMEN_083,KREMEN_083_BKZ_0800-1560_200_1998-07-08_D_1.nlgx,KREMEN_083_BKZ_0800-1560_200_1998-07-08_D_1.TIF,KREMEN_083_BKZ_0800-1560_200_1998-07-08_D_1.las,CALI1,CALI,,SA2,2978,0.3771,CALI,0.5197,784.0,1560.0,3074,50686,2,0
KREMEN_083,KREMEN_083_BKZ_1485-1708_200_1998-09-16_D_1.nlgx,KREMEN_083_BKZ_1485-1708_200_1998-09-16_D_1.JPG,KREMEN_083_BKZ_1485-1708_200_1998-09-16_D_1.las,GZ31,GZ,,SA1,913,0.4085,GZ3,0.9298,1485.0,1708.0,3265,18252,2,0
KREMEN_083,KREMEN_083_BKZ_1485-1708_200_1998-09-16_D_1.nlgx,KREMEN_083_BKZ_1485-1708_200_1998-09-16_D_1.JPG,KREMEN_083_BKZ_1485-1708_200_1998-09-16_D_1.las,GZ21,GZ,,SA2,1736,0.2938,GZ2,0.9099,1485.0,1708.0,3265,18252,2,0
KREMEN_083,KREMEN_083_BKZ_1485-1708_200_1998-09-16_D_1.nlgx,KREMEN_083_BKZ_1485-1708_200_1998-09-16_D_1.JPG,KREMEN_083_BKZ_1485-1708_200_1998-09-16_D_1.las,GZ11,GZ,,SA3,1794,0.1616,GZ1,0.8563,1485.0,1708.0,3265,18252,2,0
KREMEN_083,KREMEN_083_BKZ_1485-1708_200_1998-09-16_D_1.nlgx,KREMEN_083_BKZ_1485-1708_200_1998-09-16_D_1.JPG,KREMEN_083_BKZ_1485-1708_200_1998-09-16_D_1.las,OGZ1,OGZ,,SA1,1821,0.4305,OGZ,0.6397,1485.0,1708.0,3265,18252,2,0
KREMEN_083,KREMEN_083_BKZ_1485-1708_200_1998-09-16_D_1.nlgx,KREMEN_083_BKZ_1485-1708_200_1998-09-16_D_1.JPG,KREMEN_083_BKZ_1485-1708_200_1998-09-16_D_1.las,GZ51,GZ,,SA2,1895,0.333,GZ5,0.868,1485.0,1708.0,3265,18252,1,0
KREMEN_083,KREMEN_083_BKZ_1485-1708_200_1998-09-16_D_1.nlgx,KREMEN_083_BKZ_1485-1708_200_1998-09-16_D_1.JPG,KREMEN_083_BKZ_1485-1708_200_1998-09-16_D_1.las,GZ41,GZ,,SA3,1503,0.2395,GZ4,0.8484,1485.0,1708.0,3265,18252,1,0
KREMEN_083,KREMEN_083_BKZ_1485-1708_200_1998-09-16_D_1.nlgx,KREMEN_083_BKZ_1485-1708_200_1998-09-16_D_1.JPG,KREMEN_083_BKZ_1485-1708_200_1998-09-16_D_1.las,SP1,SP,,SA1,1250,0.2064,SP,0.9908,1485.0,1708.0,3265,18252,1,0
KREMEN_083,KREMEN_083_BKZ_1485-1708_200_1998-09-16_D_1.nlgx,KREMEN_083_BKZ_1485-1708_200_1998-09-16_D_1.JPG,KREMEN_083_BKZ_1485-1708_200_1998-09-16_D_1.las,CALI1,CALI,,SA2,1182,0.0347,CALI,0.9611,1485.0,1708.0,3265,18252,1,0
KREMEN_083,"KREMEN_083_GK, SK, DS_0110-0797_500_1997-04-27_D_1.nlgx","KREMEN_083_GK, SK, DS_0110-0797_500_1997-04-27_D_1.jpg","KREMEN_083_GK, SK, DS_0110-0797_500_1997-04-27_D_1.las",GZ31,GZ,,SA1,1508,0.9821,GZ3,0.9357,100.0,800.0,2045,22522,2,1
KREMEN_083,"KREMEN_083_GK, SK, DS_0110-0797_500_1997-04-27_D_1.nlgx","KREMEN_083_GK, SK, DS_0110-0797_500_1997-04-27_D_1.jpg","KREMEN_083_GK, SK, DS_0110-0797_500_1997-04-27_D_1.las",OGZ1,OGZ,,SA2,1785,1.0,OGZ,0.9609,100.0,800.0,2045,22522,2,1
KREMEN_083,"KREMEN_083_GK, SK, DS_0110-0797_500_1997-04-27_D_1.nlgx","KREMEN_083_GK, SK, DS_0110-0797_500_1997-04-27_D_1.jpg","KREMEN_083_GK, SK, DS_0110-0797_500_1997-04-27_D_1.las",CALI1,CALI,,SA3,1259,1.0,CALI,0.9883,100.0,800.0,2045,22522,1,1
KREMEN_083,"KREMEN_083_GK, SK, DS_0110-0797_500_1997-04-27_D_1.nlgx","KREMEN_083_GK, SK, DS_0110-0797_500_1997-04-27_D_1.jpg","KREMEN_083_GK, SK, DS_0110-0797_500_1997-04-27_D_1.las",SP1,SP,,SA4,632,0.9446,SP,0.9867,100.0,800.0,2045,22522,1,1
KREMEN_083,"KREMEN_083_GK, SK, DS_0110-0797_500_1997-04-27_D_1.nlgx","KREMEN_083_GK, SK, DS_0110-0797_500_1997-04-27_D_1.jpg","KREMEN_083_GK, SK, DS_0110-0797_500_1997-04-27_D_1.las",GK1,GK,,SA5,1110,0.9135,GK,0.9734,100.0,800.0,2045,22522,1,1
KREMEN_083,"KREMEN_083_MBK, MDS, MK_0796-1711_200_1998-09-16_D_1.nlgx","KREMEN_083_MBK, MDS, MK_0796-1711_200_1998-09-16_D_1.TIF","KREMEN_083_MBK, MDS, MK_0796-1711_200_1998-09-16_D_1.las",MBK1,MBK,,SA1,4612,0.7693,MBK,0.7288,796.0,1711.0,3504,59800,2,0
KREMEN_083,"KREMEN_083_MBK, MDS, MK_0796-1711_200_1998-09-16_D_1.nlgx","KREMEN_083_MBK, MDS, MK_0796-1711_200_1998-09-16_D_1.TIF","KREMEN_083_MBK, MDS, MK_0796-1711_200_1998-09-16_D_1.las",MCALI1,MCALI,,SA1,2846,0.7723,MCALI,0.9956,796.0,1711.0,3504,59800,1,0
KREMEN_083,"KREMEN_083_MBK, MDS, MK_0796-1711_200_1998-09-16_D_1.nlgx","KREMEN_083_MBK, MDS, MK_0796-1711_200_1998-09-16_D_1.TIF","KREMEN_083_MBK, MDS, MK_0796-1711_200_1998-09-16_D_1.las",MGZ1,MGZ,,SA2,3924,0.3359,MGZ,0.9515,796.0,1711.0,3504,59800,2,0
KREMEN_083,"KREMEN_083_MBK, MDS, MK_0796-1711_200_1998-09-16_D_1.nlgx","KREMEN_083_MBK, MDS, MK_0796-1711_200_1998-09-16_D_1.TIF","KREMEN_083_MBK, MDS, MK_0796-1711_200_1998-09-16_D_1.las",MPZ1,MPZ,,SA3,4309,0.5612,MPZ,0.9459,796.0,1711.0,3504,59800,3,0
KREMEN_083,KREMEN_083_PRM_0110-0801_500_1998-04-27_D_1.nlgx,KREMEN_083_PRM_0110-0801_500_1998-04-27_D_1.JPG,KREMEN_083_PRM_0110-0801_500_1998-04-27_D_1.las,CALI1,CALI,,SA1,3288,0.5,CALI,0.9762,110.0,801.0,3231,21874,1,0
KREMEN_083,KREMEN_083_PRM_0775-1710_500_1998-09-16_D_1.nlgx,KREMEN_083_PRM_0775-1710_500_1998-09-16_D_1.JPG,KREMEN_083_PRM_0775-1710_500_1998-09-16_D_1.las,CALI1,CALI,,SA1,4051,0.548,CALI,0.9794,775.0,1710.0,3504,27745,1,0
KREMEN_083,KREMEN_083_PRM_0790-1100_500_1998-05-19_D_1.nlgx,KREMEN_083_PRM_0790-1100_500_1998-05-19_D_1.jpg,KREMEN_083_PRM_0790-1100_500_1998-05-19_D_1.las,CALI1,CALI,,SA1,629,1.0,CALI,0.917,780.0,1110.0,1997,11405,1,1
KREMEN_083,KREMEN_083_PRM_0800-1050_500_1998-07-08_D_1.nlgx,KREMEN_083_PRM_0800-1050_500_1998-07-08_D_1.JPG,KREMEN_083_PRM_0800-1050_500_1998-07-08_D_1.las,CALI1,CALI,,SA1,672,0.0461,CALI,,790.0,1050.0,3026,10118,1,0
KREMEN_083,"KREMEN_083_RK, AK, DS_0800-1560_200_1998-07-08_D_1.nlgx","KREMEN_083_RK, AK, DS_0800-1560_200_1998-07-08_D_1.TIF","KREMEN_083_RK, AK, DS_0800-1560_200_1998-07-08_D_1.las",NNKB1,NNKB,,SA1,1127,0.8101,NNKB,0.9906,780.0,1564.0,3504,50976,2,0
KREMEN_083,"KREMEN_083_RK, AK, DS_0800-1560_200_1998-07-08_D_1.nlgx","KREMEN_083_RK, AK, DS_0800-1560_200_1998-07-08_D_1.TIF","KREMEN_083_RK, AK, DS_0800-1560_200_1998-07-08_D_1.las",NNKM1,NNKM,,SA2,1069,0.6221,NNKM,0.9912,780.0,1564.0,3504,50976,1,0
KREMEN_083,"KREMEN_083_RK, AK, DS_0800-1560_200_1998-07-08_D_1.nlgx","KREMEN_083_RK, AK, DS_0800-1560_200_1998-07-08_D_1.TIF","KREMEN_083_RK, AK, DS_0800-1560_200_1998-07-08_D_1.las",GK1,GK,,SA3,2946,0.7872,GK,0.9517,780.0,1564.0,3504,50976,2,0
KREMEN_083,"KREMEN_083_RK, AK, DS_0800-1560_200_1998-07-08_D_1.nlgx","KREMEN_083_RK, AK, DS_0800-1560_200_1998-07-08_D_1.TIF","KREMEN_083_RK, AK, DS_0800-1560_200_1998-07-08_D_1.las",AK1,AK,,SA4,5227,0.6947,AK,0.8705,780.0,1564.0,3504,50976,3,0
KREMEN_083,"KREMEN_083_RK, AK, DS_0800-1560_200_1998-07-08_D_1.nlgx","KREMEN_083_RK, AK, DS_0800-1560_200_1998-07-08_D_1.TIF","KREMEN_083_RK, AK, DS_0800-1560_200_1998-07-08_D_1.las",T111,T,,SA5,2945,0.7032,T11,0.9938,780.0,1564.0,3504,50976,1,0
KREMEN_083,"KREMEN_083_RK, AK, DS_0800-1560_200_1998-07-08_D_1.nlgx","KREMEN_083_RK, AK, DS_0800-1560_200_1998-07-08_D_1.TIF","KREMEN_083_RK, AK, DS_0800-1560_200_1998-07-08_D_1.las",T21,T,,SA6,2291,0.794,T2,0.9951,780.0,1564.0,3504,50976,1,0
KREMEN_083,"KREMEN_083_RK, AK, DS_0800-1560_200_1998-07-08_D_1.nlgx","KREMEN_083_RK, AK, DS_0800-1560_200_1998-07-08_D_1.TIF","KREMEN_083_RK, AK, DS_0800-1560_200_1998-07-08_D_1.las",SP1,SP,,SA1,1811,0.7399,SP,0.9233,780.0,1564.0,3504,50976,2,0
KREMEN_083,"KREMEN_083_RK, AK, DS_0800-1560_200_1998-07-08_D_1.nlgx","KREMEN_083_RK, AK, DS_0800-1560_200_1998-07-08_D_1.TIF","KREMEN_083_RK, AK, DS_0800-1560_200_1998-07-08_D_1.las",CALI1,CALI,,SA2,786,0.528,CALI,-0.0763,780.0,1564.0,3504,50976,2,0
KREMEN_083,"KREMEN_083_RK, AK, DS_0996-1712_200_1998-09-16_D_1.nlgx","KREMEN_083_RK, AK, DS_0996-1712_200_1998-09-16_D_1.JPG","KREMEN_083_RK, AK, DS_0996-1712_200_1998-09-16_D_1.las",GK1,GK,,SA1,4591,0.0418,GK,0.8802,996.0,1712.0,3207,47874,2,0
KREMEN_083,"KREMEN_083_RK, AK, DS_0996-1712_200_1998-09-16_D_1.nlgx","KREMEN_083_RK, AK, DS_0996-1712_200_1998-09-16_D_1.JPG","KREMEN_083_RK, AK, DS_0996-1712_200_1998-09-16_D_1.las",NNKB1,NNKB,,SA2,4087,0.0529,NNKB,0.9378,996.0,1712.0,3207,47874,2,0
KREMEN_083,"KREMEN_083_RK, AK, DS_0996-1712_200_1998-09-16_D_1.nlgx","KREMEN_083_RK, AK, DS_0996-1712_200_1998-09-16_D_1.JPG","KREMEN_083_RK, AK, DS_0996-1712_200_1998-09-16_D_1.las",NNKM1,NNKM,,SA3,4326,0.0837,NNKM,0.9432,996.0,1712.0,3207,47874,2,0
KREMEN_083,"KREMEN_083_RK, AK, DS_0996-1712_200_1998-09-16_D_1.nlgx","KREMEN_083_RK, AK, DS_0996-1712_200_1998-09-16_D_1.JPG","KREMEN_083_RK, AK, DS_0996-1712_200_1998-09-16_D_1.las",W1,W,,SA1,4807,0.0133,W,0.8743,996.0,1712.0,3207,47874,2,0
KREMEN_083,"KREMEN_083_RK, AK, DS_0996-1712_200_1998-09-16_D_1.nlgx","KREMEN_083_RK, AK, DS_0996-1712_200_1998-09-16_D_1.JPG","KREMEN_083_RK, AK, DS_0996-1712_200_1998-09-16_D_1.las",AK1,AK,,SA2,1926,0.0021,AK,0.6865,996.0,1712.0,3207,47874,1,0
KREMEN_083,"KREMEN_083_RK, AK, DS_0996-1712_200_1998-09-16_D_1.nlgx","KREMEN_083_RK, AK, DS_0996-1712_200_1998-09-16_D_1.JPG","KREMEN_083_RK, AK, DS_0996-1712_200_1998-09-16_D_1.las",T21,T,,SA3,1813,0.0,T2,0.9626,996.0,1712.0,3207,47874,1,0
KREMEN_083,"KREMEN_083_RK, AK, DS_0996-1712_200_1998-09-16_D_1.nlgx","KREMEN_083_RK, AK, DS_0996-1712_200_1998-09-16_D_1.JPG","KREMEN_083_RK, AK, DS_0996-1712_200_1998-09-16_D_1.las",T11,T,,SA4,1533,0.0007,T1,0.7653,996.0,1712.0,3207,47874,1,0
KREMEN_083,"KREMEN_083_RK, AK, DS_0996-1712_200_1998-09-16_D_1.nlgx","KREMEN_083_RK, AK, DS_0996-1712_200_1998-09-16_D_1.JPG","KREMEN_083_RK, AK, DS_0996-1712_200_1998-09-16_D_1.las",DS1,DS,,SA1,4940,0.0174,DS,0.992,996.0,1712.0,3207,47874,1,0
KREMEN_083,"KREMEN_083_SK, DS_0790-1160_500_1998-05-20_D_1.nlgx","KREMEN_083_SK, DS_0790-1160_500_1998-05-20_D_1.jpg","KREMEN_083_SK, DS_0790-1160_500_1998-05-20_D_1.las",GZ31,GZ,,SA1,928,0.9989,GZ3,0.9382,780.0,1160.0,2003,14279,1,1
KREMEN_083,"KREMEN_083_SK, DS_0790-1160_500_1998-05-20_D_1.nlgx","KREMEN_083_SK, DS_0790-1160_500_1998-05-20_D_1.jpg","KREMEN_083_SK, DS_0790-1160_500_1998-05-20_D_1.las",OGZ1,OGZ,,SA2,1034,1.0,OGZ,0.9081,780.0,1160.0,2003,14279,1,1
KREMEN_083,"KREMEN_083_SK, DS_0790-1160_500_1998-05-20_D_1.nlgx","KREMEN_083_SK, DS_0790-1160_500_1998-05-20_D_1.jpg","KREMEN_083_SK, DS_0790-1160_500_1998-05-20_D_1.las",SP1,SP,,SA3,838,0.8771,SP,0.9971,780.0,1160.0,2003,14279,1,0
KREMEN_083,"KREMEN_083_SK, DS_0790-1160_500_1998-05-20_D_1.nlgx","KREMEN_083_SK, DS_0790-1160_500_1998-05-20_D_1.jpg","KREMEN_083_SK, DS_0790-1160_500_1998-05-20_D_1.las",CALI1,CALI,,SA4,633,1.0,CALI,0.9785,780.0,1160.0,2003,14279,1,1
KREMEN_083,KREMEN_083_ZSK_0120-1710_500_1998-10-13_D_1.nlgx,KREMEN_083_ZSK_0120-1710_500_1998-10-13_D_1.jpg,KREMEN_083_ZSK_0120-1710_500_1998-10-13_D_1.las,GZ31,GZ,,SA1,3228,0.991,GZ3,0.8125,110.0,1710.0,1661,44766,2,1
KREMEN_083,KREMEN_083_ZSK_0120-1710_500_1998-10-13_D_1.nlgx,KREMEN_083_ZSK_0120-1710_500_1998-10-13_D_1.jpg,KREMEN_083_ZSK_0120-1710_500_1998-10-13_D_1.las,OGZ1,OGZ,,SA2,3997,0.9997,OGZ,0.7773,110.0,1710.0,1661,44766,2,1
KREMEN_083,KREMEN_083_ZSK_0120-1710_500_1998-10-13_D_1.nlgx,KREMEN_083_ZSK_0120-1710_500_1998-10-13_D_1.jpg,KREMEN_083_ZSK_0120-1710_500_1998-10-13_D_1.las,SP1,SP,,SA3,3621,0.9978,SP,0.9514,110.0,1710.0,1661,44766,1,1
KREMEN_089,KREMEN_089_AKC_0000-0810_500_1999-06-03_D_1.nlgx,KREMEN_089_AKC_0000-0810_500_1999-06-03_D_1.TIF,KREMEN_089_AKC_0000-0810_500_1999-06-03_D_1.las,TP1,TP,,SA1,3098,0.0894,TP,0.9236,0.0,810.0,2406,24086,2,0
KREMEN_089,KREMEN_089_AKC_0000-0810_500_1999-06-03_D_1.nlgx,KREMEN_089_AKC_0000-0810_500_1999-06-03_D_1.TIF,KREMEN_089_AKC_0000-0810_500_1999-06-03_D_1.las,AK1,AK,,SA2,2342,0.0999,AK,0.9624,0.0,810.0,2406,24086,1,0
KREMEN_089,KREMEN_089_AKC_0000-0810_500_1999-06-03_D_1.nlgx,KREMEN_089_AKC_0000-0810_500_1999-06-03_D_1.TIF,KREMEN_089_AKC_0000-0810_500_1999-06-03_D_1.las,AP1,AP,,SA3,2850,0.2193,AP,0.9876,0.0,810.0,2406,24086,1,0
KREMEN_089,KREMEN_089_AKC_0002-1482_500_1999-08-10_D_1.nlgx,KREMEN_089_AKC_0002-1482_500_1999-08-10_D_1.TIF,KREMEN_089_AKC_0002-1482_500_1999-08-10_D_1.las,TP1,TP,,SA1,4025,0.0002,TP,0.9824,2.0,1482.5,2480,40251,2,0
KREMEN_089,KREMEN_089_AKC_0002-1482_500_1999-08-10_D_1.nlgx,KREMEN_089_AKC_0002-1482_500_1999-08-10_D_1.TIF,KREMEN_089_AKC_0002-1482_500_1999-08-10_D_1.las,AK1,AK,,SA2,3345,0.0,AK,0.9033,2.0,1482.5,2480,40251,1,0
KREMEN_089,KREMEN_089_AKC_0002-1482_500_1999-08-10_D_1.nlgx,KREMEN_089_AKC_0002-1482_500_1999-08-10_D_1.TIF,KREMEN_089_AKC_0002-1482_500_1999-08-10_D_1.las,AP1,AP,,SA3,3274,0.0006,AP,0.9333,2.0,1482.5,2480,40251,1,0
KREMEN_089,"KREMEN_089_BK, IK_0794-1410_200_1999-06-03_D_1.nlgx","KREMEN_089_BK, IK_0794-1410_200_1999-06-03_D_1.TIF","KREMEN_089_BK, IK_0794-1410_200_1999-06-03_D_1.las",BK1,BK,,SA1,5942,0.0236,BK,0.7296,794.0,1410.0,2480,41008,2,0
KREMEN_089,"KREMEN_089_BK, IK_0794-1410_200_1999-06-03_D_1.nlgx","KREMEN_089_BK, IK_0794-1410_200_1999-06-03_D_1.TIF","KREMEN_089_BK, IK_0794-1410_200_1999-06-03_D_1.las",IKA1,IKA,,SA1,3706,0.0,IKA,0.448,794.0,1410.0,2480,41008,2,0
KREMEN_089,"KREMEN_089_BK, IK_0794-1410_200_1999-06-03_D_1.nlgx","KREMEN_089_BK, IK_0794-1410_200_1999-06-03_D_1.TIF","KREMEN_089_BK, IK_0794-1410_200_1999-06-03_D_1.las",IK1,IK,,SA2,4893,0.0002,IK,0.9878,794.0,1410.0,2480,41008,2,0
KREMEN_089,"KREMEN_089_BK, IK_0900-1488_200_1999-08-10_D_1.nlgx","KREMEN_089_BK, IK_0900-1488_200_1999-08-10_D_1.JPG","KREMEN_089_BK, IK_0900-1488_200_1999-08-10_D_1.las",BK1,BK,,SA1,4226,0.0019,BK,0.6937,900.0,1488.0,2480,39310,2,0
KREMEN_089,"KREMEN_089_BK, IK_0900-1488_200_1999-08-10_D_1.nlgx","KREMEN_089_BK, IK_0900-1488_200_1999-08-10_D_1.JPG","KREMEN_089_BK, IK_0900-1488_200_1999-08-10_D_1.las",IKR1,IKR,,SA2,2626,0.0,IKR,0.9916,900.0,1488.0,2480,39310,2,0
KREMEN_089,"KREMEN_089_BK, IK_0900-1488_200_1999-08-10_D_1.nlgx","KREMEN_089_BK, IK_0900-1488_200_1999-08-10_D_1.JPG","KREMEN_089_BK, IK_0900-1488_200_1999-08-10_D_1.las",IKA1,IKA,,SA3,2904,0.0,IKA,0.8919,900.0,1488.0,2480,39310,2,0
KREMEN_089,"KREMEN_089_BKZ, SP, DS_0794-1410_200_1999-06-03_D_1.nlgx","KREMEN_089_BKZ, SP, DS_0794-1410_200_1999-06-03_D_1.TIF","KREMEN_089_BKZ, SP, DS_0794-1410_200_1999-06-03_D_1.las",GZ31,GZ,,SA1,2670,0.7772,GZ3,0.9678,794.0,1410.0,2841,41136,1,0
KREMEN_089,"KREMEN_089_BKZ, SP, DS_0794-1410_200_1999-06-03_D_1.nlgx","KREMEN_089_BKZ, SP, DS_0794-1410_200_1999-06-03_D_1.TIF","KREMEN_089_BKZ, SP, DS_0794-1410_200_1999-06-03_D_1.las",GZ21,GZ,,SA2,6527,0.5696,GZ2,0.987,794.0,1410.0,2841,41136,2,0
KREMEN_089,"KREMEN_089_BKZ, SP, DS_0794-1410_200_1999-06-03_D_1.nlgx","KREMEN_089_BKZ, SP, DS_0794-1410_200_1999-06-03_D_1.TIF","KREMEN_089_BKZ, SP, DS_0794-1410_200_1999-06-03_D_1.las",GZ11,GZ,,SA3,3711,0.2986,GZ1,0.9734,794.0,1410.0,2841,41136,2,0
KREMEN_089,"KREMEN_089_BKZ, SP, DS_0794-1410_200_1999-06-03_D_1.nlgx","KREMEN_089_BKZ, SP, DS_0794-1410_200_1999-06-03_D_1.TIF","KREMEN_089_BKZ, SP, DS_0794-1410_200_1999-06-03_D_1.las",OGZ1,OGZ,,SA1,2907,0.0296,OGZ,0.8544,794.0,1410.0,2841,41136,2,0
KREMEN_089,"KREMEN_089_BKZ, SP, DS_0794-1410_200_1999-06-03_D_1.nlgx","KREMEN_089_BKZ, SP, DS_0794-1410_200_1999-06-03_D_1.TIF","KREMEN_089_BKZ, SP, DS_0794-1410_200_1999-06-03_D_1.las",GZ51,GZ,,SA2,2462,0.0232,GZ5,0.7799,794.0,1410.0,2841,41136,2,0
KREMEN_089,"KREMEN_089_BKZ, SP, DS_0794-1410_200_1999-06-03_D_1.nlgx","KREMEN_089_BKZ, SP, DS_0794-1410_200_1999-06-03_D_1.TIF","KREMEN_089_BKZ, SP, DS_0794-1410_200_1999-06-03_D_1.las",GZ41,GZ,,SA3,2423,0.0074,GZ4,0.8255,794.0,1410.0,2841,41136,2,0
KREMEN_089,"KREMEN_089_BKZ, SP, DS_0794-1410_200_1999-06-03_D_1.nlgx","KREMEN_089_BKZ, SP, DS_0794-1410_200_1999-06-03_D_1.TIF","KREMEN_089_BKZ, SP, DS_0794-1410_200_1999-06-03_D_1.las",CALI1,CALI,,SA1,3096,0.0006,CALI,0.9306,794.0,1410.0,2841,41136,1,0
KREMEN_089,"KREMEN_089_BKZ, SP, DS_0794-1410_200_1999-06-03_D_1.nlgx","KREMEN_089_BKZ, SP, DS_0794-1410_200_1999-06-03_D_1.TIF","KREMEN_089_BKZ, SP, DS_0794-1410_200_1999-06-03_D_1.las",SP1,SP,,SA2,4868,0.0037,SP,0.5088,794.0,1410.0,2841,41136,2,0
KREMEN_089,"KREMEN_089_BKZ, SP, DS_0895-1480_200_1999-08-10_D_1.nlgx","KREMEN_089_BKZ, SP, DS_0895-1480_200_1999-08-10_D_1.TIF","KREMEN_089_BKZ, SP, DS_0895-1480_200_1999-08-10_D_1.las",GZ31,GZ,,SA1,4366,0.0112,GZ3,0.9904,895.0,1480.0,3067,39103,2,0
KREMEN_089,"KREMEN_089_BKZ, SP, DS_0895-1480_200_1999-08-10_D_1.nlgx","KREMEN_089_BKZ, SP, DS_0895-1480_200_1999-08-10_D_1.TIF","KREMEN_089_BKZ, SP, DS_0895-1480_200_1999-08-10_D_1.las",GZ21,GZ,,SA2,3383,0.008,GZ2,0.9944,895.0,1480.0,3067,39103,3,0
KREMEN_089,"KREMEN_089_BKZ, SP, DS_0895-1480_200_1999-08-10_D_1.nlgx","KREMEN_089_BKZ, SP, DS_0895-1480_200_1999-08-10_D_1.TIF","KREMEN_089_BKZ, SP, DS_0895-1480_200_1999-08-10_D_1.las",GZ11,GZ,,SA3,3635,0.0107,GZ1,0.9823,895.0,1480.0,3067,39103,2,0
KREMEN_089,"KREMEN_089_BKZ, SP, DS_0895-1480_200_1999-08-10_D_1.nlgx","KREMEN_089_BKZ, SP, DS_0895-1480_200_1999-08-10_D_1.TIF","KREMEN_089_BKZ, SP, DS_0895-1480_200_1999-08-10_D_1.las",OGZ1,OGZ,,SA1,4742,0.0002,OGZ,0.753,895.0,1480.0,3067,39103,2,0
KREMEN_089,"KREMEN_089_BKZ, SP, DS_0895-1480_200_1999-08-10_D_1.nlgx","KREMEN_089_BKZ, SP, DS_0895-1480_200_1999-08-10_D_1.TIF","KREMEN_089_BKZ, SP, DS_0895-1480_200_1999-08-10_D_1.las",GZ51,GZ,,SA2,4403,0.0,GZ5,0.9623,895.0,1480.0,3067,39103,1,0
KREMEN_089,"KREMEN_089_BKZ, SP, DS_0895-1480_200_1999-08-10_D_1.nlgx","KREMEN_089_BKZ, SP, DS_0895-1480_200_1999-08-10_D_1.TIF","KREMEN_089_BKZ, SP, DS_0895-1480_200_1999-08-10_D_1.las",GZ41,GZ,,SA3,3095,0.0,GZ4,0.7171,895.0,1480.0,3067,39103,2,0
KREMEN_089,"KREMEN_089_BKZ, SP, DS_0895-1480_200_1999-08-10_D_1.nlgx","KREMEN_089_BKZ, SP, DS_0895-1480_200_1999-08-10_D_1.TIF","KREMEN_089_BKZ, SP, DS_0895-1480_200_1999-08-10_D_1.las",CALI1,CALI,,SA1,3887,0.0,CALI,0.5531,895.0,1480.0,3067,39103,2,0
KREMEN_089,"KREMEN_089_BKZ, SP, DS_0895-1480_200_1999-08-10_D_1.nlgx","KREMEN_089_BKZ, SP, DS_0895-1480_200_1999-08-10_D_1.TIF","KREMEN_089_BKZ, SP, DS_0895-1480_200_1999-08-10_D_1.las",SP1,SP,,SA2,4974,0.0,SP,0.6336,895.0,1480.0,3067,39103,3,0
KREMEN_089,KREMEN_089_INNK_0744-1444_200_2001-03-10_D_1.nlgx,KREMEN_089_INNK_0744-1444_200_2001-03-10_D_1.TIF,KREMEN_089_INNK_0744-1444_200_2001-03-10_D_1.las,TAU1,TAU,,SA1,4260,0.0028,TAU,0.9127,744.0,1444.0,2480,58160,1,0
KREMEN_089,KREMEN_089_INNK_0744-1444_200_2001-03-10_D_1.nlgx,KREMEN_089_INNK_0744-1444_200_2001-03-10_D_1.TIF,KREMEN_089_INNK_0744-1444_200_2001-03-10_D_1.las,ZAT7001,ZAT,,SA2,6583,0.0,ZAT700,0.8251,744.0,1444.0,2480,58160,1,0
KREMEN_089,KREMEN_089_INNK_0744-1444_200_2001-03-10_D_1.nlgx,KREMEN_089_INNK_0744-1444_200_2001-03-10_D_1.TIF,KREMEN_089_INNK_0744-1444_200_2001-03-10_D_1.las,ZAT10001,ZAT,,SA3,7597,0.0,ZAT1000,0.7971,744.0,1444.0,2480,58160,1,0
KREMEN_089,KREMEN_089_INNK_0744-1444_200_2001-03-10_D_1.nlgx,KREMEN_089_INNK_0744-1444_200_2001-03-10_D_1.TIF,KREMEN_089_INNK_0744-1444_200_2001-03-10_D_1.las,ZAT13001,ZAT,,SA4,5895,0.0,ZAT1300,0.6914,744.0,1444.0,2480,58160,1,0
KREMEN_089,KREMEN_089_INNK_0744-1444_200_2001-03-10_D_1.nlgx,KREMEN_089_INNK_0744-1444_200_2001-03-10_D_1.TIF,KREMEN_089_INNK_0744-1444_200_2001-03-10_D_1.las,ZAT16001,ZAT,,SA5,3210,0.0,ZAT1600,0.5046,744.0,1444.0,2480,58160,1,0
KREMEN_089,"KREMEN_089_LM, GK_1350-1456_200_2001-08-07_D_1.nlgx","KREMEN_089_LM, GK_1350-1456_200_2001-08-07_D_1.jpg","KREMEN_089_LM, GK_1350-1456_200_2001-08-07_D_1.las",GK1,GK,,SA1,235,0.9404,GK,0.9877,1380.0,1450.0,1836,7831,1,1
KREMEN_089,KREMEN_089_M_1004-1452_200_2001-03-15_D_1.nlgx,KREMEN_089_M_1004-1452_200_2001-03-15_D_1.JPG,KREMEN_089_M_1004-1452_200_2001-03-15_D_1.las,MNSS1,MNSS,,SA1,300,0.0133,MNSS,0.9998,1004.0,1452.0,2480,33738,12,0
KREMEN_089,KREMEN_089_M_1216-1452_200_2001-03-15_D_1.nlgx,KREMEN_089_M_1216-1452_200_2001-03-15_D_1.JPG,KREMEN_089_M_1216-1452_200_2001-03-15_D_1.las,MNSS1,MNSS,,SA1,158,0.0,MNSS,1.0,1216.0,1452.0,2480,20004,7,0
KREMEN_089,KREMEN_089_MK_0794-1410_200_1999-06-03_D_1.nlgx,KREMEN_089_MK_0794-1410_200_1999-06-03_D_1.TIF,KREMEN_089_MK_0794-1410_200_1999-06-03_D_1.las,MBK1,MBK,,SA1,2881,0.9025,MBK,0.6654,794.0,1410.0,2711,41097,2,1
KREMEN_089,KREMEN_089_MK_0794-1410_200_1999-06-03_D_1.nlgx,KREMEN_089_MK_0794-1410_200_1999-06-03_D_1.TIF,KREMEN_089_MK_0794-1410_200_1999-06-03_D_1.las,MGZ1,MGZ,,SA1,4751,0.474,MGZ,0.5174,794.0,1410.0,2711,41097,2,0
KREMEN_089,KREMEN_089_MK_0794-1410_200_1999-06-03_D_1.nlgx,KREMEN_089_MK_0794-1410_200_1999-06-03_D_1.TIF,KREMEN_089_MK_0794-1410_200_1999-06-03_D_1.las,MPZ1,MPZ,,SA2,4079,0.7029,MPZ,0.9872,794.0,1410.0,2711,41097,2,0
KREMEN_089,KREMEN_089_MK_0794-1410_200_1999-06-03_D_1.nlgx,KREMEN_089_MK_0794-1410_200_1999-06-03_D_1.TIF,KREMEN_089_MK_0794-1410_200_1999-06-03_D_1.las,MCALI1,MCALI,,SA3,2678,0.7804,MCALI,0.9669,794.0,1410.0,2711,41097,1,0
KREMEN_089,KREMEN_089_MK_0900-1488_200_1999-08-10_D_1.nlgx,KREMEN_089_MK_0900-1488_200_1999-08-10_D_1.TIF,KREMEN_089_MK_0900-1488_200_1999-08-10_D_1.las,MBK1,MBK,,SA1,3934,0.0041,MBK,0.8883,900.0,1488.0,2454,39549,2,0
KREMEN_089,KREMEN_089_MK_0900-1488_200_1999-08-10_D_1.nlgx,KREMEN_089_MK_0900-1488_200_1999-08-10_D_1.TIF,KREMEN_089_MK_0900-1488_200_1999-08-10_D_1.las,MCALI1,MCALI,,SA1,1574,0.0,MCALI,0.8176,900.0,1488.0,2454,39549,2,0
KREMEN_089,KREMEN_089_MK_0900-1488_200_1999-08-10_D_1.nlgx,KREMEN_089_MK_0900-1488_200_1999-08-10_D_1.TIF,KREMEN_089_MK_0900-1488_200_1999-08-10_D_1.las,MGZ1,MGZ,,SA2,4089,0.0,MGZ,0.9757,900.0,1488.0,2454,39549,2,0
KREMEN_089,KREMEN_089_MK_0900-1488_200_1999-08-10_D_1.nlgx,KREMEN_089_MK_0900-1488_200_1999-08-10_D_1.TIF,KREMEN_089_MK_0900-1488_200_1999-08-10_D_1.las,MPZ1,MPZ,,SA3,5612,0.0,MPZ,0.9725,900.0,1488.0,2454,39549,2,0
KREMEN_089,KREMEN_089_PRM_0100-0800_500_1999-03-29_D_1.nlgx,KREMEN_089_PRM_0100-0800_500_1999-03-29_D_1.JPG,KREMEN_089_PRM_0100-0800_500_1999-03-29_D_1.las,CALI1,CALI,,SA1,2621,0.0191,CALI,0.9895,100.0,800.0,2721,20904,1,0
KREMEN_089,KREMEN_089_PRM_0118-0576_500_1999-03-17_D_1.nlgx,KREMEN_089_PRM_0118-0576_500_1999-03-17_D_1.jpg,KREMEN_089_PRM_0118-0576_500_1999-03-17_D_1.las,CALI1,CALI,,SA1,1115,1.0,CALI,0.9979,100.0,580.0,1991,15916,1,1
KREMEN_089,KREMEN_089_PRM_0788-1487_500_1999-08-10_D_1.nlgx,KREMEN_089_PRM_0788-1487_500_1999-08-10_D_1.JPG,KREMEN_089_PRM_0788-1487_500_1999-08-10_D_1.las,CALI1,CALI,,SA1,2494,0.0,CALI,0.9568,788.0,1487.0,2951,21601,1,0
KREMEN_089,KREMEN_089_PRM_0792-1416_500_1999-06-03_D_1.nlgx,KREMEN_089_PRM_0792-1416_500_1999-06-03_D_1.JPG,KREMEN_089_PRM_0792-1416_500_1999-06-03_D_1.las,CALI1,CALI,,SA1,2230,0.7484,CALI,0.7084,790.0,1415.0,2981,20285,1,0
KREMEN_089,"KREMEN_089_RK, AK, DS, SP_0727-1422_200_1999-06-03_D_1.nlgx","KREMEN_089_RK, AK, DS, SP_0727-1422_200_1999-06-03_D_1.TIF","KREMEN_089_RK, AK, DS, SP_0727-1422_200_1999-06-03_D_1.las",NNKB1,NNKB,,SA1,2072,0.8012,NNKB,0.9912,727.0,1422.0,2866,47073,2,0
KREMEN_089,"KREMEN_089_RK, AK, DS, SP_0727-1422_200_1999-06-03_D_1.nlgx","KREMEN_089_RK, AK, DS, SP_0727-1422_200_1999-06-03_D_1.TIF","KREMEN_089_RK, AK, DS, SP_0727-1422_200_1999-06-03_D_1.las",NNKM1,NNKM,,SA3,2735,0.645,NNKM,0.9923,727.0,1422.0,2866,47073,2,0
KREMEN_089,"KREMEN_089_RK, AK, DS, SP_0727-1422_200_1999-06-03_D_1.nlgx","KREMEN_089_RK, AK, DS, SP_0727-1422_200_1999-06-03_D_1.TIF","KREMEN_089_RK, AK, DS, SP_0727-1422_200_1999-06-03_D_1.las",GK1,GK,,SA4,2230,0.7592,GK,0.8952,727.0,1422.0,2866,47073,3,0
KREMEN_089,"KREMEN_089_RK, AK, DS, SP_0727-1422_200_1999-06-03_D_1.nlgx","KREMEN_089_RK, AK, DS, SP_0727-1422_200_1999-06-03_D_1.TIF","KREMEN_089_RK, AK, DS, SP_0727-1422_200_1999-06-03_D_1.las",CALI1,CALI,,SA5,1739,0.3732,CALI,0.9543,727.0,1422.0,2866,47073,2,0
KREMEN_089,"KREMEN_089_RK, AK, DS, SP_0785-1493_200_1999-08-10_D_1.nlgx","KREMEN_089_RK, AK, DS, SP_0785-1493_200_1999-08-10_D_1.TIF","KREMEN_089_RK, AK, DS, SP_0785-1493_200_1999-08-10_D_1.las",T11,T,,SA1,3236,0.0,T1,0.9869,785.0,1493.0,2741,47142,2,0
KREMEN_089,"KREMEN_089_RK, AK, DS, SP_0785-1493_200_1999-08-10_D_1.nlgx","KREMEN_089_RK, AK, DS, SP_0785-1493_200_1999-08-10_D_1.TIF","KREMEN_089_RK, AK, DS, SP_0785-1493_200_1999-08-10_D_1.las",T21,T,,SA2,5064,0.0,T2,0.9844,785.0,1493.0,2741,47142,2,0
KREMEN_089,"KREMEN_089_RK, AK, DS, SP_0785-1493_200_1999-08-10_D_1.nlgx","KREMEN_089_RK, AK, DS, SP_0785-1493_200_1999-08-10_D_1.TIF","KREMEN_089_RK, AK, DS, SP_0785-1493_200_1999-08-10_D_1.las",NNKB1,NNKB,,SA3,3484,0.0003,NNKB,0.9354,785.0,1493.0,2741,47142,1,0
KREMEN_089,"KREMEN_089_RK, AK, DS, SP_0785-1493_200_1999-08-10_D_1.nlgx","KREMEN_089_RK, AK, DS, SP_0785-1493_200_1999-08-10_D_1.TIF","KREMEN_089_RK, AK, DS, SP_0785-1493_200_1999-08-10_D_1.las",NNKM1,NNKM,,SA4,3637,0.0005,NNKM,0.981,785.0,1493.0,2741,47142,1,0
KREMEN_089,"KREMEN_089_RK, AK, DS, SP_0785-1493_200_1999-08-10_D_1.nlgx","KREMEN_089_RK, AK, DS, SP_0785-1493_200_1999-08-10_D_1.TIF","KREMEN_089_RK, AK, DS, SP_0785-1493_200_1999-08-10_D_1.las",GK1,GK,,SA5,3772,0.0013,GK,0.9402,785.0,1493.0,2741,47142,3,0
KREMEN_089,"KREMEN_089_RK, AK, DS, SP_0785-1493_200_1999-08-10_D_1.nlgx","KREMEN_089_RK, AK, DS, SP_0785-1493_200_1999-08-10_D_1.TIF","KREMEN_089_RK, AK, DS, SP_0785-1493_200_1999-08-10_D_1.las",CALI1,CALI,,SA6,1396,0.0,CALI,0.9793,785.0,1493.0,2741,47142,2,0
KREMEN_089,KREMEN_089_RK_1248-1448_200_2001-03-15_D_1.nlgx,KREMEN_089_RK_1248-1448_200_2001-03-15_D_1.JPG,KREMEN_089_RK_1248-1448_200_2001-03-15_D_1.las,GK1,GK,,SA1,1679,0.8874,GK,0.9228,1246.0,1450.0,2480,20842,1,0
KREMEN_089,KREMEN_089_RK_1248-1448_200_2001-03-15_D_1.nlgx,KREMEN_089_RK_1248-1448_200_2001-03-15_D_1.JPG,KREMEN_089_RK_1248-1448_200_2001-03-15_D_1.las,NGK1,NGK,,SA2,1811,0.4837,NGK,0.8718,1246.0,1450.0,2480,20842,1,0
KREMEN_089,"KREMEN_089_SK, DS, RK_0100-0800_500_1999-03-29_D_1.nlgx","KREMEN_089_SK, DS, RK_0100-0800_500_1999-03-29_D_1.JPG","KREMEN_089_SK, DS, RK_0100-0800_500_1999-03-29_D_1.las",PZ1,PZ,,SA1,1032,0.7016,PZ,0.9869,100.0,800.0,2871,21120,2,0
KREMEN_089,"KREMEN_089_SK, DS, RK_0100-0800_500_1999-03-29_D_1.nlgx","KREMEN_089_SK, DS, RK_0100-0800_500_1999-03-29_D_1.JPG","KREMEN_089_SK, DS, RK_0100-0800_500_1999-03-29_D_1.las",GZ1,GZ,,SA2,2422,0.0958,GZ,0.9853,100.0,800.0,2871,21120,2,0
KREMEN_089,"KREMEN_089_SK, DS, RK_0100-0800_500_1999-03-29_D_1.nlgx","KREMEN_089_SK, DS, RK_0100-0800_500_1999-03-29_D_1.JPG","KREMEN_089_SK, DS, RK_0100-0800_500_1999-03-29_D_1.las",SP1,SP,,SA3,945,0.0677,SP,0.9843,100.0,800.0,2871,21120,1,0
KREMEN_089,"KREMEN_089_SK, DS, RK_0100-0800_500_1999-03-29_D_1.nlgx","KREMEN_089_SK, DS, RK_0100-0800_500_1999-03-29_D_1.JPG","KREMEN_089_SK, DS, RK_0100-0800_500_1999-03-29_D_1.las",CALI1,CALI,,SA1,3518,0.3238,CALI,0.6422,100.0,800.0,2871,21120,2,0
KREMEN_089,"KREMEN_089_SK, DS, RK_0100-0800_500_1999-03-29_D_1.nlgx","KREMEN_089_SK, DS, RK_0100-0800_500_1999-03-29_D_1.JPG","KREMEN_089_SK, DS, RK_0100-0800_500_1999-03-29_D_1.las",GK1,GK,,SA1,1441,0.0035,GK,0.7006,100.0,800.0,2871,21120,2,0
KREMEN_089,"KREMEN_089_SK, DS, RK_0727-1420_500_1999-06-03_D_1.nlgx","KREMEN_089_SK, DS, RK_0727-1420_500_1999-06-03_D_1.JPG","KREMEN_089_SK, DS, RK_0727-1420_500_1999-06-03_D_1.las",PZ1,PZ,,SA1,2148,0.8161,PZ,0.9606,727.0,1420.0,2480,20821,1,0
KREMEN_089,"KREMEN_089_SK, DS, RK_0727-1420_500_1999-06-03_D_1.nlgx","KREMEN_089_SK, DS, RK_0727-1420_500_1999-06-03_D_1.JPG","KREMEN_089_SK, DS, RK_0727-1420_500_1999-06-03_D_1.las",GZ1,GZ,,SA2,3429,0.0948,GZ,0.9597,727.0,1420.0,2480,20821,1,0
KREMEN_089,"KREMEN_089_SK, DS, RK_0727-1420_500_1999-06-03_D_1.nlgx","KREMEN_089_SK, DS, RK_0727-1420_500_1999-06-03_D_1.JPG","KREMEN_089_SK, DS, RK_0727-1420_500_1999-06-03_D_1.las",SP1,SP,,SA3,1414,0.041,SP,0.967,727.0,1420.0,2480,20821,3,0
KREMEN_089,"KREMEN_089_SK, DS, RK_0727-1420_500_1999-06-03_D_1.nlgx","KREMEN_089_SK, DS, RK_0727-1420_500_1999-06-03_D_1.JPG","KREMEN_089_SK, DS, RK_0727-1420_500_1999-06-03_D_1.las",CALI1,CALI,,SA1,2395,0.3862,CALI,0.0318,727.0,1420.0,2480,20821,2,0
KREMEN_089,"KREMEN_089_SK, DS, RK_0727-1420_500_1999-06-03_D_1.nlgx","KREMEN_089_SK, DS, RK_0727-1420_500_1999-06-03_D_1.JPG","KREMEN_089_SK, DS, RK_0727-1420_500_1999-06-03_D_1.las",NNKM1,NNKM,,SA1,2083,0.0139,NNKM,0.073,727.0,1420.0,2480,20821,2,0
KREMEN_089,"KREMEN_089_SK, DS, RK_0727-1420_500_1999-06-03_D_1.nlgx","KREMEN_089_SK, DS, RK_0727-1420_500_1999-06-03_D_1.JPG","KREMEN_089_SK, DS, RK_0727-1420_500_1999-06-03_D_1.las",NNKB1,NNKB,,SA2,1789,0.2269,NNKB,0.3069,727.0,1420.0,2480,20821,2,0
KREMEN_089,"KREMEN_089_SK, DS, RK_0727-1420_500_1999-06-03_D_1.nlgx","KREMEN_089_SK, DS, RK_0727-1420_500_1999-06-03_D_1.JPG","KREMEN_089_SK, DS, RK_0727-1420_500_1999-06-03_D_1.las",GK1,GK,,SA3,1600,0.0044,GK,0.9722,727.0,1420.0,2480,20821,2,0
KREMEN_089,"KREMEN_089_SK, DS, RK_0787-1493_500_1999-08-10_D_1.nlgx","KREMEN_089_SK, DS, RK_0787-1493_500_1999-08-10_D_1.JPG","KREMEN_089_SK, DS, RK_0787-1493_500_1999-08-10_D_1.las",SP1,SP,,SA1,2932,0.1548,SP,0.9952,787.0,1493.0,2480,21192,1,0
KREMEN_089,"KREMEN_089_SK, DS, RK_0787-1493_500_1999-08-10_D_1.nlgx","KREMEN_089_SK, DS, RK_0787-1493_500_1999-08-10_D_1.JPG","KREMEN_089_SK, DS, RK_0787-1493_500_1999-08-10_D_1.las",GZ1,GZ,,SA2,2364,0.121,GZ,0.9711,787.0,1493.0,2480,21192,1,0
KREMEN_089,"KREMEN_089_SK, DS, RK_0787-1493_500_1999-08-10_D_1.nlgx","KREMEN_089_SK, DS, RK_0787-1493_500_1999-08-10_D_1.JPG","KREMEN_089_SK, DS, RK_0787-1493_500_1999-08-10_D_1.las",PZ1,PZ,,SA3,2585,0.8015,PZ,0.9886,787.0,1493.0,2480,21192,2,0
KREMEN_089,"KREMEN_089_SK, DS, RK_0787-1493_500_1999-08-10_D_1.nlgx","KREMEN_089_SK, DS, RK_0787-1493_500_1999-08-10_D_1.JPG","KREMEN_089_SK, DS, RK_0787-1493_500_1999-08-10_D_1.las",CALI1,CALI,,SA1,1339,0.472,CALI,-0.1492,787.0,1493.0,2480,21192,2,0
KREMEN_089,"KREMEN_089_SK, DS, RK_0787-1493_500_1999-08-10_D_1.nlgx","KREMEN_089_SK, DS, RK_0787-1493_500_1999-08-10_D_1.JPG","KREMEN_089_SK, DS, RK_0787-1493_500_1999-08-10_D_1.las",GK1,GK,,SA1,2670,0.0056,GK,0.4547,787.0,1493.0,2480,21192,2,0
KREMEN_089,"KREMEN_089_SK, DS, RK_0787-1493_500_1999-08-10_D_1.nlgx","KREMEN_089_SK, DS, RK_0787-1493_500_1999-08-10_D_1.JPG","KREMEN_089_SK, DS, RK_0787-1493_500_1999-08-10_D_1.las",NNKB1,NNKB,,SA2,3518,0.3357,NNKB,0.8539,787.0,1493.0,2480,21192,1,0
KREMEN_089,"KREMEN_089_SK, DS, RK_0787-1493_500_1999-08-10_D_1.nlgx","KREMEN_089_SK, DS, RK_0787-1493_500_1999-08-10_D_1.JPG","KREMEN_089_SK, DS, RK_0787-1493_500_1999-08-10_D_1.las",NNKM1,NNKM,,SA3,3781,0.0275,NNKM,0.882,787.0,1493.0,2480,21192,1,0
KREMEN_089,"KREMEN_089_SK, GK, DS_0002-0570_500_1998-03-17_D_1.nlgx","KREMEN_089_SK, GK, DS_0002-0570_500_1998-03-17_D_1.jpg","KREMEN_089_SK, GK, DS_0002-0570_500_1998-03-17_D_1.las",GZ31,GZ,,SA1,972,0.999,GZ3,0.9778,0.0,580.0,2005,18270,2,1
KREMEN_089,"KREMEN_089_SK, GK, DS_0002-0570_500_1998-03-17_D_1.nlgx","KREMEN_089_SK, GK, DS_0002-0570_500_1998-03-17_D_1.jpg","KREMEN_089_SK, GK, DS_0002-0570_500_1998-03-17_D_1.las",OGZ1,OGZ,,SA2,1249,1.0,OGZ,0.9846,0.0,580.0,2005,18270,2,1
KREMEN_089,"KREMEN_089_SK, GK, DS_0002-0570_500_1998-03-17_D_1.nlgx","KREMEN_089_SK, GK, DS_0002-0570_500_1998-03-17_D_1.jpg","KREMEN_089_SK, GK, DS_0002-0570_500_1998-03-17_D_1.las",SP1,SP,,SA3,1239,1.0,SP,0.9885,0.0,580.0,2005,18270,1,1
KREMEN_089,"KREMEN_089_SK, GK, DS_0002-0570_500_1998-03-17_D_1.nlgx","KREMEN_089_SK, GK, DS_0002-0570_500_1998-03-17_D_1.jpg","KREMEN_089_SK, GK, DS_0002-0570_500_1998-03-17_D_1.las",GK1,GK,,SA4,1489,0.9973,GK,0.9938,0.0,580.0,2005,18270,1,1
KREMEN_089,KREMEN_089_TM_0000-1452_200_2001-03-15_D_1.nlgx,KREMEN_089_TM_0000-1452_200_2001-03-15_D_1.TIF,KREMEN_089_TM_0000-1452_200_2001-03-15_D_1.las,TMSS1,TMSS,,SA1,65638,0.0036,TMSS,1.0,20.0,1456.0,2480,91587,8,0
LEVEN_014,LEVEN_014_BKZ_1740-2080_200_1965-10-14_D_1.nlgx,LEVEN_014_BKZ_1740-2080_200_1965-10-14_D_1.JPG,LEVEN_014_BKZ_1740-2080_200_1965-10-14_D_1.las,GZ61,GZ,,SA1,1420,0.0,GZ6,0.9914,1740.0,2085.0,3504,24393,1,0
LEVEN_014,LEVEN_014_BKZ_1740-2080_200_1965-10-14_D_1.nlgx,LEVEN_014_BKZ_1740-2080_200_1965-10-14_D_1.JPG,LEVEN_014_BKZ_1740-2080_200_1965-10-14_D_1.las,GZ11,GZ,,SA2,1821,0.0005,GZ1,0.9833,1740.0,2085.0,3504,24393,2,0
LEVEN_014,LEVEN_014_BKZ_1740-2080_200_1965-10-14_D_1.nlgx,LEVEN_014_BKZ_1740-2080_200_1965-10-14_D_1.JPG,LEVEN_014_BKZ_1740-2080_200_1965-10-14_D_1.las,GZ21,GZ,,SA3,1838,0.0005,GZ2,0.9703,1740.0,2085.0,3504,24393,2,0
LEVEN_014,"LEVEN_014_DS, RM_0730-1400_500_1965-08-25_D_1.nlgx","LEVEN_014_DS, RM_0730-1400_500_1965-08-25_D_1.jpg","LEVEN_014_DS, RM_0730-1400_500_1965-08-25_D_1.las",DS1,DS,,SA1,2040,1.0,DS,0.809,720.0,1400.0,1615,20053,1,1
LEVEN_014,"LEVEN_014_DS, RM_0730-1400_500_1965-08-25_D_1.nlgx","LEVEN_014_DS, RM_0730-1400_500_1965-08-25_D_1.jpg","LEVEN_014_DS, RM_0730-1400_500_1965-08-25_D_1.las",RS1,RS,,SA2,169,0.9882,RS,-0.1653,720.0,1400.0,1615,20053,1,1
LEVEN_014,LEVEN_014_MK_0500-0817_200_1965-08-03_D_1.nlgx,LEVEN_014_MK_0500-0817_200_1965-08-03_D_1.jpg,LEVEN_014_MK_0500-0817_200_1965-08-03_D_1.las,MPZ1,MPZ,,SA1,2577,1.0,MPZ,0.7593,496.0,820.0,1585,23368,1,1
LEVEN_014,LEVEN_014_MK_0500-0817_200_1965-08-03_D_1.nlgx,LEVEN_014_MK_0500-0817_200_1965-08-03_D_1.jpg,LEVEN_014_MK_0500-0817_200_1965-08-03_D_1.las,MGZ1,MGZ,,SA2,2512,0.9693,MGZ,0.7735,496.0,820.0,1585,23368,1,1
LEVEN_014,LEVEN_014_MK_0500-0817_200_1965-08-03_D_1.nlgx,LEVEN_014_MK_0500-0817_200_1965-08-03_D_1.jpg,LEVEN_014_MK_0500-0817_200_1965-08-03_D_1.las,SP1,SP,,SA3,1159,0.9931,SP,0.9932,496.0,820.0,1585,23368,1,1
LEVEN_014,LEVEN_014_MK_0733-1402_200_1965-08-25_D_1.nlgx,LEVEN_014_MK_0733-1402_200_1965-08-25_D_1.jpg,LEVEN_014_MK_0733-1402_200_1965-08-25_D_1.las,MPZ1,MPZ,,SA1,4861,0.9998,MPZ,0.9445,730.0,1406.0,1634,44550,1,1
LEVEN_014,LEVEN_014_MK_0733-1402_200_1965-08-25_D_1.nlgx,LEVEN_014_MK_0733-1402_200_1965-08-25_D_1.jpg,LEVEN_014_MK_0733-1402_200_1965-08-25_D_1.las,MGZ1,MGZ,,SA2,4545,0.9615,MGZ,0.9707,730.0,1406.0,1634,44550,1,1
LEVEN_014,LEVEN_014_MK_0733-1402_200_1965-08-25_D_1.nlgx,LEVEN_014_MK_0733-1402_200_1965-08-25_D_1.jpg,LEVEN_014_MK_0733-1402_200_1965-08-25_D_1.las,SP1,SP,,SA3,1803,0.9945,SP,0.9963,730.0,1406.0,1634,44550,1,1
LEVEN_014,LEVEN_014_MK_1340-1684_200_1965-09-10_D_1.nlgx,LEVEN_014_MK_1340-1684_200_1965-09-10_D_1.jpg,LEVEN_014_MK_1340-1684_200_1965-09-10_D_1.las,MPZ1,MPZ,,SA1,3064,0.999,MPZ,0.9177,1336.0,1666.0,1603,23507,1,1
LEVEN_014,LEVEN_014_MK_1340-1684_200_1965-09-10_D_1.nlgx,LEVEN_014_MK_1340-1684_200_1965-09-10_D_1.jpg,LEVEN_014_MK_1340-1684_200_1965-09-10_D_1.las,MGZ1,MGZ,,SA2,2566,0.878,MGZ,0.9149,1336.0,1666.0,1603,23507,1,0
LEVEN_014,LEVEN_014_MK_1340-1684_200_1965-09-10_D_1.nlgx,LEVEN_014_MK_1340-1684_200_1965-09-10_D_1.jpg,LEVEN_014_MK_1340-1684_200_1965-09-10_D_1.las,SP1,SP,,SA3,689,1.0,SP,0.9964,1336.0,1666.0,1603,23507,1,1
LEVEN_014,LEVEN_014_MK_1584-2064_200_1966-08-12_D_1.nlgx,LEVEN_014_MK_1584-2064_200_1966-08-12_D_1.jpg,LEVEN_014_MK_1584-2064_200_1966-08-12_D_1.las,MGZ1,MGZ,,SA1,3327,0.9997,MGZ,0.9866,1580.0,2064.0,1614,33102,1,1
LEVEN_014,LEVEN_014_MK_1584-2064_200_1966-08-12_D_1.nlgx,LEVEN_014_MK_1584-2064_200_1966-08-12_D_1.jpg,LEVEN_014_MK_1584-2064_200_1966-08-12_D_1.las,MPZ1,MPZ,,SA2,4184,0.902,MPZ,0.9501,1580.0,2064.0,1614,33102,1,1
LEVEN_014,"LEVEN_014_NGK, GK_0000-1416_200_1996-08-28_D_1.nlgx","LEVEN_014_NGK, GK_0000-1416_200_1996-08-28_D_1.TIF","LEVEN_014_NGK, GK_0000-1416_200_1996-08-28_D_1.las",NGK1,NGK,,SA1,6098,0.1765,NGK,0.633,0.0,1440.0,2480,95144,2,0
LEVEN_014,"LEVEN_014_NGK, GK_0000-1416_200_1996-08-28_D_1.nlgx","LEVEN_014_NGK, GK_0000-1416_200_1996-08-28_D_1.TIF","LEVEN_014_NGK, GK_0000-1416_200_1996-08-28_D_1.las",GK1,GK,,SA2,5612,0.168,GK,0.8091,0.0,1440.0,2480,95144,1,0
LEVEN_014,LEVEN_014_TK_0002-1412_200_1996-09-27_D_1.nlgx,LEVEN_014_TK_0002-1412_200_1996-09-27_D_1.TIF,LEVEN_014_TK_0002-1412_200_1996-09-27_D_1.las,TMSS1,TMSS,,SA1,570,0.2333,TMSS,1.0,0.0,1440.0,2480,88010,8,0
LEVEN_023,"LEVEN_023_BKZ, DS_1010-1500_200_1996-12-02_D_1.nlgx","LEVEN_023_BKZ, DS_1010-1500_200_1996-12-02_D_1.jpg","LEVEN_023_BKZ, DS_1010-1500_200_1996-12-02_D_1.las",GZ51,GZ,,SA1,2336,0.997,GZ5,0.9027,1008.0,1492.0,2544,32040,3,1
LEVEN_023,"LEVEN_023_BKZ, DS_1010-1500_200_1996-12-02_D_1.nlgx","LEVEN_023_BKZ, DS_1010-1500_200_1996-12-02_D_1.jpg","LEVEN_023_BKZ, DS_1010-1500_200_1996-12-02_D_1.las",GZ41,GZ,,SA2,2918,0.9671,GZ4,0.8625,1008.0,1492.0,2544,32040,3,1
LEVEN_023,"LEVEN_023_BKZ, DS_1010-1500_200_1996-12-02_D_1.nlgx","LEVEN_023_BKZ, DS_1010-1500_200_1996-12-02_D_1.jpg","LEVEN_023_BKZ, DS_1010-1500_200_1996-12-02_D_1.las",SP1,SP,,SA3,1003,0.9382,SP,0.8912,1008.0,1492.0,2544,32040,1,1
LEVEN_023,"LEVEN_023_BKZ, DS_1010-1500_200_1996-12-02_D_1.nlgx","LEVEN_023_BKZ, DS_1010-1500_200_1996-12-02_D_1.jpg","LEVEN_023_BKZ, DS_1010-1500_200_1996-12-02_D_1.las",CALI1,CALI,,SA4,2033,1.0,CALI,0.4194,1008.0,1492.0,2544,32040,1,1
LEVEN_023,LEVEN_023_BKZ_1010-1490_200_1996-12-02_D_1.nlgx,LEVEN_023_BKZ_1010-1490_200_1996-12-02_D_1.jpg,LEVEN_023_BKZ_1010-1490_200_1996-12-02_D_1.las,GZ11,GZ,,SA1,1930,0.9788,GZ1,,1004.0,1488.0,2534,32024,2,1
LEVEN_023,LEVEN_023_BKZ_1010-1490_200_1996-12-02_D_1.nlgx,LEVEN_023_BKZ_1010-1490_200_1996-12-02_D_1.jpg,LEVEN_023_BKZ_1010-1490_200_1996-12-02_D_1.las,GZ21,GZ,,SA2,2366,0.7688,GZ2,,1004.0,1488.0,2534,32024,2,0
LEVEN_023,LEVEN_023_BKZ_1010-1490_200_1996-12-02_D_1.nlgx,LEVEN_023_BKZ_1010-1490_200_1996-12-02_D_1.jpg,LEVEN_023_BKZ_1010-1490_200_1996-12-02_D_1.las,GZ31,GZ,,SA3,2175,0.9959,GZ3,,1004.0,1488.0,2534,32024,3,1
LEVEN_023,LEVEN_023_BKZ_1010-1490_200_1996-12-02_D_1.nlgx,LEVEN_023_BKZ_1010-1490_200_1996-12-02_D_1.jpg,LEVEN_023_BKZ_1010-1490_200_1996-12-02_D_1.las,OGZ1,OGZ,,SA4,2617,0.9755,OGZ,,1004.0,1488.0,2534,32024,3,1
LEVEN_023,"LEVEN_023_GK, NNK-T_0000-1493_200_1996-12-05_D_1.nlgx","LEVEN_023_GK, NNK-T_0000-1493_200_1996-12-05_D_1.TIF","LEVEN_023_GK, NNK-T_0000-1493_200_1996-12-05_D_1.las",GK1,GK,,SA1,7274,0.266,GK,0.9845,0.0,1496.0,2576,93872,1,0
LEVEN_023,"LEVEN_023_GK, NNK-T_0000-1493_200_1996-12-05_D_1.nlgx","LEVEN_023_GK, NNK-T_0000-1493_200_1996-12-05_D_1.TIF","LEVEN_023_GK, NNK-T_0000-1493_200_1996-12-05_D_1.las",NNKM1,NNKM,,SA2,8645,0.6208,NNKM,0.9657,0.0,1496.0,2576,93872,3,0
LEVEN_023,"LEVEN_023_GK, NNK-T_0000-1493_200_1996-12-05_D_1.nlgx","LEVEN_023_GK, NNK-T_0000-1493_200_1996-12-05_D_1.TIF","LEVEN_023_GK, NNK-T_0000-1493_200_1996-12-05_D_1.las",NNKB1,NNKB,,SA3,6582,0.9439,NNKB,0.9746,0.0,1496.0,2576,93872,1,1
LEVEN_023,LEVEN_023_INNK_0550-1490_200_1996-12-05_D_1.nlgx,LEVEN_023_INNK_0550-1490_200_1996-12-05_D_1.JPG,LEVEN_023_INNK_0550-1490_200_1996-12-05_D_1.las,ZAT9001,ZAT,,SA1,8290,0.9566,ZAT900,0.6672,544.0,1492.0,2477,59804,1,1
LEVEN_023,LEVEN_023_INNK_0550-1490_200_1996-12-05_D_1.nlgx,LEVEN_023_INNK_0550-1490_200_1996-12-05_D_1.JPG,LEVEN_023_INNK_0550-1490_200_1996-12-05_D_1.las,ZAT12001,ZAT,,SA2,7966,0.9935,ZAT1200,0.4774,544.0,1492.0,2477,59804,1,1
LEVEN_023,LEVEN_023_INNK_0550-1490_200_1996-12-05_D_1.nlgx,LEVEN_023_INNK_0550-1490_200_1996-12-05_D_1.JPG,LEVEN_023_INNK_0550-1490_200_1996-12-05_D_1.las,ZAT15001,ZAT,,SA3,3843,0.9943,ZAT1500,0.1763,544.0,1492.0,2477,59804,1,1
LEVEN_023,LEVEN_023_INNK_0550-1490_200_1996-12-05_D_1.nlgx,LEVEN_023_INNK_0550-1490_200_1996-12-05_D_1.JPG,LEVEN_023_INNK_0550-1490_200_1996-12-05_D_1.las,TAU1,TAU,,SA4,2812,0.9822,TAU,0.7269,544.0,1492.0,2477,59804,1,1
LEVEN_023,"LEVEN_023_MBK, MDS_0900-1492_200_1996-12-02_D_1.nlgx","LEVEN_023_MBK, MDS_0900-1492_200_1996-12-02_D_1.jpg","LEVEN_023_MBK, MDS_0900-1492_200_1996-12-02_D_1.las",MBK1,MBK,,SA1,5021,0.9484,MBK,0.7717,988.0,1496.0,2097,34208,3,1
LEVEN_023,"LEVEN_023_MBK, MDS_0900-1492_200_1996-12-02_D_1.nlgx","LEVEN_023_MBK, MDS_0900-1492_200_1996-12-02_D_1.jpg","LEVEN_023_MBK, MDS_0900-1492_200_1996-12-02_D_1.las",MCAL²1,MCAL²,,SA2,1773,0.9983,MCAL²,0.8103,988.0,1496.0,2097,34208,1,1
LEVEN_023,LEVEN_023_MBK_0610-1060_200_1996-11-06_D_1.nlgx,LEVEN_023_MBK_0610-1060_200_1996-11-06_D_1.jpg,LEVEN_023_MBK_0610-1060_200_1996-11-06_D_1.las,MGZ1,MGZ,,SA1,3657,0.9915,MGZ,0.8013,606.0,1058.0,1774,31550,3,1
LEVEN_023,LEVEN_023_MBK_0610-1060_200_1996-11-06_D_1.nlgx,LEVEN_023_MBK_0610-1060_200_1996-11-06_D_1.jpg,LEVEN_023_MBK_0610-1060_200_1996-11-06_D_1.las,MCAL²1,MCAL²,,SA2,1910,0.9738,MCAL²,0.8785,606.0,1058.0,1774,31550,1,1
LEVEN_023,LEVEN_023_MK_0610-1060_200_1996-11-06_D_1.nlgx,LEVEN_023_MK_0610-1060_200_1996-11-06_D_1.jpg,LEVEN_023_MK_0610-1060_200_1996-11-06_D_1.las,MGZ1,MGZ,,SA1,3710,0.9798,MGZ,,610.0,1058.0,1792,31674,2,1
LEVEN_023,LEVEN_023_MK_0610-1060_200_1996-11-06_D_1.nlgx,LEVEN_023_MK_0610-1060_200_1996-11-06_D_1.jpg,LEVEN_023_MK_0610-1060_200_1996-11-06_D_1.las,MPZ1,MPZ,,SA2,3743,0.9968,MPZ,,610.0,1058.0,1792,31674,3,1
LEVEN_023,LEVEN_023_MK_0610-1060_200_1996-11-06_D_1.nlgx,LEVEN_023_MK_0610-1060_200_1996-11-06_D_1.jpg,LEVEN_023_MK_0610-1060_200_1996-11-06_D_1.las,SP1,SP,,SA3,1685,0.8119,SP,,610.0,1058.0,1792,31674,1,0
LEVEN_023,LEVEN_023_MK_1010-1500_200_1996-12-02_D_1.nlgx,LEVEN_023_MK_1010-1500_200_1996-12-02_D_1.jpg,LEVEN_023_MK_1010-1500_200_1996-12-02_D_1.las,MGZ1,MGZ,,SA1,4505,0.9765,MGZ,0.4819,1006.0,1494.0,1788,33318,3,1
LEVEN_024,LEVEN_024_AKC_0000-0600_500_1997-08-10_D_1.nlgx,LEVEN_024_AKC_0000-0600_500_1997-08-10_D_1.jpg,LEVEN_024_AKC_0000-0600_500_1997-08-10_D_1.las,AP1,AP,,SA1,1186,1.0,AP,0.9943,24.0,616.0,2025,18770,1,1
LEVEN_024,LEVEN_024_AKC_0000-0600_500_1997-08-10_D_1.nlgx,LEVEN_024_AKC_0000-0600_500_1997-08-10_D_1.jpg,LEVEN_024_AKC_0000-0600_500_1997-08-10_D_1.las,AK1,AK,,SA2,1258,1.0,AK,0.9967,24.0,616.0,2025,18770,1,1
LEVEN_024,LEVEN_024_AKC_0000-0600_500_1997-08-10_D_1.nlgx,LEVEN_024_AKC_0000-0600_500_1997-08-10_D_1.jpg,LEVEN_024_AKC_0000-0600_500_1997-08-10_D_1.las,TP1,TP,,SA3,1516,1.0,TP,0.9909,24.0,616.0,2025,18770,1,1
LEVEN_024,LEVEN_024_AKC_0000-1480_500_1997-09-01_D_1.nlgx,LEVEN_024_AKC_0000-1480_500_1997-09-01_D_1.jpg,LEVEN_024_AKC_0000-1480_500_1997-09-01_D_1.las,AP1,AP,,SA1,3228,0.9997,AP,0.9867,18.0,1478.0,2054,40170,1,1
LEVEN_024,LEVEN_024_AKC_0000-1480_500_1997-09-01_D_1.nlgx,LEVEN_024_AKC_0000-1480_500_1997-09-01_D_1.jpg,LEVEN_024_AKC_0000-1480_500_1997-09-01_D_1.las,TP1,TP,,SA2,19166,0.9997,TP,0.9919,18.0,1478.0,2054,40170,1,1
LEVEN_024,LEVEN_024_AKC_0000-1480_500_1997-09-01_D_1.nlgx,LEVEN_024_AKC_0000-1480_500_1997-09-01_D_1.jpg,LEVEN_024_AKC_0000-1480_500_1997-09-01_D_1.las,AK1,AK,,SA3,2928,0.988,AK,0.9714,18.0,1478.0,2054,40170,1,1
LEVEN_024,"LEVEN_024_GK, NGK_0490-1424_200_2001-03-30_D_1.nlgx","LEVEN_024_GK, NGK_0490-1424_200_2001-03-30_D_1.JPG","LEVEN_024_GK, NGK_0490-1424_200_2001-03-30_D_1.las",GK1,GK,,SA1,26687,0.2201,GK,0.9935,489.6,1426.4,2800,58584,2,0
LEVEN_024,"LEVEN_024_GK, NGK_0490-1424_200_2001-03-30_D_1.nlgx","LEVEN_024_GK, NGK_0490-1424_200_2001-03-30_D_1.JPG","LEVEN_024_GK, NGK_0490-1424_200_2001-03-30_D_1.las",NGK1,NGK,,SA2,28421,0.2376,NGK,0.9967,489.6,1426.4,2800,58584,1,0
LEVEN_024,LEVEN_024_INNK_0498-1423_200_2001-03-27_D_1.nlgx,LEVEN_024_INNK_0498-1423_200_2001-03-27_D_1.TIF,LEVEN_024_INNK_0498-1423_200_2001-03-27_D_1.las,ZAT13001,ZAT,,SA1,29092,0.8797,ZAT1300,0.9338,498.0,1426.0,3504,59016,1,0
LEVEN_024,LEVEN_024_INNK_0498-1423_200_2001-03-27_D_1.nlgx,LEVEN_024_INNK_0498-1423_200_2001-03-27_D_1.TIF,LEVEN_024_INNK_0498-1423_200_2001-03-27_D_1.las,ZAT10001,ZAT,,SA2,22646,0.8468,ZAT1000,0.8414,498.0,1426.0,3504,59016,1,0
LEVEN_024,LEVEN_024_INNK_0498-1423_200_2001-03-27_D_1.nlgx,LEVEN_024_INNK_0498-1423_200_2001-03-27_D_1.TIF,LEVEN_024_INNK_0498-1423_200_2001-03-27_D_1.las,ZAT7001,ZAT,,SA3,30460,0.845,ZAT700,0.9061,498.0,1426.0,3504,59016,1,0
LEVEN_024,LEVEN_024_INNK_0498-1423_200_2001-03-27_D_1.nlgx,LEVEN_024_INNK_0498-1423_200_2001-03-27_D_1.TIF,LEVEN_024_INNK_0498-1423_200_2001-03-27_D_1.las,ZAT4001,ZAT,,SA4,23611,0.8003,ZAT400,0.8672,498.0,1426.0,3504,59016,1,0
LEVEN_024,LEVEN_024_INNK_0498-1423_200_2001-03-27_D_1.nlgx,LEVEN_024_INNK_0498-1423_200_2001-03-27_D_1.TIF,LEVEN_024_INNK_0498-1423_200_2001-03-27_D_1.las,TAU1,TAU,,SA5,35717,0.8305,TAU,0.9221,498.0,1426.0,3504,59016,2,0
LEVEN_024,"LEVEN_024_TK, M_1100-1427_200_2001-03-29_D_1.nlgx","LEVEN_024_TK, M_1100-1427_200_2001-03-29_D_1.jpg","LEVEN_024_TK, M_1100-1427_200_2001-03-29_D_1.las",TMSS1,TMSS,,SA1,309,0.9773,TMSS,,1091.2,1428.4,2474,22568,3,1
LEVEN_024,"LEVEN_024_TK, M_1100-1427_200_2001-03-29_D_1.nlgx","LEVEN_024_TK, M_1100-1427_200_2001-03-29_D_1.jpg","LEVEN_024_TK, M_1100-1427_200_2001-03-29_D_1.las",TMDS11,TMDS,,SA2,931,0.9345,TMDS1,,1091.2,1428.4,2474,22568,3,1
LEVEN_024,"LEVEN_024_TK, M_1100-1427_200_2001-03-29_D_1.nlgx","LEVEN_024_TK, M_1100-1427_200_2001-03-29_D_1.jpg","LEVEN_024_TK, M_1100-1427_200_2001-03-29_D_1.las",MNDS11,MNDS,,SA3,838,0.9749,MNDS1,,1091.2,1428.4,2474,22568,8,1
LOBACH_013,LOBACH_013_BKZ_1286-2008_200_1991-04-02_D_11.nlgx,LOBACH_013_BKZ_1286-2008_200_1991-04-02_D_11.jpg,LOBACH_013_BKZ_1286-2008_200_1991-04-02_D_11.las,GZ41,GZ,,SA1,4506,1.0,GZ4,0.9872,1280.0,2008.0,2514,46983,2,1
LOBACH_013,LOBACH_013_BKZ_1286-2008_200_1991-04-02_D_11.nlgx,LOBACH_013_BKZ_1286-2008_200_1991-04-02_D_11.jpg,LOBACH_013_BKZ_1286-2008_200_1991-04-02_D_11.las,GZ31,GZ,,SA2,4094,0.4367,GZ3,0.9906,1280.0,2008.0,2514,46983,2,0
LOBACH_013,LOBACH_013_BKZ_1286-2008_200_1991-04-02_D_11.nlgx,LOBACH_013_BKZ_1286-2008_200_1991-04-02_D_11.jpg,LOBACH_013_BKZ_1286-2008_200_1991-04-02_D_11.las,OGZ1,OGZ,,SA3,4572,0.932,OGZ,0.9871,1280.0,2008.0,2514,46983,2,1
LOBACH_013,LOBACH_013_BKZ_1286-2008_200_1991-04-02_D_11.nlgx,LOBACH_013_BKZ_1286-2008_200_1991-04-02_D_11.jpg,LOBACH_013_BKZ_1286-2008_200_1991-04-02_D_11.las,SP1,SP,,SA4,5631,0.6784,SP,0.991,1280.0,2008.0,2514,46983,1,0
LOBACH_013,LOBACH_013_BKZ_1288-2004_200_1991-04-02_D_12.nlgx,LOBACH_013_BKZ_1288-2004_200_1991-04-02_D_12.jpg,LOBACH_013_BKZ_1288-2004_200_1991-04-02_D_12.las,GZ11,GZ,,SA1,3393,0.9982,GZ1,0.9796,1288.0,2004.0,2504,46514,2,1
LOBACH_013,LOBACH_013_BKZ_1288-2004_200_1991-04-02_D_12.nlgx,LOBACH_013_BKZ_1288-2004_200_1991-04-02_D_12.jpg,LOBACH_013_BKZ_1288-2004_200_1991-04-02_D_12.las,GZ21,GZ,,SA2,7237,0.7516,,,1288.0,2004.0,2504,46514,2,0
LOBACH_013,LOBACH_013_BKZ_1288-2004_200_1991-04-02_D_12.nlgx,LOBACH_013_BKZ_1288-2004_200_1991-04-02_D_12.jpg,LOBACH_013_BKZ_1288-2004_200_1991-04-02_D_12.las,GZ41,GZ,,SA1,2409,0.9954,,,1288.0,2004.0,2504,46514,3,1
LOBACH_013,LOBACH_013_BKZ_1288-2004_200_1991-04-02_D_12.nlgx,LOBACH_013_BKZ_1288-2004_200_1991-04-02_D_12.jpg,LOBACH_013_BKZ_1288-2004_200_1991-04-02_D_12.las,GZ51,GZ,,SA2,1851,0.7634,,,1288.0,2004.0,2504,46514,3,0
LOBACH_013,LOBACH_013_INNK_1713-1978_200_1997-08-22_D_1.nlgx,LOBACH_013_INNK_1713-1978_200_1997-08-22_D_1.jpg,LOBACH_013_INNK_1713-1978_200_1997-08-22_D_1.las,ZAT4501,ZAT,,SA1,3215,0.9956,ZAT450,0.9768,1712.0,1978.0,2512,28530,1,1
LOBACH_013,LOBACH_013_INNK_1713-1978_200_1997-08-22_D_1.nlgx,LOBACH_013_INNK_1713-1978_200_1997-08-22_D_1.jpg,LOBACH_013_INNK_1713-1978_200_1997-08-22_D_1.las,ZAT7501,ZAT,,SA2,2513,0.8762,ZAT750,0.9886,1712.0,1978.0,2512,28530,1,0
LOBACH_013,LOBACH_013_INNK_1713-1978_200_1997-08-22_D_1.nlgx,LOBACH_013_INNK_1713-1978_200_1997-08-22_D_1.jpg,LOBACH_013_INNK_1713-1978_200_1997-08-22_D_1.las,ZAT10501,ZAT,,SA3,1284,0.778,ZAT1050,0.871,1712.0,1978.0,2512,28530,1,0
LOBACH_013,LOBACH_013_INNK_1713-1978_200_1997-08-22_D_1.nlgx,LOBACH_013_INNK_1713-1978_200_1997-08-22_D_1.jpg,LOBACH_013_INNK_1713-1978_200_1997-08-22_D_1.las,ZAT13501,ZAT,,SA4,1413,0.8818,ZAT1350,0.827,1712.0,1978.0,2512,28530,1,0
LOBACH_013,LOBACH_013_INNK_1720-1970_200_1991-04-16_D_1.nlgx,LOBACH_013_INNK_1720-1970_200_1991-04-16_D_1.jpg,LOBACH_013_INNK_1720-1970_200_1991-04-16_D_1.las,ZAT7501,ZAT,,SA1,767,0.1943,ZAT750,0.9806,1716.0,1972.0,2563,40582,2,0
LOBACH_013,LOBACH_013_INNK_1720-1970_200_1991-04-16_D_1.nlgx,LOBACH_013_INNK_1720-1970_200_1991-04-16_D_1.jpg,LOBACH_013_INNK_1720-1970_200_1991-04-16_D_1.las,TAU1,TAU,,SA2,936,0.9519,TAU,0.9978,1716.0,1972.0,2563,40582,1,1
LOBACH_013,LOBACH_013_INNK_1720-1970_200_1991-04-16_D_1.nlgx,LOBACH_013_INNK_1720-1970_200_1991-04-16_D_1.jpg,LOBACH_013_INNK_1720-1970_200_1991-04-16_D_1.las,ZAT10501,ZAT,,SA3,810,0.9469,ZAT1050,0.9805,1716.0,1972.0,2563,40582,2,1
LOBACH_013,LOBACH_013_INNK_1720-1970_200_1991-04-16_D_1.nlgx,LOBACH_013_INNK_1720-1970_200_1991-04-16_D_1.jpg,LOBACH_013_INNK_1720-1970_200_1991-04-16_D_1.las,ZAT13501,ZAT,,SA4,476,0.5546,ZAT1350,0.9655,1716.0,1972.0,2563,40582,2,0
LOBACH_013,LOBACH_013_INNK_1720-1970_200_1991-04-16_D_1.nlgx,LOBACH_013_INNK_1720-1970_200_1991-04-16_D_1.jpg,LOBACH_013_INNK_1720-1970_200_1991-04-16_D_1.las,ZAT16501,ZAT,,SA5,456,0.8882,ZAT1650,0.9847,1716.0,1972.0,2563,40582,2,0
LOBACH_013,LOBACH_013_INNK_1738-1972_500_2005-05-26_D_1.nlgx,LOBACH_013_INNK_1738-1972_500_2005-05-26_D_1.jpg,LOBACH_013_INNK_1738-1972_500_2005-05-26_D_1.las,ZAT4501,ZAT,,SA1,429,0.9814,ZAT450,,1737.0,1972.0,2624,8744,1,1
LOBACH_013,LOBACH_013_INNK_1738-1972_500_2005-05-26_D_1.nlgx,LOBACH_013_INNK_1738-1972_500_2005-05-26_D_1.jpg,LOBACH_013_INNK_1738-1972_500_2005-05-26_D_1.las,ZAT7501,ZAT,,SA2,1497,0.9947,ZAT750,,1737.0,1972.0,2624,8744,1,1
LOBACH_013,LOBACH_013_INNK_1738-1972_500_2005-05-26_D_1.nlgx,LOBACH_013_INNK_1738-1972_500_2005-05-26_D_1.jpg,LOBACH_013_INNK_1738-1972_500_2005-05-26_D_1.las,TAU1,TAU,,SA3,834,0.1259,TAU,,1737.0,1972.0,2624,8744,1,0
LOBACH_013,LOBACH_013_INNK_1738-1972_500_2005-05-26_D_1.nlgx,LOBACH_013_INNK_1738-1972_500_2005-05-26_D_1.jpg,LOBACH_013_INNK_1738-1972_500_2005-05-26_D_1.las,ZAT10501,ZAT,,SA4,359,0.9916,ZAT1050,,1737.0,1972.0,2624,8744,1,1
LOBACH_013,LOBACH_013_INNK_1738-1972_500_2005-05-26_D_1.nlgx,LOBACH_013_INNK_1738-1972_500_2005-05-26_D_1.jpg,LOBACH_013_INNK_1738-1972_500_2005-05-26_D_1.las,ZAT13501,ZAT,,SA5,290,0.9862,ZAT1350,,1737.0,1972.0,2624,8744,1,1
LOBACH_013,LOBACH_013_INNK_1738-1972_500_2005-05-26_D_1.nlgx,LOBACH_013_INNK_1738-1972_500_2005-05-26_D_1.jpg,LOBACH_013_INNK_1738-1972_500_2005-05-26_D_1.las,TAU-INT1,TAU-INT,,SA6,577,0.5165,TAU-INT,,1737.0,1972.0,2624,8744,1,0
LOBACH_013,LOBACH_013_INNK_1824-1970_200_1988-05-05_D_1.nlgx,LOBACH_013_INNK_1824-1970_200_1988-05-05_D_1.jpg,LOBACH_013_INNK_1824-1970_200_1988-05-05_D_1.las,ZAT7501,ZAT,,SA1,648,0.2238,ZAT750,0.4986,1820.0,1970.0,2518,33869,1,0
LOBACH_013,LOBACH_013_INNK_1824-1970_200_1988-05-05_D_1.nlgx,LOBACH_013_INNK_1824-1970_200_1988-05-05_D_1.jpg,LOBACH_013_INNK_1824-1970_200_1988-05-05_D_1.las,TAU1,TAU,,SA2,742,0.9178,TAU,0.3119,1820.0,1970.0,2518,33869,1,1
LOBACH_013,LOBACH_013_INNK_1824-1970_200_1988-05-05_D_1.nlgx,LOBACH_013_INNK_1824-1970_200_1988-05-05_D_1.jpg,LOBACH_013_INNK_1824-1970_200_1988-05-05_D_1.las,ZAT10501,ZAT,,SA3,609,0.8177,ZAT1050,0.4639,1820.0,1970.0,2518,33869,2,0
LOBACH_013,LOBACH_013_INNK_1824-1970_200_1988-05-05_D_1.nlgx,LOBACH_013_INNK_1824-1970_200_1988-05-05_D_1.jpg,LOBACH_013_INNK_1824-1970_200_1988-05-05_D_1.las,ZAT13501,ZAT,,SA4,718,0.1337,ZAT1350,0.4944,1820.0,1970.0,2518,33869,2,0
LOBACH_013,LOBACH_013_INNK_1824-1970_200_1988-05-05_D_1.nlgx,LOBACH_013_INNK_1824-1970_200_1988-05-05_D_1.jpg,LOBACH_013_INNK_1824-1970_200_1988-05-05_D_1.las,ZAT16501,ZAT,,SA5,434,0.6175,ZAT1650,0.5171,1820.0,1970.0,2518,33869,2,0
LOBACH_013,"LOBACH_013_M, RM, GDS_1510-1972_500_2005-05-26_D_1.nlgx","LOBACH_013_M, RM, GDS_1510-1972_500_2005-05-26_D_1.jpg","LOBACH_013_M, RM, GDS_1510-1972_500_2005-05-26_D_1.las",REZSS1,REZSS,,SA1,7695,0.9991,REZSS,0.9992,1510.0,1970.0,2405,14116,1,1
LOBACH_013,"LOBACH_013_M, RM, GDS_1510-1972_500_2005-05-26_D_1.nlgx","LOBACH_013_M, RM, GDS_1510-1972_500_2005-05-26_D_1.jpg","LOBACH_013_M, RM, GDS_1510-1972_500_2005-05-26_D_1.las",MNSS1,MNSS,,SA2,369,0.0867,MNSS,1.0,1510.0,1970.0,2405,14116,1,0
LOBACH_013,"LOBACH_013_M, RM, GDS_1510-1972_500_2005-05-26_D_1.nlgx","LOBACH_013_M, RM, GDS_1510-1972_500_2005-05-26_D_1.jpg","LOBACH_013_M, RM, GDS_1510-1972_500_2005-05-26_D_1.las",GK1,GK,,SA3,478,0.0941,GK,0.9986,1510.0,1970.0,2405,14116,1,0
LOBACH_013,LOBACH_013_M_1670-1970_200_1991-04-04_D_1.nlgx,LOBACH_013_M_1670-1970_200_1991-04-04_D_1.jpg,LOBACH_013_M_1670-1970_200_1991-04-04_D_1.las,MNSS1,MNSS,,SA1,115,0.913,MNSS,0.9899,1670.0,1970.0,2522,21527,4,1
LOBACH_013,LOBACH_013_MK_1292-2012_200_1991-04-02_D_1.nlgx,LOBACH_013_MK_1292-2012_200_1991-04-02_D_1.jpg,LOBACH_013_MK_1292-2012_200_1991-04-02_D_1.las,MPZ1,MPZ,,SA1,6507,0.9674,MPZ,0.8732,1292.0,2012.0,2060,47289,2,1
LOBACH_013,LOBACH_013_MK_1292-2012_200_1991-04-02_D_1.nlgx,LOBACH_013_MK_1292-2012_200_1991-04-02_D_1.jpg,LOBACH_013_MK_1292-2012_200_1991-04-02_D_1.las,MGZ1,MGZ,,SA2,5610,0.7752,MGZ,0.8723,1292.0,2012.0,2060,47289,2,0
LOBACH_013,"LOBACH_013_RK, LM_1740-1972_500_2005-05-26_D_1.nlgx","LOBACH_013_RK, LM_1740-1972_500_2005-05-26_D_1.jpg","LOBACH_013_RK, LM_1740-1972_500_2005-05-26_D_1.las",NGK1,NGK,,SA1,1681,0.9738,NGK,0.986,1740.0,1970.0,2515,8701,1,1
LOBACH_013,"LOBACH_013_RK, LM_1740-1972_500_2005-05-26_D_1.nlgx","LOBACH_013_RK, LM_1740-1972_500_2005-05-26_D_1.jpg","LOBACH_013_RK, LM_1740-1972_500_2005-05-26_D_1.las",GK1,GK,,SA2,1368,0.0789,GK,0.9853,1740.0,1970.0,2515,8701,1,0
LOBACH_013,"LOBACH_013_RK, LM_1750-1968_500_2012-08-12_D_1.nlgx","LOBACH_013_RK, LM_1750-1968_500_2012-08-12_D_1.jpg","LOBACH_013_RK, LM_1750-1968_500_2012-08-12_D_1.las",NGK1,NGK,,SA1,555,0.9892,NGK,0.9993,1760.0,1970.0,2896,8621,1,1
LOBACH_013,"LOBACH_013_RK, LM_1750-1968_500_2012-08-12_D_1.nlgx","LOBACH_013_RK, LM_1750-1968_500_2012-08-12_D_1.jpg","LOBACH_013_RK, LM_1750-1968_500_2012-08-12_D_1.las",GK1,GK,,SA2,514,0.1342,GK,0.9961,1760.0,1970.0,2896,8621,2,0
LOBACH_013,LOBACH_013_RK-f_0006-1992_500_1981-04-13_D_1.nlgx,LOBACH_013_RK-f_0006-1992_500_1981-04-13_D_1.jpg,LOBACH_013_RK-f_0006-1992_500_1981-04-13_D_1.las,NGK1,NGK,,SA1,6896,0.9997,NGK,,0.0,2000.0,2520,51451,1,1
LOBACH_013,LOBACH_013_RK-f_0006-1992_500_1981-04-13_D_1.nlgx,LOBACH_013_RK-f_0006-1992_500_1981-04-13_D_1.jpg,LOBACH_013_RK-f_0006-1992_500_1981-04-13_D_1.las,GK1,GK,,SA2,5519,0.9502,GK,,0.0,2000.0,2520,51451,2,1
LOBACH_013,LOBACH_013_RK_1290-1980_500_1272-1982_200_1985-09-24_D_1.nlgx,LOBACH_013_RK_1290-1980_500_1272-1982_200_1985-09-24_D_1.jpg,LOBACH_013_RK_1290-1980_500_1272-1982_200_1985-09-24_D_1.las,NGK1,NGK,,SA1,1105,0.952,NGK,0.9971,1290.0,1990.0,2505,62840,1,1
LOBACH_013,LOBACH_013_RK_1290-1980_500_1272-1982_200_1985-09-24_D_1.nlgx,LOBACH_013_RK_1290-1980_500_1272-1982_200_1985-09-24_D_1.jpg,LOBACH_013_RK_1290-1980_500_1272-1982_200_1985-09-24_D_1.las,GK1,GK,,SA2,1269,0.9314,GK,0.9968,1290.0,1990.0,2505,62840,1,1
LOBACH_013,LOBACH_013_RK_1540-1942_500_1840-1942_200_1984-06-24_D_1.nlgx,LOBACH_013_RK_1540-1942_500_1840-1942_200_1984-06-24_D_1.jpg,LOBACH_013_RK_1540-1942_500_1840-1942_200_1984-06-24_D_1.las,NGK1,NGK,,SA1,2603,0.9842,NGK,0.972,1530.0,1950.0,2501,20361,1,1
LOBACH_013,LOBACH_013_RK_1540-1942_500_1840-1942_200_1984-06-24_D_1.nlgx,LOBACH_013_RK_1540-1942_500_1840-1942_200_1984-06-24_D_1.jpg,LOBACH_013_RK_1540-1942_500_1840-1942_200_1984-06-24_D_1.las,GK1,GK,,SA2,753,0.9575,GK,0.9747,1530.0,1950.0,2501,20361,1,1
LOBACH_013,LOBACH_013_RK_1610-1970_500_1984-12-11_D_1.nlgx,LOBACH_013_RK_1610-1970_500_1984-12-11_D_1.jpg,LOBACH_013_RK_1610-1970_500_1984-12-11_D_1.las,NGK1,NGK,,SA1,1137,1.0,NGK,,1600.0,1980.0,2438,12557,1,1
LOBACH_013,LOBACH_013_RK_1610-1970_500_1984-12-11_D_1.nlgx,LOBACH_013_RK_1610-1970_500_1984-12-11_D_1.jpg,LOBACH_013_RK_1610-1970_500_1984-12-11_D_1.las,GK1,GK,,SA2,1188,0.8502,GK,,1600.0,1980.0,2438,12557,1,0
LOBACH_013,LOBACH_013_RK_1654-1974_200_1997-08-20_D_1.nlgx,LOBACH_013_RK_1654-1974_200_1997-08-20_D_1.jpg,LOBACH_013_RK_1654-1974_200_1997-08-20_D_1.las,GK1,GK,,SA1,2671,0.909,GK,,1652.0,1980.0,2517,25619,1,1
LOBACH_013,LOBACH_013_RK_1654-1974_200_1997-08-20_D_1.nlgx,LOBACH_013_RK_1654-1974_200_1997-08-20_D_1.jpg,LOBACH_013_RK_1654-1974_200_1997-08-20_D_1.las,GK11,GK,,SA2,3237,0.9926,GK1,,1652.0,1980.0,2517,25619,1,1
LOBACH_013,LOBACH_013_RK_1678-1972_200_1991-04-04_D_1.nlgx,LOBACH_013_RK_1678-1972_200_1991-04-04_D_1.jpg,LOBACH_013_RK_1678-1972_200_1991-04-04_D_1.las,NGK1,NGK,,SA1,1138,0.9482,NGK,0.9925,1664.0,1972.0,2535,25699,2,1
LOBACH_013,LOBACH_013_RK_1678-1972_200_1991-04-04_D_1.nlgx,LOBACH_013_RK_1678-1972_200_1991-04-04_D_1.jpg,LOBACH_013_RK_1678-1972_200_1991-04-04_D_1.las,GK1,GK,,SA2,1226,0.9608,GK,0.9918,1664.0,1972.0,2535,25699,1,1
LOBACH_013,LOBACH_013_RK_1690-1945_500_1983-02-01_D_1.nlgx,LOBACH_013_RK_1690-1945_500_1983-02-01_D_1.jpg,LOBACH_013_RK_1690-1945_500_1983-02-01_D_1.las,NGK1,NGK,,SA1,685,1.0,NGK,,1680.0,1950.0,2544,9455,1,1
LOBACH_013,LOBACH_013_RK_1690-1945_500_1983-02-01_D_1.nlgx,LOBACH_013_RK_1690-1945_500_1983-02-01_D_1.jpg,LOBACH_013_RK_1690-1945_500_1983-02-01_D_1.las,GK1,GK,,SA2,513,0.9844,GK,,1680.0,1950.0,2544,9455,1,1
LOBACH_013,LOBACH_013_RK_1718-1972_200_1988-05-04_D_1.nlgx,LOBACH_013_RK_1718-1972_200_1988-05-04_D_1.jpg,LOBACH_013_RK_1718-1972_200_1988-05-04_D_1.las,NGK1,NGK,,SA1,1155,0.8978,NGK,0.9814,1716.0,1972.0,2512,23415,1,0
LOBACH_013,LOBACH_013_RK_1718-1972_200_1988-05-04_D_1.nlgx,LOBACH_013_RK_1718-1972_200_1988-05-04_D_1.jpg,LOBACH_013_RK_1718-1972_200_1988-05-04_D_1.las,GK1,GK,,SA2,1029,0.9689,GK,0.9655,1716.0,1972.0,2512,23415,1,1
LOBACH_013,LOBACH_013_RK_1820-1940_500_1982-12-08_D_1.nlgx,LOBACH_013_RK_1820-1940_500_1982-12-08_D_1.jpg,LOBACH_013_RK_1820-1940_500_1982-12-08_D_1.las,NGK1,NGK,,SA1,198,0.9697,NGK,,1810.0,1950.0,3046,6515,1,1
LOBACH_013,LOBACH_013_RK_1820-1940_500_1982-12-08_D_1.nlgx,LOBACH_013_RK_1820-1940_500_1982-12-08_D_1.jpg,LOBACH_013_RK_1820-1940_500_1982-12-08_D_1.las,GK1,GK,,SA2,212,0.9717,GK,,1810.0,1950.0,3046,6515,1,1
LOBACH_032,LOBACH_032_BKZ_1288-2040_200_1982-03-20_D_12.nlgx,LOBACH_032_BKZ_1288-2040_200_1982-03-20_D_12.jpg,LOBACH_032_BKZ_1288-2040_200_1982-03-20_D_12.las,GZ11,GZ,,SA1,3284,0.9921,GZ1,0.9743,1284.0,2040.0,2553,48483,2,1
LOBACH_032,LOBACH_032_BKZ_1288-2040_200_1982-03-20_D_12.nlgx,LOBACH_032_BKZ_1288-2040_200_1982-03-20_D_12.jpg,LOBACH_032_BKZ_1288-2040_200_1982-03-20_D_12.las,GZ41,GZ,,SA2,2504,0.9964,GZ4,0.985,1284.0,2040.0,2553,48483,3,1
LOBACH_032,LOBACH_032_BKZ_1288-2040_200_1982-03-20_D_12.nlgx,LOBACH_032_BKZ_1288-2040_200_1982-03-20_D_12.jpg,LOBACH_032_BKZ_1288-2040_200_1982-03-20_D_12.las,GZ21,GZ,,SA3,3083,0.6056,GZ2,0.9758,1284.0,2040.0,2553,48483,3,0
LOBACH_032,LOBACH_032_BKZ_1288-2040_200_1982-03-20_D_12.nlgx,LOBACH_032_BKZ_1288-2040_200_1982-03-20_D_12.jpg,LOBACH_032_BKZ_1288-2040_200_1982-03-20_D_12.las,GZ51,GZ,,SA4,2011,0.5709,GZ5,0.9892,1284.0,2040.0,2553,48483,3,0
LOBACH_032,LOBACH_032_BKZ_1292-2037_200_1982-03-20_D_11.nlgx,LOBACH_032_BKZ_1292-2037_200_1982-03-20_D_11.jpg,LOBACH_032_BKZ_1292-2037_200_1982-03-20_D_11.las,OGZ21,OGZ,,SA1,5611,1.0,OGZ2,0.994,1288.0,2040.0,2560,50027,3,1
LOBACH_032,LOBACH_032_BKZ_1292-2037_200_1982-03-20_D_11.nlgx,LOBACH_032_BKZ_1292-2037_200_1982-03-20_D_11.jpg,LOBACH_032_BKZ_1292-2037_200_1982-03-20_D_11.las,GZ31,GZ,,SA2,4347,0.5689,GZ3,0.994,1288.0,2040.0,2560,50027,3,0
LOBACH_032,LOBACH_032_BKZ_1292-2037_200_1982-03-20_D_11.nlgx,LOBACH_032_BKZ_1292-2037_200_1982-03-20_D_11.jpg,LOBACH_032_BKZ_1292-2037_200_1982-03-20_D_11.las,OGZ1,OGZ,,SA3,5656,0.9982,OGZ,0.9906,1288.0,2040.0,2560,50027,3,1
LOBACH_032,LOBACH_032_BKZ_1292-2037_200_1982-03-20_D_11.nlgx,LOBACH_032_BKZ_1292-2037_200_1982-03-20_D_11.jpg,LOBACH_032_BKZ_1292-2037_200_1982-03-20_D_11.las,SP1,SP,,SA4,4371,1.0,SP,0.9979,1288.0,2040.0,2560,50027,1,1
LOBACH_032,"LOBACH_032_GK, LM-PVR, TM_1790-1971_500_2010-04-29_D_1.nlgx","LOBACH_032_GK, LM-PVR, TM_1790-1971_500_2010-04-29_D_1.jpg","LOBACH_032_GK, LM-PVR, TM_1790-1971_500_2010-04-29_D_1.las",TMSS1,TMSS,,SA1,109,0.9908,TMSS,0.9996,1790.0,1980.0,2509,8161,1,1
LOBACH_032,"LOBACH_032_GK, LM-PVR, TM_1790-1971_500_2010-04-29_D_1.nlgx","LOBACH_032_GK, LM-PVR, TM_1790-1971_500_2010-04-29_D_1.jpg","LOBACH_032_GK, LM-PVR, TM_1790-1971_500_2010-04-29_D_1.las",GK1,GK,,SA2,908,0.9273,GK,0.9251,1790.0,1980.0,2509,8161,1,1
LOBACH_032,LOBACH_032_INNK_1304-1972_200_1991-01-16_D_1.nlgx,LOBACH_032_INNK_1304-1972_200_1991-01-16_D_1.jpg,LOBACH_032_INNK_1304-1972_200_1991-01-16_D_1.las,ZAT7501,ZAT,,SA1,7637,0.8556,ZAT750,0.2338,1304.0,1972.0,2668,61773,2,0
LOBACH_032,LOBACH_032_INNK_1304-1972_200_1991-01-16_D_1.nlgx,LOBACH_032_INNK_1304-1972_200_1991-01-16_D_1.jpg,LOBACH_032_INNK_1304-1972_200_1991-01-16_D_1.las,TAU1,TAU,,SA2,1855,0.9774,TAU,0.1896,1304.0,1972.0,2668,61773,2,1
LOBACH_032,LOBACH_032_INNK_1304-1972_200_1991-01-16_D_1.nlgx,LOBACH_032_INNK_1304-1972_200_1991-01-16_D_1.jpg,LOBACH_032_INNK_1304-1972_200_1991-01-16_D_1.las,ZAT10501,ZAT,,SA3,2041,0.9931,ZAT1050,0.3171,1304.0,1972.0,2668,61773,1,1
LOBACH_032,LOBACH_032_INNK_1304-1972_200_1991-01-16_D_1.nlgx,LOBACH_032_INNK_1304-1972_200_1991-01-16_D_1.jpg,LOBACH_032_INNK_1304-1972_200_1991-01-16_D_1.las,ZAT13501,ZAT,,SA4,1557,0.6211,ZAT1350,0.3346,1304.0,1972.0,2668,61773,2,0
LOBACH_032,LOBACH_032_INNK_1304-1972_200_1991-01-16_D_1.nlgx,LOBACH_032_INNK_1304-1972_200_1991-01-16_D_1.jpg,LOBACH_032_INNK_1304-1972_200_1991-01-16_D_1.las,ZAT16501,ZAT,,SA5,1568,0.9656,ZAT1650,0.4153,1304.0,1972.0,2668,61773,2,1
LOBACH_032,LOBACH_032_M_0006-1972_200_1996-04-11_D_1.nlgx,LOBACH_032_M_0006-1972_200_1996-04-11_D_1.tif,LOBACH_032_M_0006-1972_200_1996-04-11_D_1.las,MNSS1,MNSS,,SA1,6492,0.9998,MNSS,1.0,4.0,1976.0,2544,122367,13,1
LOBACH_032,LOBACH_032_MK_1292-2044_200_1982-03-20_D_1.nlgx,LOBACH_032_MK_1292-2044_200_1982-03-20_D_1.jpg,LOBACH_032_MK_1292-2044_200_1982-03-20_D_1.las,MGZ1,MGZ,,SA1,5089,0.9969,MGZ,0.9027,1292.0,2044.0,2179,49140,2,1
LOBACH_032,LOBACH_032_MK_1292-2044_200_1982-03-20_D_1.nlgx,LOBACH_032_MK_1292-2044_200_1982-03-20_D_1.jpg,LOBACH_032_MK_1292-2044_200_1982-03-20_D_1.las,MPZ1,MPZ,,SA2,6294,0.8546,MPZ,0.8892,1292.0,2044.0,2179,49140,2,0
LOBACH_032,LOBACH_032_RK-F_0005-2000_500_1982-03-30_D_1.nlgx,LOBACH_032_RK-F_0005-2000_500_1982-03-30_D_1.jpg,LOBACH_032_RK-F_0005-2000_500_1982-03-30_D_1.las,GK1,GK,,SA1,4072,0.8939,GK,0.9772,0.0,2000.0,2566,51788,2,0
LOBACH_032,LOBACH_032_RK-F_0005-2000_500_1982-03-30_D_1.nlgx,LOBACH_032_RK-F_0005-2000_500_1982-03-30_D_1.jpg,LOBACH_032_RK-F_0005-2000_500_1982-03-30_D_1.las,NGK1,NGK,,SA2,4158,0.9921,NGK,0.9919,0.0,2000.0,2566,51788,1,1
LOBACH_032,LOBACH_032_RK_1070-1970_200_1996-04-12_D_1.nlgx,LOBACH_032_RK_1070-1970_200_1996-04-12_D_1.jpg,LOBACH_032_RK_1070-1970_200_1996-04-12_D_1.las,NGK1,NGK,,SA1,6908,0.9971,NGK,0.9962,1064.0,1972.0,2506,60889,1,1
LOBACH_032,LOBACH_032_RK_1070-1970_200_1996-04-12_D_1.nlgx,LOBACH_032_RK_1070-1970_200_1996-04-12_D_1.jpg,LOBACH_032_RK_1070-1970_200_1996-04-12_D_1.las,GK1,GK,,SA2,5531,0.9967,GK,0.9882,1064.0,1972.0,2506,60889,1,1
LOBACH_032,LOBACH_032_RK_1287-1966_200_1985-12-19_D_1.nlgx,LOBACH_032_RK_1287-1966_200_1985-12-19_D_1.jpg,LOBACH_032_RK_1287-1966_200_1985-12-19_D_1.las,NGK1,NGK,,SA1,7067,0.9617,NGK,0.9311,1288.0,1968.0,2512,50200,2,1
LOBACH_032,LOBACH_032_RK_1287-1966_200_1985-12-19_D_1.nlgx,LOBACH_032_RK_1287-1966_200_1985-12-19_D_1.jpg,LOBACH_032_RK_1287-1966_200_1985-12-19_D_1.las,GK1,GK,,SA2,2451,0.8947,GK,0.9481,1288.0,1968.0,2512,50200,1,0
LOBACH_032,LOBACH_032_RK_1290-1972_200_1990-12-22_D_1.nlgx,LOBACH_032_RK_1290-1972_200_1990-12-22_D_1.jpg,LOBACH_032_RK_1290-1972_200_1990-12-22_D_1.las,NGK1,NGK,,SA1,6640,0.9979,NGK,,1288.0,1976.0,2566,47202,1,1
LOBACH_032,LOBACH_032_RK_1290-1972_200_1990-12-22_D_1.nlgx,LOBACH_032_RK_1290-1972_200_1990-12-22_D_1.jpg,LOBACH_032_RK_1290-1972_200_1990-12-22_D_1.las,GK1,GK,,SA2,4943,0.9822,GK,,1288.0,1976.0,2566,47202,1,1
LOBACH_032,LOBACH_032_RK_1294-1966_500_1987-08-18_D_1.nlgx,LOBACH_032_RK_1294-1966_500_1987-08-18_D_1.jpg,LOBACH_032_RK_1294-1966_500_1987-08-18_D_1.las,GK1,GK,,SA1,4380,0.9893,GK,0.9803,1292.0,1968.0,2555,48473,1,1
LOBACH_032,LOBACH_032_RK_1294-1966_500_1987-08-18_D_1.nlgx,LOBACH_032_RK_1294-1966_500_1987-08-18_D_1.jpg,LOBACH_032_RK_1294-1966_500_1987-08-18_D_1.las,NGK1,NGK,,SA2,3547,0.9822,NGK,0.95,1292.0,1968.0,2555,48473,1,1
LOBACH_032,LOBACH_032_RK_1720-1920_500_1984-08-20_D_1.nlgx,LOBACH_032_RK_1720-1920_500_1984-08-20_D_1.jpg,LOBACH_032_RK_1720-1920_500_1984-08-20_D_1.las,NGK1,NGK,,SA1,771,1.0,NGK,0.9983,1720.0,1930.0,2536,8299,1,1
LOBACH_032,LOBACH_032_RK_1720-1920_500_1984-08-20_D_1.nlgx,LOBACH_032_RK_1720-1920_500_1984-08-20_D_1.jpg,LOBACH_032_RK_1720-1920_500_1984-08-20_D_1.las,GK1,GK,,SA2,743,0.8277,GK,0.9968,1720.0,1930.0,2536,8299,1,0
LOBACH_032,LOBACH_032_RK_1730-1923_500_1856-1924_200_1983-12-12_D_1.nlgx,LOBACH_032_RK_1730-1923_500_1856-1924_200_1983-12-12_D_1.jpg,LOBACH_032_RK_1730-1923_500_1856-1924_200_1983-12-12_D_1.las,NGK1,NGK,,SA1,611,0.9984,NGK,-0.2591,1856.0,1928.0,2521,11834,1,1
LOBACH_032,LOBACH_032_RK_1730-1923_500_1856-1924_200_1983-12-12_D_1.nlgx,LOBACH_032_RK_1730-1923_500_1856-1924_200_1983-12-12_D_1.jpg,LOBACH_032_RK_1730-1923_500_1856-1924_200_1983-12-12_D_1.las,GK1,GK,,SA2,874,0.8375,GK,0.1497,1856.0,1928.0,2521,11834,1,0
LOBACH_032,LOBACH_032_RK_1730-1923_500_1856-1924_200_1983-12-12_D_1.nlgx,LOBACH_032_RK_1730-1923_500_1856-1924_200_1983-12-12_D_1.jpg,LOBACH_032_RK_1730-1923_500_1856-1924_200_1983-12-12_D_1.las,NGK11,NGK,,SA1,534,0.9925,NGK1,0.9998,1856.0,1928.0,2521,11834,1,1
LOBACH_032,LOBACH_032_RK_1730-1923_500_1856-1924_200_1983-12-12_D_1.nlgx,LOBACH_032_RK_1730-1923_500_1856-1924_200_1983-12-12_D_1.jpg,LOBACH_032_RK_1730-1923_500_1856-1924_200_1983-12-12_D_1.las,GK11,GK,,SA2,1092,0.6355,GK1,,1856.0,1928.0,2521,11834,1,0
LOBACH_032,"LOBACH_032_TM, M, LM_1220-1970_500_2004-04-01_D_1.nlgx","LOBACH_032_TM, M, LM_1220-1970_500_2004-04-01_D_1.jpg","LOBACH_032_TM, M, LM_1220-1970_500_2004-04-01_D_1.las",TMDS11,TMDS,,SA1,111,0.2793,TMDS1,0.9998,1220.0,1970.0,2575,20633,1,0
LOBACH_032,"LOBACH_032_TM, M, LM_1220-1970_500_2004-04-01_D_1.nlgx","LOBACH_032_TM, M, LM_1220-1970_500_2004-04-01_D_1.jpg","LOBACH_032_TM, M, LM_1220-1970_500_2004-04-01_D_1.las",TMSS1,TMSS,,SA2,88,1.0,TMSS,0.9998,1220.0,1970.0,2575,20633,1,1
LOBACH_032,"LOBACH_032_TM, M, LM_1220-1970_500_2004-04-01_D_1.nlgx","LOBACH_032_TM, M, LM_1220-1970_500_2004-04-01_D_1.jpg","LOBACH_032_TM, M, LM_1220-1970_500_2004-04-01_D_1.las",MNSS1,MNSS,,SA3,352,0.4347,MNSS,0.9997,1220.0,1970.0,2575,20633,1,0
LOBACH_032,LOBACH_032_TM_0000-1930_500_1983-12-12_D_1.nlgx,LOBACH_032_TM_0000-1930_500_1983-12-12_D_1.jpg,LOBACH_032_TM_0000-1930_500_1983-12-12_D_1.las,TMDS11,TMDS,,SA1,763,1.0,TMDS1,1.0,0.0,1930.0,2569,50661,5,1
LOBACH_032,LOBACH_032_TM_0002-1968_500_1856-1968_200_1986-10-09_D_1.nlgx,LOBACH_032_TM_0002-1968_500_1856-1968_200_1986-10-09_D_1.jpg,LOBACH_032_TM_0002-1968_500_1856-1968_200_1986-10-09_D_1.las,TMSS1,TMSS,,SA1,4971,0.9992,TMSS,0.9999,0.0,1970.0,2590,61224,12,1
LOBACH_032,LOBACH_032_TM_0004-1964_500_1840-1965_200_1985-12-19_D_1.nlgx,LOBACH_032_TM_0004-1964_500_1840-1965_200_1985-12-19_D_1.jpg,LOBACH_032_TM_0004-1964_500_1840-1965_200_1985-12-19_D_1.las,TMSS1,TMSS,,SA1,239,0.9331,TMSS,0.9999,0.0,1970.0,2594,61400,12,1
LOBACH_032,LOBACH_032_TM_1032-1975_200_1996-04-10_D_1.nlgx,LOBACH_032_TM_1032-1975_200_1996-04-10_D_1.jpg,LOBACH_032_TM_1032-1975_200_1996-04-10_D_1.las,TMDS11,TMDS,,SA1,6549,0.9977,TMDS1,,1028.0,1976.0,2523,60434,13,1
LOBACH_032,LOBACH_032_TM_1032-1975_200_1996-04-10_D_1.nlgx,LOBACH_032_TM_1032-1975_200_1996-04-10_D_1.jpg,LOBACH_032_TM_1032-1975_200_1996-04-10_D_1.las,TMSS1,TMSS,,SA2,3550,0.9538,TMSS,,1028.0,1976.0,2523,60434,13,1
LOBACH_032,LOBACH_032_TM_1290-1973_200_1990-12-22_D_1.nlgx,LOBACH_032_TM_1290-1973_200_1990-12-22_D_1.jpg,LOBACH_032_TM_1290-1973_200_1990-12-22_D_1.las,TMSS1,TMSS,,SA1,4580,0.993,TMSS,0.9998,1288.0,1976.0,2544,44916,12,1
LOBACH_032,LOBACH_032_TM_1767-1971_200_1991-01-10_D_1.nlgx,LOBACH_032_TM_1767-1971_200_1991-01-10_D_1.jpg,LOBACH_032_TM_1767-1971_200_1991-01-10_D_1.las,TMDS11,TMDS,,SA1,979,0.9826,TMDS1,1.0,1764.0,1972.0,2537,16354,3,1
LOBACH_032,LOBACH_032_TM_1767-1971_200_1991-01-10_D_1.nlgx,LOBACH_032_TM_1767-1971_200_1991-01-10_D_1.jpg,LOBACH_032_TM_1767-1971_200_1991-01-10_D_1.las,TMSS1,TMSS,,SA2,751,0.9294,TMSS,0.9991,1764.0,1972.0,2537,16354,4,1
NARIZHN_002,NARIZHN_002_AK_1800-2990_200_1984-05-16_D_1.nlgx,NARIZHN_002_AK_1800-2990_200_1984-05-16_D_1.tif,NARIZHN_002_AK_1800-2990_200_1984-05-16_D_1.las,T11,T,,SA1,4410,0.8644,T1,0.5086,1792.0,3012.0,2514,74523,1,0
NARIZHN_002,NARIZHN_002_AK_1800-2990_200_1984-05-16_D_1.nlgx,NARIZHN_002_AK_1800-2990_200_1984-05-16_D_1.tif,NARIZHN_002_AK_1800-2990_200_1984-05-16_D_1.las,T21,T,,SA2,3712,0.8976,T2,0.5531,1792.0,3012.0,2514,74523,1,0
NARIZHN_002,NARIZHN_002_AK_1800-2990_200_1984-05-16_D_1.nlgx,NARIZHN_002_AK_1800-2990_200_1984-05-16_D_1.tif,NARIZHN_002_AK_1800-2990_200_1984-05-16_D_1.las,DTP1,DTP,,SA3,5595,0.9323,DTP,0.3931,1792.0,3012.0,2514,74523,2,1
NARIZHN_002,NARIZHN_002_AK_1800-2990_200_1984-05-16_D_1.nlgx,NARIZHN_002_AK_1800-2990_200_1984-05-16_D_1.tif,NARIZHN_002_AK_1800-2990_200_1984-05-16_D_1.las,A11,A,,SA4,3510,0.9564,A1,0.214,1792.0,3012.0,2514,74523,1,1
NARIZHN_002,NARIZHN_002_AK_1800-2990_200_1984-05-16_D_1.nlgx,NARIZHN_002_AK_1800-2990_200_1984-05-16_D_1.tif,NARIZHN_002_AK_1800-2990_200_1984-05-16_D_1.las,A21,A,,SA5,3275,0.7536,A2,0.0684,1792.0,3012.0,2514,74523,1,0
NARIZHN_002,NARIZHN_002_AK_2900-4220_3500_200_1985-01-08_D_1.nlgx,NARIZHN_002_AK_2900-4220_3500_200_1985-01-08_D_1.tif,NARIZHN_002_AK_2900-4220_3500_200_1985-01-08_D_1.las,T11,T,,SA1,7000,0.9981,T1,,2988.4,4223.2,2529,75015,1,1
NARIZHN_002,NARIZHN_002_AK_2900-4220_3500_200_1985-01-08_D_1.nlgx,NARIZHN_002_AK_2900-4220_3500_200_1985-01-08_D_1.tif,NARIZHN_002_AK_2900-4220_3500_200_1985-01-08_D_1.las,T21,T,,SA2,7431,0.9988,T2,,2988.4,4223.2,2529,75015,1,1
NARIZHN_002,NARIZHN_002_AK_2900-4220_3500_200_1985-01-08_D_1.nlgx,NARIZHN_002_AK_2900-4220_3500_200_1985-01-08_D_1.tif,NARIZHN_002_AK_2900-4220_3500_200_1985-01-08_D_1.las,DTP1,DTP,,SA3,12692,0.9991,DTP,,2988.4,4223.2,2529,75015,2,1
NARIZHN_002,NARIZHN_002_AK_2900-4220_3500_200_1985-01-08_D_1.nlgx,NARIZHN_002_AK_2900-4220_3500_200_1985-01-08_D_1.tif,NARIZHN_002_AK_2900-4220_3500_200_1985-01-08_D_1.las,A21,A,,SA4,51557,0.9997,A2,,2988.4,4223.2,2529,75015,1,1
NARIZHN_002,NARIZHN_002_AK_2900-4220_3500_200_1985-01-08_D_1.nlgx,NARIZHN_002_AK_2900-4220_3500_200_1985-01-08_D_1.tif,NARIZHN_002_AK_2900-4220_3500_200_1985-01-08_D_1.las,AL1,AL,,SA5,67617,1.0,AL,,2988.4,4223.2,2529,75015,1,1
NARIZHN_002,NARIZHN_002_AK_3200-3310_3480-3760_200_1985-11-01_D_12.nlgx,NARIZHN_002_AK_3200-3310_3480-3760_200_1985-11-01_D_12.jpg,NARIZHN_002_AK_3200-3310_3480-3760_200_1985-11-01_D_12.las,A1S1,A1S,,SA1,1396,0.9534,A1S,,3476.0,3764.0,2545,27075,1,1
NARIZHN_002,NARIZHN_002_AK_3200-3310_3480-3760_200_1985-11-01_D_12.nlgx,NARIZHN_002_AK_3200-3310_3480-3760_200_1985-11-01_D_12.jpg,NARIZHN_002_AK_3200-3310_3480-3760_200_1985-11-01_D_12.las,A1S21,A1S,,SA1,3657,0.9606,A1S2,0.9257,3476.0,3764.0,2545,27075,1,1
NARIZHN_002,NARIZHN_002_AK_3200-3310_3480-3760_200_1985-11-01_D_12.nlgx,NARIZHN_002_AK_3200-3310_3480-3760_200_1985-11-01_D_12.jpg,NARIZHN_002_AK_3200-3310_3480-3760_200_1985-11-01_D_12.las,A2S1,A2S,,SA2,1428,0.9608,A2S,,3476.0,3764.0,2545,27075,1,1
NARIZHN_002,NARIZHN_002_AK_3200-3310_3480-3760_200_1985-11-01_D_12.nlgx,NARIZHN_002_AK_3200-3310_3480-3760_200_1985-11-01_D_12.jpg,NARIZHN_002_AK_3200-3310_3480-3760_200_1985-11-01_D_12.las,A2S21,A2S,,SA2,3656,0.9576,A2S2,0.9917,3476.0,3764.0,2545,27075,1,1
NARIZHN_002,NARIZHN_002_AK_3200-3310_3480-3760_200_1985-11-01_D_12.nlgx,NARIZHN_002_AK_3200-3310_3480-3760_200_1985-11-01_D_12.jpg,NARIZHN_002_AK_3200-3310_3480-3760_200_1985-11-01_D_12.las,AL1,AL,,SA3,1520,0.9388,AL,,3476.0,3764.0,2545,27075,1,1
NARIZHN_002,NARIZHN_002_AK_3200-3310_3480-3760_200_1985-11-01_D_12.nlgx,NARIZHN_002_AK_3200-3310_3480-3760_200_1985-11-01_D_12.jpg,NARIZHN_002_AK_3200-3310_3480-3760_200_1985-11-01_D_12.las,AL21,AL,,SA3,3451,0.9774,AL2,0.9521,3476.0,3764.0,2545,27075,1,1
NARIZHN_002,NARIZHN_002_AK_3200-3320_3500-3760_200_1985-11-01_D_11.nlgx,NARIZHN_002_AK_3200-3320_3500-3760_200_1985-11-01_D_11.jpg,NARIZHN_002_AK_3200-3320_3500-3760_200_1985-11-01_D_11.las,A1L1,A1L,,SA1,1411,0.9582,A1L,,3496.0,3764.0,2495,26351,1,1
NARIZHN_002,NARIZHN_002_AK_3200-3320_3500-3760_200_1985-11-01_D_11.nlgx,NARIZHN_002_AK_3200-3320_3500-3760_200_1985-11-01_D_11.jpg,NARIZHN_002_AK_3200-3320_3500-3760_200_1985-11-01_D_11.las,A2L1,A2L,,SA2,1513,0.9551,A2L,,3496.0,3764.0,2495,26351,1,1
NARIZHN_002,NARIZHN_002_AK_3200-3320_3500-3760_200_1985-11-01_D_11.nlgx,NARIZHN_002_AK_3200-3320_3500-3760_200_1985-11-01_D_11.jpg,NARIZHN_002_AK_3200-3320_3500-3760_200_1985-11-01_D_11.las,AL1,AL,,SA3,1492,0.9283,AL,,3496.0,3764.0,2495,26351,1,1
NARIZHN_002,NARIZHN_002_AK_3200-3320_3500-3760_200_1985-11-01_D_11.nlgx,NARIZHN_002_AK_3200-3320_3500-3760_200_1985-11-01_D_11.jpg,NARIZHN_002_AK_3200-3320_3500-3760_200_1985-11-01_D_11.las,A1L11,A1L,,SA1,3346,0.9507,A1L1,,3496.0,3764.0,2495,26351,1,1
NARIZHN_002,NARIZHN_002_AK_3200-3320_3500-3760_200_1985-11-01_D_11.nlgx,NARIZHN_002_AK_3200-3320_3500-3760_200_1985-11-01_D_11.jpg,NARIZHN_002_AK_3200-3320_3500-3760_200_1985-11-01_D_11.las,A2L21,A2L,,SA2,3513,0.9664,A2L2,,3496.0,3764.0,2495,26351,1,1
NARIZHN_002,NARIZHN_002_AK_3200-3320_3500-3760_200_1985-11-01_D_11.nlgx,NARIZHN_002_AK_3200-3320_3500-3760_200_1985-11-01_D_11.jpg,NARIZHN_002_AK_3200-3320_3500-3760_200_1985-11-01_D_11.las,AL21,AL,,SA3,3149,0.9701,AL2,,3496.0,3764.0,2495,26351,1,1
NARIZHN_002,NARIZHN_002_AKC_0000-3000_500_1985-01-09_D_1.nlgx,NARIZHN_002_AKC_0000-3000_500_1985-01-09_D_1.tif,NARIZHN_002_AKC_0000-3000_500_1985-01-09_D_1.las,TK1,TK,,SA1,5710,0.9977,TK,0.9952,0.0,3010.0,2495,75905,2,1
NARIZHN_002,NARIZHN_002_AKC_0000-3000_500_1985-01-09_D_1.nlgx,NARIZHN_002_AKC_0000-3000_500_1985-01-09_D_1.tif,NARIZHN_002_AKC_0000-3000_500_1985-01-09_D_1.las,AK1,AK,,SA2,7889,0.9984,AK,0.993,0.0,3010.0,2495,75905,1,1
NARIZHN_002,NARIZHN_002_AKC_0000-3000_500_1985-01-09_D_1.nlgx,NARIZHN_002_AKC_0000-3000_500_1985-01-09_D_1.tif,NARIZHN_002_AKC_0000-3000_500_1985-01-09_D_1.las,AP1,AP,,SA3,7743,0.999,AP,0.9058,0.0,3010.0,2495,75905,1,1
NARIZHN_002,NARIZHN_002_AKC_0000-4205_500_1985-05-06_D_1.nlgx,NARIZHN_002_AKC_0000-4205_500_1985-05-06_D_1.tif,NARIZHN_002_AKC_0000-4205_500_1985-05-06_D_1.las,TK1,TK,,SA1,11798,0.9991,TK,0.9378,0.0,4210.0,2502,103167,2,1
NARIZHN_002,NARIZHN_002_AKC_0000-4205_500_1985-05-06_D_1.nlgx,NARIZHN_002_AKC_0000-4205_500_1985-05-06_D_1.tif,NARIZHN_002_AKC_0000-4205_500_1985-05-06_D_1.las,AK1,AK,,SA2,13403,0.9991,AK,0.9423,0.0,4210.0,2502,103167,1,1
NARIZHN_002,NARIZHN_002_AKC_0000-4205_500_1985-05-06_D_1.nlgx,NARIZHN_002_AKC_0000-4205_500_1985-05-06_D_1.tif,NARIZHN_002_AKC_0000-4205_500_1985-05-06_D_1.las,AP1,AP,,SA3,12872,0.9976,AP,0.9305,0.0,4210.0,2502,103167,1,1
NARIZHN_002,NARIZHN_002_BK_1800-2525_200_1984-04-16_D_1.nlgx,NARIZHN_002_BK_1800-2525_200_1984-04-16_D_1.jpg,NARIZHN_002_BK_1800-2525_200_1984-04-16_D_1.las,BK1,BK,,SA1,6348,0.9991,BK,0.7748,1796.0,2524.0,2112,46542,1,1
NARIZHN_002,NARIZHN_002_BK_3000-4100_200_1984-12-10_D_1.nlgx,NARIZHN_002_BK_3000-4100_200_1984-12-10_D_1.tif,NARIZHN_002_BK_3000-4100_200_1984-12-10_D_1.las,BK1,BK,,SA1,6353,0.9827,BK,0.8508,2996.0,4124.0,2495,68177,2,1
NARIZHN_002,NARIZHN_002_BK_3150-3320_200_1984-07-03_D_1.nlgx,NARIZHN_002_BK_3150-3320_200_1984-07-03_D_1.jpg,NARIZHN_002_BK_3150-3320_200_1984-07-03_D_1.las,BK1,BK,,SA1,1853,0.9946,BK,0.6528,3150.0,3320.0,2037,13139,1,1
NARIZHN_002,NARIZHN_002_BK_3250-3399_200_1984-07-25_D_1.nlgx,NARIZHN_002_BK_3250-3399_200_1984-07-25_D_1.jpg,NARIZHN_002_BK_3250-3399_200_1984-07-25_D_1.las,BK1,BK,,SA1,1255,0.9737,BK,0.7456,3248.0,3400.0,2502,12079,2,1
NARIZHN_002,NARIZHN_002_BK_3295-3595_200_1985-01-31_D_1.nlgx,NARIZHN_002_BK_3295-3595_200_1985-01-31_D_1.jpg,NARIZHN_002_BK_3295-3595_200_1985-01-31_D_1.las,BK1,BK,,SA1,2604,0.9977,BK,0.9259,3300.0,3588.0,2499,20183,1,1
NARIZHN_002,NARIZHN_002_BK_3300-4229_200_1985-01-15_D_1.nlgx,NARIZHN_002_BK_3300-4229_200_1985-01-15_D_1.jpg,NARIZHN_002_BK_3300-4229_200_1985-01-15_D_1.las,BK1,BK,,SA1,3026,0.9729,BK,0.8877,3296.0,4232.0,2001,58374,2,1
NARIZHN_002,NARIZHN_002_BK_3590-3952_200_1984-11-16_D_1.nlgx,NARIZHN_002_BK_3590-3952_200_1984-11-16_D_1.jpg,NARIZHN_002_BK_3590-3952_200_1984-11-16_D_1.las,BK1,BK,,SA1,3137,0.9959,BK,0.5694,3588.0,3956.0,2034,24235,2,1
NARIZHN_002,NARIZHN_002_BK_3640-4229_200_1984-10-01_D_1.nlgx,NARIZHN_002_BK_3640-4229_200_1984-10-01_D_1.jpg,NARIZHN_002_BK_3640-4229_200_1984-10-01_D_1.las,BK1,BK,,SA1,1225,0.8645,BK,0.9604,3340.0,3644.0,2039,20861,2,0
NARIZHN_002,NARIZHN_002_BK_3900-4115_200_1984-12-10_D_1.nlgx,NARIZHN_002_BK_3900-4115_200_1984-12-10_D_1.jpg,NARIZHN_002_BK_3900-4115_200_1984-12-10_D_1.las,BK1,BK,,SA1,2103,0.9824,BK,0.9165,3900.0,4116.0,2495,15339,1,1
NARIZHN_002,NARIZHN_002_BK_4040-4223_200_1985-01-07_D_1.nlgx,NARIZHN_002_BK_4040-4223_200_1985-01-07_D_1.jpg,NARIZHN_002_BK_4040-4223_200_1985-01-07_D_1.las,BK1,BK,,SA1,7584,0.9968,BK,0.73,4036.0,4224.0,1522,14905,2,1
NARIZHN_002,NARIZHN_002_BK_4040-4223_200_1985-01-08_D_1.nlgx,NARIZHN_002_BK_4040-4223_200_1985-01-08_D_1.jpg,NARIZHN_002_BK_4040-4223_200_1985-01-08_D_1.las,BK1,BK,,SA1,535,0.9607,BK,0.9567,4040.0,4224.0,2495,13949,2,1
NARIZHN_002,NARIZHN_002_BK_4150-4258_200_1985-01-31_D_1.nlgx,NARIZHN_002_BK_4150-4258_200_1985-01-31_D_1.jpg,NARIZHN_002_BK_4150-4258_200_1985-01-31_D_1.las,BK1,BK,,SA1,852,0.9836,BK,0.6435,4148.0,4260.0,2494,9590,2,1
NARIZHN_002,NARIZHN_002_BKZ_1800-2516_200_1984-04-16_D_12.nlgx,NARIZHN_002_BKZ_1800-2516_200_1984-04-16_D_12.jpg,NARIZHN_002_BKZ_1800-2516_200_1984-04-16_D_12.las,GZ51,GZ,,SA1,2269,0.9833,GZ5,0.9397,1800.0,2520.0,2580,45228,3,1
NARIZHN_002,NARIZHN_002_BKZ_1800-2516_200_1984-04-16_D_12.nlgx,NARIZHN_002_BKZ_1800-2516_200_1984-04-16_D_12.jpg,NARIZHN_002_BKZ_1800-2516_200_1984-04-16_D_12.las,OGZ1,OGZ,,SA2,2456,0.9027,OGZ,0.9379,1800.0,2520.0,2580,45228,3,1
NARIZHN_002,NARIZHN_002_BKZ_1800-2516_200_1984-04-16_D_12.nlgx,NARIZHN_002_BKZ_1800-2516_200_1984-04-16_D_12.jpg,NARIZHN_002_BKZ_1800-2516_200_1984-04-16_D_12.las,CALI1,CALI,,SA3,4078,0.9966,CALI,0.8091,1800.0,2520.0,2580,45228,1,1
NARIZHN_002,NARIZHN_002_BKZ_1800-2520_200_1984-04-16_D_11.nlgx,NARIZHN_002_BKZ_1800-2520_200_1984-04-16_D_11.jpg,NARIZHN_002_BKZ_1800-2520_200_1984-04-16_D_11.las,GZ11,GZ,,SA1,3649,0.9293,GZ1,0.9541,1796.0,2524.0,2571,45144,2,1
NARIZHN_002,NARIZHN_002_BKZ_1800-2520_200_1984-04-16_D_11.nlgx,NARIZHN_002_BKZ_1800-2520_200_1984-04-16_D_11.jpg,NARIZHN_002_BKZ_1800-2520_200_1984-04-16_D_11.las,GZ21,GZ,,SA2,5299,0.99,GZ2,0.9476,1796.0,2524.0,2571,45144,2,1
NARIZHN_002,NARIZHN_002_BKZ_1800-2520_200_1984-04-16_D_11.nlgx,NARIZHN_002_BKZ_1800-2520_200_1984-04-16_D_11.jpg,NARIZHN_002_BKZ_1800-2520_200_1984-04-16_D_11.las,GZ31,GZ,,SA3,3131,0.9994,GZ3,0.9259,1796.0,2524.0,2571,45144,3,1
NARIZHN_002,NARIZHN_002_BKZ_1800-2520_200_1984-04-16_D_11.nlgx,NARIZHN_002_BKZ_1800-2520_200_1984-04-16_D_11.jpg,NARIZHN_002_BKZ_1800-2520_200_1984-04-16_D_11.las,GZ41,GZ,,SA4,2398,0.9658,GZ4,0.9224,1796.0,2524.0,2571,45144,3,1
NARIZHN_002,NARIZHN_002_BKZ_1800-2520_200_1984-04-16_D_11.nlgx,NARIZHN_002_BKZ_1800-2520_200_1984-04-16_D_11.jpg,NARIZHN_002_BKZ_1800-2520_200_1984-04-16_D_11.las,SP1,SP,,SA5,3720,0.9841,SP,0.9754,1796.0,2524.0,2571,45144,1,1
NARIZHN_002,NARIZHN_002_BKZ_2470-2990_200_1984-05-16_D_11.nlgx,NARIZHN_002_BKZ_2470-2990_200_1984-05-16_D_11.jpg,NARIZHN_002_BKZ_2470-2990_200_1984-05-16_D_11.las,GZ11,GZ,,SA1,4208,0.9767,GZ1,0.0557,2470.0,2990.0,2499,33917,1,1
NARIZHN_002,NARIZHN_002_BKZ_2470-2990_200_1984-05-16_D_11.nlgx,NARIZHN_002_BKZ_2470-2990_200_1984-05-16_D_11.jpg,NARIZHN_002_BKZ_2470-2990_200_1984-05-16_D_11.las,GZ21,GZ,,SA2,4572,0.9884,GZ2,0.6605,2470.0,2990.0,2499,33917,2,1
NARIZHN_002,NARIZHN_002_BKZ_2470-2990_200_1984-05-16_D_11.nlgx,NARIZHN_002_BKZ_2470-2990_200_1984-05-16_D_11.jpg,NARIZHN_002_BKZ_2470-2990_200_1984-05-16_D_11.las,GZ31,GZ,,SA3,2440,0.9828,GZ3,0.7738,2470.0,2990.0,2499,33917,2,1
NARIZHN_002,NARIZHN_002_BKZ_2470-2990_200_1984-05-16_D_11.nlgx,NARIZHN_002_BKZ_2470-2990_200_1984-05-16_D_11.jpg,NARIZHN_002_BKZ_2470-2990_200_1984-05-16_D_11.las,GZ41,GZ,,SA4,1350,0.8956,GZ4,0.7532,2470.0,2990.0,2499,33917,2,0
NARIZHN_002,NARIZHN_002_BKZ_2470-2990_200_1984-05-16_D_11.nlgx,NARIZHN_002_BKZ_2470-2990_200_1984-05-16_D_11.jpg,NARIZHN_002_BKZ_2470-2990_200_1984-05-16_D_11.las,SP1,SP,,SA5,3655,0.867,SP,0.9235,2470.0,2990.0,2499,33917,1,0
NARIZHN_002,NARIZHN_002_BKZ_2470-2990_200_1984-05-16_D_12.nlgx,NARIZHN_002_BKZ_2470-2990_200_1984-05-16_D_12.jpg,NARIZHN_002_BKZ_2470-2990_200_1984-05-16_D_12.las,GZ51,GZ,,SA1,2351,0.8737,GZ5,0.9874,2470.0,2984.0,2495,32881,2,0
NARIZHN_002,NARIZHN_002_BKZ_2470-2990_200_1984-05-16_D_12.nlgx,NARIZHN_002_BKZ_2470-2990_200_1984-05-16_D_12.jpg,NARIZHN_002_BKZ_2470-2990_200_1984-05-16_D_12.las,OGZ1,OGZ,,SA2,1813,0.8423,OGZ,0.9962,2470.0,2984.0,2495,32881,2,0
NARIZHN_002,NARIZHN_002_BKZ_2470-2990_200_1984-05-16_D_12.nlgx,NARIZHN_002_BKZ_2470-2990_200_1984-05-16_D_12.jpg,NARIZHN_002_BKZ_2470-2990_200_1984-05-16_D_12.las,CALI1,CALI,,SA3,5084,0.9296,CALI,0.9876,2470.0,2984.0,2495,32881,1,1
NARIZHN_002,NARIZHN_002_BKZ_2995-3199_200_1984-06-25_D_11.nlgx,NARIZHN_002_BKZ_2995-3199_200_1984-06-25_D_11.jpg,NARIZHN_002_BKZ_2995-3199_200_1984-06-25_D_11.las,GZ11,GZ,,SA1,1646,0.98,GZ1,0.9903,2992.0,3200.0,2502,15605,2,1
NARIZHN_002,NARIZHN_002_BKZ_2995-3199_200_1984-06-25_D_11.nlgx,NARIZHN_002_BKZ_2995-3199_200_1984-06-25_D_11.jpg,NARIZHN_002_BKZ_2995-3199_200_1984-06-25_D_11.las,GZ21,GZ,,SA2,1041,0.7925,GZ2,0.9823,2992.0,3200.0,2502,15605,2,0
NARIZHN_002,NARIZHN_002_BKZ_2995-3199_200_1984-06-25_D_11.nlgx,NARIZHN_002_BKZ_2995-3199_200_1984-06-25_D_11.jpg,NARIZHN_002_BKZ_2995-3199_200_1984-06-25_D_11.las,GZ31,GZ,,SA3,1265,0.9312,GZ3,0.9933,2992.0,3200.0,2502,15605,2,1
NARIZHN_002,NARIZHN_002_BKZ_2995-3199_200_1984-06-25_D_11.nlgx,NARIZHN_002_BKZ_2995-3199_200_1984-06-25_D_11.jpg,NARIZHN_002_BKZ_2995-3199_200_1984-06-25_D_11.las,GZ41,GZ,,SA4,591,0.8173,GZ4,0.9949,2992.0,3200.0,2502,15605,2,0
NARIZHN_002,NARIZHN_002_BKZ_2995-3199_200_1984-06-25_D_11.nlgx,NARIZHN_002_BKZ_2995-3199_200_1984-06-25_D_11.jpg,NARIZHN_002_BKZ_2995-3199_200_1984-06-25_D_11.las,SP1,SP,,SA5,1130,0.9363,SP,0.9992,2992.0,3200.0,2502,15605,1,1
NARIZHN_002,NARIZHN_002_BKZ_2995-3199_200_1984-06-25_D_12.nlgx,NARIZHN_002_BKZ_2995-3199_200_1984-06-25_D_12.jpg,NARIZHN_002_BKZ_2995-3199_200_1984-06-25_D_12.las,GZ51,GZ,,SA1,1097,0.9918,GZ5,0.5661,2996.0,3200.0,2543,14708,2,1
NARIZHN_002,NARIZHN_002_BKZ_2995-3199_200_1984-06-25_D_12.nlgx,NARIZHN_002_BKZ_2995-3199_200_1984-06-25_D_12.jpg,NARIZHN_002_BKZ_2995-3199_200_1984-06-25_D_12.las,OGZ1,OGZ,,SA2,679,0.9116,OGZ,0.6776,2996.0,3200.0,2543,14708,2,1
NARIZHN_002,NARIZHN_002_BKZ_2995-3199_200_1984-06-25_D_12.nlgx,NARIZHN_002_BKZ_2995-3199_200_1984-06-25_D_12.jpg,NARIZHN_002_BKZ_2995-3199_200_1984-06-25_D_12.las,CALI1,CALI,,SA3,1803,0.9967,CALI,0.7904,2996.0,3200.0,2543,14708,1,1
NARIZHN_002,NARIZHN_002_BKZ_3150-3316_200_1984-07-02_D_11.nlgx,NARIZHN_002_BKZ_3150-3316_200_1984-07-02_D_11.jpg,NARIZHN_002_BKZ_3150-3316_200_1984-07-02_D_11.las,GZ11,GZ,,SA1,1450,1.0,GZ1,0.9253,3150.0,3316.0,2495,13040,2,1
NARIZHN_002,NARIZHN_002_BKZ_3150-3316_200_1984-07-02_D_11.nlgx,NARIZHN_002_BKZ_3150-3316_200_1984-07-02_D_11.jpg,NARIZHN_002_BKZ_3150-3316_200_1984-07-02_D_11.las,GZ21,GZ,,SA2,790,0.9823,GZ2,0.9487,3150.0,3316.0,2495,13040,2,1
NARIZHN_002,NARIZHN_002_BKZ_3150-3316_200_1984-07-02_D_11.nlgx,NARIZHN_002_BKZ_3150-3316_200_1984-07-02_D_11.jpg,NARIZHN_002_BKZ_3150-3316_200_1984-07-02_D_11.las,GZ31,GZ,,SA3,1015,0.999,GZ3,0.9859,3150.0,3316.0,2495,13040,3,1
NARIZHN_002,NARIZHN_002_BKZ_3150-3316_200_1984-07-02_D_11.nlgx,NARIZHN_002_BKZ_3150-3316_200_1984-07-02_D_11.jpg,NARIZHN_002_BKZ_3150-3316_200_1984-07-02_D_11.las,GZ41,GZ,,SA4,1218,0.9122,GZ4,0.9919,3150.0,3316.0,2495,13040,3,1
NARIZHN_002,NARIZHN_002_BKZ_3150-3316_200_1984-07-02_D_11.nlgx,NARIZHN_002_BKZ_3150-3316_200_1984-07-02_D_11.jpg,NARIZHN_002_BKZ_3150-3316_200_1984-07-02_D_11.las,SP1,SP,,SA5,884,0.9989,SP,0.9872,3150.0,3316.0,2495,13040,1,1
NARIZHN_002,NARIZHN_002_BKZ_3150-3316_200_1984-07-02_D_12.nlgx,NARIZHN_002_BKZ_3150-3316_200_1984-07-02_D_12.jpg,NARIZHN_002_BKZ_3150-3316_200_1984-07-02_D_12.las,GZ51,GZ,,SA1,993,0.9889,GZ5,0.9884,3150.0,3320.0,2511,12341,2,1
NARIZHN_002,NARIZHN_002_BKZ_3150-3316_200_1984-07-02_D_12.nlgx,NARIZHN_002_BKZ_3150-3316_200_1984-07-02_D_12.jpg,NARIZHN_002_BKZ_3150-3316_200_1984-07-02_D_12.las,OGZ1,OGZ,,SA2,554,0.9495,OGZ,0.9512,3150.0,3320.0,2511,12341,3,1
NARIZHN_002,NARIZHN_002_BKZ_3150-3316_200_1984-07-02_D_12.nlgx,NARIZHN_002_BKZ_3150-3316_200_1984-07-02_D_12.jpg,NARIZHN_002_BKZ_3150-3316_200_1984-07-02_D_12.las,CALI1,CALI,,SA3,1384,1.0,CALI,0.9749,3150.0,3320.0,2511,12341,1,1
NARIZHN_002,NARIZHN_002_BKZ_3250-3390_200_1984-07-25_D_11.nlgx,NARIZHN_002_BKZ_3250-3390_200_1984-07-25_D_11.jpg,NARIZHN_002_BKZ_3250-3390_200_1984-07-25_D_11.las,GZ11,GZ,,SA1,1177,0.9983,GZ1,0.9955,3248.0,3396.0,2499,12040,1,1
NARIZHN_002,NARIZHN_002_BKZ_3250-3390_200_1984-07-25_D_11.nlgx,NARIZHN_002_BKZ_3250-3390_200_1984-07-25_D_11.jpg,NARIZHN_002_BKZ_3250-3390_200_1984-07-25_D_11.las,GZ21,GZ,,SA2,841,0.8882,GZ2,0.9764,3248.0,3396.0,2499,12040,2,0
NARIZHN_002,NARIZHN_002_BKZ_3250-3390_200_1984-07-25_D_11.nlgx,NARIZHN_002_BKZ_3250-3390_200_1984-07-25_D_11.jpg,NARIZHN_002_BKZ_3250-3390_200_1984-07-25_D_11.las,GZ31,GZ,,SA3,946,0.9937,GZ3,0.964,3248.0,3396.0,2499,12040,3,1
NARIZHN_002,NARIZHN_002_BKZ_3250-3390_200_1984-07-25_D_11.nlgx,NARIZHN_002_BKZ_3250-3390_200_1984-07-25_D_11.jpg,NARIZHN_002_BKZ_3250-3390_200_1984-07-25_D_11.las,GZ41,GZ,,SA4,741,0.8907,GZ4,0.9777,3248.0,3396.0,2499,12040,3,0
NARIZHN_002,NARIZHN_002_BKZ_3250-3390_200_1984-07-25_D_11.nlgx,NARIZHN_002_BKZ_3250-3390_200_1984-07-25_D_11.jpg,NARIZHN_002_BKZ_3250-3390_200_1984-07-25_D_11.las,SP1,SP,,SA5,371,0.9299,SP,0.9958,3248.0,3396.0,2499,12040,1,1
NARIZHN_002,NARIZHN_002_BKZ_3250-3390_200_1984-07-25_D_12.nlgx,NARIZHN_002_BKZ_3250-3390_200_1984-07-25_D_12.jpg,NARIZHN_002_BKZ_3250-3390_200_1984-07-25_D_12.las,GZ51,GZ,,SA1,912,1.0,GZ5,0.9768,3244.0,3400.0,2499,11411,3,1
NARIZHN_002,NARIZHN_002_BKZ_3250-3390_200_1984-07-25_D_12.nlgx,NARIZHN_002_BKZ_3250-3390_200_1984-07-25_D_12.jpg,NARIZHN_002_BKZ_3250-3390_200_1984-07-25_D_12.las,OGZ1,OGZ,,SA2,601,0.8569,OGZ,0.8983,3244.0,3400.0,2499,11411,3,0
NARIZHN_002,NARIZHN_002_BKZ_3250-3390_200_1984-07-25_D_12.nlgx,NARIZHN_002_BKZ_3250-3390_200_1984-07-25_D_12.jpg,NARIZHN_002_BKZ_3250-3390_200_1984-07-25_D_12.las,CALI1,CALI,,SA3,989,0.9939,CALI,0.9668,3244.0,3400.0,2499,11411,1,1
NARIZHN_002,NARIZHN_002_BKZ_3340-3630_200_1984-10-01_D_11.nlgx,NARIZHN_002_BKZ_3340-3630_200_1984-10-01_D_11.jpg,NARIZHN_002_BKZ_3340-3630_200_1984-10-01_D_11.las,GZ11,GZ,,SA1,2494,0.9892,GZ1,0.9708,3336.0,3640.0,2495,20073,2,1
NARIZHN_002,NARIZHN_002_BKZ_3340-3630_200_1984-10-01_D_11.nlgx,NARIZHN_002_BKZ_3340-3630_200_1984-10-01_D_11.jpg,NARIZHN_002_BKZ_3340-3630_200_1984-10-01_D_11.las,GZ21,GZ,,SA2,2137,0.9771,GZ2,0.9927,3336.0,3640.0,2495,20073,2,1
NARIZHN_002,NARIZHN_002_BKZ_3340-3630_200_1984-10-01_D_11.nlgx,NARIZHN_002_BKZ_3340-3630_200_1984-10-01_D_11.jpg,NARIZHN_002_BKZ_3340-3630_200_1984-10-01_D_11.las,GZ31,GZ,,SA3,1879,0.9968,GZ3,0.9914,3336.0,3640.0,2495,20073,3,1
NARIZHN_002,NARIZHN_002_BKZ_3340-3630_200_1984-10-01_D_11.nlgx,NARIZHN_002_BKZ_3340-3630_200_1984-10-01_D_11.jpg,NARIZHN_002_BKZ_3340-3630_200_1984-10-01_D_11.las,GZ41,GZ,,SA4,1320,0.9462,GZ4,0.9894,3336.0,3640.0,2495,20073,3,1
NARIZHN_002,NARIZHN_002_BKZ_3340-3630_200_1984-10-01_D_11.nlgx,NARIZHN_002_BKZ_3340-3630_200_1984-10-01_D_11.jpg,NARIZHN_002_BKZ_3340-3630_200_1984-10-01_D_11.las,SP1,SP,,SA5,974,0.9517,SP,0.9984,3336.0,3640.0,2495,20073,1,1
NARIZHN_002,NARIZHN_002_BKZ_3340-3630_200_1984-10-01_D_12.nlgx,NARIZHN_002_BKZ_3340-3630_200_1984-10-01_D_12.jpg,NARIZHN_002_BKZ_3340-3630_200_1984-10-01_D_12.las,GZ51,GZ,,SA1,1555,1.0,GZ5,0.9907,3336.0,3636.0,2502,19336,2,1
NARIZHN_002,NARIZHN_002_BKZ_3340-3630_200_1984-10-01_D_12.nlgx,NARIZHN_002_BKZ_3340-3630_200_1984-10-01_D_12.jpg,NARIZHN_002_BKZ_3340-3630_200_1984-10-01_D_12.las,OGZ1,OGZ,,SA2,1664,0.9507,OGZ,0.9923,3336.0,3636.0,2502,19336,2,1
NARIZHN_002,NARIZHN_002_BKZ_3340-3630_200_1984-10-01_D_12.nlgx,NARIZHN_002_BKZ_3340-3630_200_1984-10-01_D_12.jpg,NARIZHN_002_BKZ_3340-3630_200_1984-10-01_D_12.las,CALI1,CALI,,SA3,2216,0.9986,CALI,0.969,3336.0,3636.0,2502,19336,1,1
NARIZHN_002,NARIZHN_002_BKZ_3590-3950_200_1984-11-16_D_11.nlgx,NARIZHN_002_BKZ_3590-3950_200_1984-11-16_D_11.jpg,NARIZHN_002_BKZ_3590-3950_200_1984-11-16_D_11.las,GZ11,GZ,,SA1,2950,1.0,GZ1,0.981,3588.0,3952.0,2531,24272,1,1
NARIZHN_002,NARIZHN_002_BKZ_3590-3950_200_1984-11-16_D_11.nlgx,NARIZHN_002_BKZ_3590-3950_200_1984-11-16_D_11.jpg,NARIZHN_002_BKZ_3590-3950_200_1984-11-16_D_11.las,GZ21,GZ,,SA2,3096,0.9997,GZ2,0.9878,3588.0,3952.0,2531,24272,2,1
NARIZHN_002,NARIZHN_002_BKZ_3590-3950_200_1984-11-16_D_11.nlgx,NARIZHN_002_BKZ_3590-3950_200_1984-11-16_D_11.jpg,NARIZHN_002_BKZ_3590-3950_200_1984-11-16_D_11.las,GZ31,GZ,,SA3,2544,1.0,GZ3,0.9868,3588.0,3952.0,2531,24272,2,1
NARIZHN_002,NARIZHN_002_BKZ_3590-3950_200_1984-11-16_D_11.nlgx,NARIZHN_002_BKZ_3590-3950_200_1984-11-16_D_11.jpg,NARIZHN_002_BKZ_3590-3950_200_1984-11-16_D_11.las,GZ41,GZ,,SA4,1506,0.8984,GZ4,0.9873,3588.0,3952.0,2531,24272,2,0
NARIZHN_002,NARIZHN_002_BKZ_3590-3950_200_1984-11-16_D_11.nlgx,NARIZHN_002_BKZ_3590-3950_200_1984-11-16_D_11.jpg,NARIZHN_002_BKZ_3590-3950_200_1984-11-16_D_11.las,SP1,SP,,SA5,492,0.9959,SP,0.998,3588.0,3952.0,2531,24272,1,1
NARIZHN_002,NARIZHN_002_BKZ_3590-3950_200_1984-11-16_D_12.nlgx,NARIZHN_002_BKZ_3590-3950_200_1984-11-16_D_12.jpg,NARIZHN_002_BKZ_3590-3950_200_1984-11-16_D_12.las,GZ51,GZ,,SA1,1795,1.0,GZ5,0.9926,3588.0,3956.0,2495,23745,2,1
NARIZHN_002,NARIZHN_002_BKZ_3590-3950_200_1984-11-16_D_12.nlgx,NARIZHN_002_BKZ_3590-3950_200_1984-11-16_D_12.jpg,NARIZHN_002_BKZ_3590-3950_200_1984-11-16_D_12.las,OGZ1,OGZ,,SA2,1771,0.9249,OGZ,0.9786,3588.0,3956.0,2495,23745,2,1
NARIZHN_002,NARIZHN_002_BKZ_3590-3950_200_1984-11-16_D_12.nlgx,NARIZHN_002_BKZ_3590-3950_200_1984-11-16_D_12.jpg,NARIZHN_002_BKZ_3590-3950_200_1984-11-16_D_12.las,CALI1,CALI,,SA3,3350,0.9976,CALI,0.9204,3588.0,3956.0,2495,23745,1,1
NARIZHN_002,NARIZHN_002_BKZ_3870-4100_200_1984-12-11_D_11.nlgx,NARIZHN_002_BKZ_3870-4100_200_1984-12-11_D_11.jpg,NARIZHN_002_BKZ_3870-4100_200_1984-12-11_D_11.las,GZ11,GZ,,SA1,1275,0.9992,GZ1,0.9937,3872.0,4116.0,2548,17903,1,1
NARIZHN_002,NARIZHN_002_BKZ_3870-4100_200_1984-12-11_D_11.nlgx,NARIZHN_002_BKZ_3870-4100_200_1984-12-11_D_11.jpg,NARIZHN_002_BKZ_3870-4100_200_1984-12-11_D_11.las,GZ21,GZ,,SA2,1901,0.9968,GZ2,0.9889,3872.0,4116.0,2548,17903,2,1
NARIZHN_002,NARIZHN_002_BKZ_3870-4100_200_1984-12-11_D_11.nlgx,NARIZHN_002_BKZ_3870-4100_200_1984-12-11_D_11.jpg,NARIZHN_002_BKZ_3870-4100_200_1984-12-11_D_11.las,GZ31,GZ,,SA3,1524,0.9895,GZ3,0.988,3872.0,4116.0,2548,17903,2,1
NARIZHN_002,NARIZHN_002_BKZ_3870-4100_200_1984-12-11_D_11.nlgx,NARIZHN_002_BKZ_3870-4100_200_1984-12-11_D_11.jpg,NARIZHN_002_BKZ_3870-4100_200_1984-12-11_D_11.las,GZ41,GZ,,SA4,712,0.8989,GZ4,0.985,3872.0,4116.0,2548,17903,2,0
NARIZHN_002,NARIZHN_002_BKZ_3870-4100_200_1984-12-11_D_11.nlgx,NARIZHN_002_BKZ_3870-4100_200_1984-12-11_D_11.jpg,NARIZHN_002_BKZ_3870-4100_200_1984-12-11_D_11.las,SP1,SP,,SA5,495,0.8566,SP,0.9974,3872.0,4116.0,2548,17903,1,0
NARIZHN_002,NARIZHN_002_BKZ_3870-4100_200_1984-12-11_D_12.nlgx,NARIZHN_002_BKZ_3870-4100_200_1984-12-11_D_12.jpg,NARIZHN_002_BKZ_3870-4100_200_1984-12-11_D_12.las,GZ51,GZ,,SA1,1272,0.9929,GZ5,0.9936,3872.0,4112.0,2493,16289,2,1
NARIZHN_002,NARIZHN_002_BKZ_3870-4100_200_1984-12-11_D_12.nlgx,NARIZHN_002_BKZ_3870-4100_200_1984-12-11_D_12.jpg,NARIZHN_002_BKZ_3870-4100_200_1984-12-11_D_12.las,OGZ1,OGZ,,SA2,759,0.9157,OGZ,0.9783,3872.0,4112.0,2493,16289,2,1
NARIZHN_002,NARIZHN_002_BKZ_3870-4100_200_1984-12-11_D_12.nlgx,NARIZHN_002_BKZ_3870-4100_200_1984-12-11_D_12.jpg,NARIZHN_002_BKZ_3870-4100_200_1984-12-11_D_12.las,CALI1,CALI,,SA3,2562,0.993,CALI,0.9882,3872.0,4112.0,2493,16289,1,1
NARIZHN_002,NARIZHN_002_BKZ_4040-4220_200_1985-01-07_D_11.nlgx,NARIZHN_002_BKZ_4040-4220_200_1985-01-07_D_11.jpg,NARIZHN_002_BKZ_4040-4220_200_1985-01-07_D_11.las,GZ11,GZ,,SA1,1268,0.985,GZ1,0.9716,4040.0,4220.0,2495,13717,1,1
NARIZHN_002,NARIZHN_002_BKZ_4040-4220_200_1985-01-07_D_11.nlgx,NARIZHN_002_BKZ_4040-4220_200_1985-01-07_D_11.jpg,NARIZHN_002_BKZ_4040-4220_200_1985-01-07_D_11.las,GZ21,GZ,,SA2,940,0.8883,GZ2,0.9769,4040.0,4220.0,2495,13717,2,0
NARIZHN_002,NARIZHN_002_BKZ_4040-4220_200_1985-01-07_D_11.nlgx,NARIZHN_002_BKZ_4040-4220_200_1985-01-07_D_11.jpg,NARIZHN_002_BKZ_4040-4220_200_1985-01-07_D_11.las,GZ31,GZ,,SA3,1203,0.9842,GZ3,0.9892,4040.0,4220.0,2495,13717,3,1
NARIZHN_002,NARIZHN_002_BKZ_4040-4220_200_1985-01-07_D_11.nlgx,NARIZHN_002_BKZ_4040-4220_200_1985-01-07_D_11.jpg,NARIZHN_002_BKZ_4040-4220_200_1985-01-07_D_11.las,GZ41,GZ,,SA4,776,0.9111,GZ4,0.9898,4040.0,4220.0,2495,13717,3,1
NARIZHN_002,NARIZHN_002_BKZ_4040-4220_200_1985-01-07_D_11.nlgx,NARIZHN_002_BKZ_4040-4220_200_1985-01-07_D_11.jpg,NARIZHN_002_BKZ_4040-4220_200_1985-01-07_D_11.las,SP1,SP,,SA5,197,0.8122,SP,0.9964,4040.0,4220.0,2495,13717,1,0
NARIZHN_002,NARIZHN_002_BKZ_4040-4220_200_1985-01-07_D_12.nlgx,NARIZHN_002_BKZ_4040-4220_200_1985-01-07_D_12.jpg,NARIZHN_002_BKZ_4040-4220_200_1985-01-07_D_12.las,GZ51,GZ,,SA1,954,0.9727,GZ5,0.9911,4040.0,4224.0,2524,12811,2,1
NARIZHN_002,NARIZHN_002_BKZ_4040-4220_200_1985-01-07_D_12.nlgx,NARIZHN_002_BKZ_4040-4220_200_1985-01-07_D_12.jpg,NARIZHN_002_BKZ_4040-4220_200_1985-01-07_D_12.las,OGZ1,OGZ,,SA2,911,0.8902,OGZ,0.9791,4040.0,4224.0,2524,12811,3,0
NARIZHN_002,NARIZHN_002_BKZ_4040-4220_200_1985-01-07_D_12.nlgx,NARIZHN_002_BKZ_4040-4220_200_1985-01-07_D_12.jpg,NARIZHN_002_BKZ_4040-4220_200_1985-01-07_D_12.las,CALI1,CALI,,SA3,1345,0.9829,CALI,0.9737,4040.0,4224.0,2524,12811,1,1
NARIZHN_002,NARIZHN_002_BKZ_4140-4252_200_1985-01-31_D_11.nlgx,NARIZHN_002_BKZ_4140-4252_200_1985-01-31_D_11.jpg,NARIZHN_002_BKZ_4140-4252_200_1985-01-31_D_11.las,GZ11,GZ,,SA1,754,1.0,GZ1,0.9493,4136.0,4256.0,2495,10079,1,1
NARIZHN_002,NARIZHN_002_BKZ_4140-4252_200_1985-01-31_D_11.nlgx,NARIZHN_002_BKZ_4140-4252_200_1985-01-31_D_11.jpg,NARIZHN_002_BKZ_4140-4252_200_1985-01-31_D_11.las,GZ21,GZ,,SA2,857,0.9988,GZ2,0.9787,4136.0,4256.0,2495,10079,2,1
NARIZHN_002,NARIZHN_002_BKZ_4140-4252_200_1985-01-31_D_11.nlgx,NARIZHN_002_BKZ_4140-4252_200_1985-01-31_D_11.jpg,NARIZHN_002_BKZ_4140-4252_200_1985-01-31_D_11.las,GZ31,GZ,,SA3,744,1.0,GZ3,0.9864,4136.0,4256.0,2495,10079,3,1
NARIZHN_002,NARIZHN_002_BKZ_4140-4252_200_1985-01-31_D_11.nlgx,NARIZHN_002_BKZ_4140-4252_200_1985-01-31_D_11.jpg,NARIZHN_002_BKZ_4140-4252_200_1985-01-31_D_11.las,GZ41,GZ,,SA4,370,0.8757,GZ4,0.979,4136.0,4256.0,2495,10079,3,0
NARIZHN_002,NARIZHN_002_BKZ_4140-4252_200_1985-01-31_D_11.nlgx,NARIZHN_002_BKZ_4140-4252_200_1985-01-31_D_11.jpg,NARIZHN_002_BKZ_4140-4252_200_1985-01-31_D_11.las,SP1,SP,,SA5,693,1.0,SP,0.9994,4136.0,4256.0,2495,10079,1,1
NARIZHN_002,NARIZHN_002_BKZ_4150-4258_200_1985-01-31_D_12.nlgx,NARIZHN_002_BKZ_4150-4258_200_1985-01-31_D_12.jpg,NARIZHN_002_BKZ_4150-4258_200_1985-01-31_D_12.las,OGZ1,OGZ,,SA1,444,0.8806,OGZ,0.9867,4136.0,4256.0,2493,8438,3,0
NARIZHN_002,NARIZHN_002_BKZ_4150-4258_200_1985-01-31_D_12.nlgx,NARIZHN_002_BKZ_4150-4258_200_1985-01-31_D_12.jpg,NARIZHN_002_BKZ_4150-4258_200_1985-01-31_D_12.las,GZ51,GZ,,SA2,794,0.9987,GZ5,0.9926,4136.0,4256.0,2493,8438,2,1
NARIZHN_002,NARIZHN_002_BKZ_4150-4258_200_1985-01-31_D_12.nlgx,NARIZHN_002_BKZ_4150-4258_200_1985-01-31_D_12.jpg,NARIZHN_002_BKZ_4150-4258_200_1985-01-31_D_12.las,CALI1,CALI,,SA3,741,0.9933,CALI,0.9846,4136.0,4256.0,2493,8438,1,1
NARIZHN_002,NARIZHN_002_DS_3300-3548_500_1984-08-29_D_1.nlgx,NARIZHN_002_DS_3300-3548_500_1984-08-29_D_1.jpg,NARIZHN_002_DS_3300-3548_500_1984-08-29_D_1.las,CALI1,CALI,,SA1,978,0.9939,CALI,0.787,3300.0,3560.0,1534,10048,1,1
NARIZHN_002,"NARIZHN_002_GK, NGK_0000-2992_500_1984-05-16_D_1.nlgx","NARIZHN_002_GK, NGK_0000-2992_500_1984-05-16_D_1.tif","NARIZHN_002_GK, NGK_0000-2992_500_1984-05-16_D_1.las",GK1,GK,,SA1,11842,0.9926,GK,0.9396,-10.0,3000.0,2511,73800,1,1
NARIZHN_002,"NARIZHN_002_GK, NGK_0000-2992_500_1984-05-16_D_1.nlgx","NARIZHN_002_GK, NGK_0000-2992_500_1984-05-16_D_1.tif","NARIZHN_002_GK, NGK_0000-2992_500_1984-05-16_D_1.las",NGK1,NGK,,SA2,12365,0.9911,NGK,0.8525,-10.0,3000.0,2511,73800,1,1
NARIZHN_002,"NARIZHN_002_GK, NGK_1800-2990_200_1984-05-16_D_1.nlgx","NARIZHN_002_GK, NGK_1800-2990_200_1984-05-16_D_1.tif","NARIZHN_002_GK, NGK_1800-2990_200_1984-05-16_D_1.las",GK1,GK,,SA1,8176,0.7243,GK,0.947,1800.0,2996.0,2510,73873,1,0
NARIZHN_002,"NARIZHN_002_GK, NGK_1800-2990_200_1984-05-16_D_1.nlgx","NARIZHN_002_GK, NGK_1800-2990_200_1984-05-16_D_1.tif","NARIZHN_002_GK, NGK_1800-2990_200_1984-05-16_D_1.las",NGK1,NGK,,SA2,16224,0.9462,NGK,0.9634,1800.0,2996.0,2510,73873,1,1
NARIZHN_002,"NARIZHN_002_GK, NGK_2900-4220_200_1985-01-08_D_1.nlgx","NARIZHN_002_GK, NGK_2900-4220_200_1985-01-08_D_1.tif","NARIZHN_002_GK, NGK_2900-4220_200_1985-01-08_D_1.las",GK1,GK,,SA1,6116,0.9469,GK,0.93,2896.0,4224.0,2499,79922,1,1
NARIZHN_002,"NARIZHN_002_GK, NGK_2900-4220_200_1985-01-08_D_1.nlgx","NARIZHN_002_GK, NGK_2900-4220_200_1985-01-08_D_1.tif","NARIZHN_002_GK, NGK_2900-4220_200_1985-01-08_D_1.las",NGK1,NGK,,SA2,8424,0.992,NGK,0.9347,2896.0,4224.0,2499,79922,2,1
NARIZHN_002,"NARIZHN_002_GK, NGK_4120-4264_200_1985-01-31_D_1.nlgx","NARIZHN_002_GK, NGK_4120-4264_200_1985-01-31_D_1.jpg","NARIZHN_002_GK, NGK_4120-4264_200_1985-01-31_D_1.las",GK1,GK,,SA1,1145,0.9546,GK,,4120.0,4264.0,2495,11488,1,1
NARIZHN_002,"NARIZHN_002_GK, NGK_4120-4264_200_1985-01-31_D_1.nlgx","NARIZHN_002_GK, NGK_4120-4264_200_1985-01-31_D_1.jpg","NARIZHN_002_GK, NGK_4120-4264_200_1985-01-31_D_1.las",NGK1,NGK,,SA2,1138,0.9789,NGK,,4120.0,4264.0,2495,11488,2,1
NARIZHN_002,NARIZHN_002_IK_1800-2520_200_1984-04-16_D_1.nlgx,NARIZHN_002_IK_1800-2520_200_1984-04-16_D_1.jpg,NARIZHN_002_IK_1800-2520_200_1984-04-16_D_1.las,IK1,IK,,SA1,4543,0.9828,IK,0.9849,1796.0,2524.0,1584,46305,3,1
NARIZHN_002,NARIZHN_002_IK_2470-2998_200_1984-05-16_D_1.nlgx,NARIZHN_002_IK_2470-2998_200_1984-05-16_D_1.jpg,NARIZHN_002_IK_2470-2998_200_1984-05-16_D_1.las,IK1,IK,,SA1,1821,0.9929,IK,0.9635,2476.0,2992.0,1522,34590,2,1
NARIZHN_002,NARIZHN_002_IK_2990-3640_200_1984-10-01_D_1.nlgx,NARIZHN_002_IK_2990-3640_200_1984-10-01_D_1.jpg,NARIZHN_002_IK_2990-3640_200_1984-10-01_D_1.las,IK1,IK,,SA1,1787,0.9905,IK,0.9826,3000.0,3644.0,1538,41985,3,1
NARIZHN_002,NARIZHN_002_IK_3590-3952_200_1984-11-16_D_1.nlgx,NARIZHN_002_IK_3590-3952_200_1984-11-16_D_1.jpg,NARIZHN_002_IK_3590-3952_200_1984-11-16_D_1.las,IK1,IK,,SA1,868,0.9954,IK,0.9881,3588.0,3956.0,1512,24902,3,1
NARIZHN_002,NARIZHN_002_IK_3900-4119_200_1985-01-16_D_1.nlgx,NARIZHN_002_IK_3900-4119_200_1985-01-16_D_1.jpg,NARIZHN_002_IK_3900-4119_200_1985-01-16_D_1.las,IK1,IK,,SA1,531,0.9944,IK,0.9938,3900.0,4124.0,1701,17228,3,1
NARIZHN_002,NARIZHN_002_IK_4020-4229_200_1985-01-15_D_1.nlgx,NARIZHN_002_IK_4020-4229_200_1985-01-15_D_1.jpg,NARIZHN_002_IK_4020-4229_200_1985-01-15_D_1.las,IK1,IK,,SA1,541,0.9834,IK,0.9918,4016.0,4232.0,1674,15999,2,1
NARIZHN_002,NARIZHN_002_IK_4120-4258_200_1985-01-31_D_1.nlgx,NARIZHN_002_IK_4120-4258_200_1985-01-31_D_1.jpg,NARIZHN_002_IK_4120-4258_200_1985-01-31_D_1.las,IK1,IK,,SA1,307,0.987,IK,0.9758,4112.0,4260.0,1699,11734,2,1
NARIZHN_002,NARIZHN_002_INNK_3000-4205_200_1985-05-06_D_1.nlgx,NARIZHN_002_INNK_3000-4205_200_1985-05-06_D_1.tif,NARIZHN_002_INNK_3000-4205_200_1985-05-06_D_1.las,ZAT7501,ZAT,,SA1,12012,0.9998,ZAT750,,3000.0,4220.0,2493,149228,2,1
NARIZHN_002,NARIZHN_002_INNK_3000-4205_200_1985-05-06_D_1.nlgx,NARIZHN_002_INNK_3000-4205_200_1985-05-06_D_1.tif,NARIZHN_002_INNK_3000-4205_200_1985-05-06_D_1.las,ZAT13501,ZAT,,SA2,8230,0.9989,ZAT1350,,3000.0,4220.0,2493,149228,2,1
NARIZHN_002,NARIZHN_002_INNK_3000-4205_200_1985-05-06_D_1.nlgx,NARIZHN_002_INNK_3000-4205_200_1985-05-06_D_1.tif,NARIZHN_002_INNK_3000-4205_200_1985-05-06_D_1.las,ZAT15001,ZAT,,SA3,5351,0.9987,ZAT1500,,3000.0,4220.0,2493,149228,1,1
NARIZHN_002,NARIZHN_002_INNK_3000-4205_200_1985-05-06_D_1.nlgx,NARIZHN_002_INNK_3000-4205_200_1985-05-06_D_1.tif,NARIZHN_002_INNK_3000-4205_200_1985-05-06_D_1.las,ZAT9001,ZAT,,SA1,11428,0.9996,ZAT900,0.8997,3000.0,4220.0,2493,149228,2,1
NARIZHN_002,NARIZHN_002_INNK_3000-4205_200_1985-05-06_D_1.nlgx,NARIZHN_002_INNK_3000-4205_200_1985-05-06_D_1.tif,NARIZHN_002_INNK_3000-4205_200_1985-05-06_D_1.las,ZAT10501,ZAT,,SA2,9792,0.9998,ZAT1050,0.6325,3000.0,4220.0,2493,149228,2,1
NARIZHN_002,NARIZHN_002_INNK_3000-4205_200_1985-05-06_D_1.nlgx,NARIZHN_002_INNK_3000-4205_200_1985-05-06_D_1.tif,NARIZHN_002_INNK_3000-4205_200_1985-05-06_D_1.las,ZAT12001,ZAT,,SA3,5672,0.9995,ZAT1200,0.7031,3000.0,4220.0,2493,149228,2,1
NARIZHN_002,NARIZHN_002_INNK_3000-4205_200_1985-05-06_D_1.nlgx,NARIZHN_002_INNK_3000-4205_200_1985-05-06_D_1.tif,NARIZHN_002_INNK_3000-4205_200_1985-05-06_D_1.las,ZAT16501,ZAT,,SA4,5368,0.9994,ZAT1650,0.828,3000.0,4220.0,2493,149228,1,1
NARIZHN_002,NARIZHN_002_MBK_1800-2520_200_1984-04-17_D_1.nlgx,NARIZHN_002_MBK_1800-2520_200_1984-04-17_D_1.jpg,NARIZHN_002_MBK_1800-2520_200_1984-04-17_D_1.las,MBK1,MBK,,SA1,5774,0.9726,MBK,0.9358,1800.0,2520.0,2563,45005,3,1
NARIZHN_002,NARIZHN_002_MBK_1800-2520_200_1984-04-17_D_1.nlgx,NARIZHN_002_MBK_1800-2520_200_1984-04-17_D_1.jpg,NARIZHN_002_MBK_1800-2520_200_1984-04-17_D_1.las,MCALI1,MCALI,,SA2,3724,0.9973,MCALI,0.9552,1800.0,2520.0,2563,45005,3,1
NARIZHN_002,NARIZHN_002_MBK_2470-2998_200_1984-05-16_D_1.nlgx,NARIZHN_002_MBK_2470-2998_200_1984-05-16_D_1.jpg,NARIZHN_002_MBK_2470-2998_200_1984-05-16_D_1.las,MBK1,MBK,,SA1,3406,0.9445,MBK,0.9541,2468.0,2996.0,1544,34852,3,1
NARIZHN_002,NARIZHN_002_MBK_2995-3200_200_1984-06-25_D_1.nlgx,NARIZHN_002_MBK_2995-3200_200_1984-06-25_D_1.jpg,NARIZHN_002_MBK_2995-3200_200_1984-06-25_D_1.las,MBK1,MBK,,SA1,1716,0.9988,MBK,0.4322,2996.0,3208.0,2062,15205,2,1
NARIZHN_002,NARIZHN_002_MBK_3250-3399_200_1984-07-25_D_1.nlgx,NARIZHN_002_MBK_3250-3399_200_1984-07-25_D_1.jpg,NARIZHN_002_MBK_3250-3399_200_1984-07-25_D_1.las,MBK1,MBK,,SA1,3665,0.9861,MBK,0.9712,3000.0,3404.0,2531,27253,3,1
NARIZHN_002,NARIZHN_002_MBK_3250-3399_200_1984-07-25_D_1.nlgx,NARIZHN_002_MBK_3250-3399_200_1984-07-25_D_1.jpg,NARIZHN_002_MBK_3250-3399_200_1984-07-25_D_1.las,MCALI1,MCALI,,SA2,2994,0.9977,MCALI,0.9542,3000.0,3404.0,2531,27253,1,1
NARIZHN_002,NARIZHN_002_MBK_3350-3948_200_1984-11-16_D_1.nlgx,NARIZHN_002_MBK_3350-3948_200_1984-11-16_D_1.jpg,NARIZHN_002_MBK_3350-3948_200_1984-11-16_D_1.las,MBK1,MBK,,SA1,3372,0.9457,MBK,0.9313,3348.0,3952.0,2466,38177,3,1
NARIZHN_002,NARIZHN_002_MBK_3350-3948_200_1984-11-16_D_1.nlgx,NARIZHN_002_MBK_3350-3948_200_1984-11-16_D_1.jpg,NARIZHN_002_MBK_3350-3948_200_1984-11-16_D_1.las,MCALI1,MCALI,,SA2,3195,0.985,MCALI,0.97,3348.0,3952.0,2466,38177,1,1
NARIZHN_002,NARIZHN_002_MBK_3860-4080_200_1984-12-11_D_1.nlgx,NARIZHN_002_MBK_3860-4080_200_1984-12-11_D_1.jpg,NARIZHN_002_MBK_3860-4080_200_1984-12-11_D_1.las,MBK1,MBK,,SA1,2280,0.9825,MBK,0.8749,3856.0,4084.0,2486,15538,3,1
NARIZHN_002,NARIZHN_002_MBK_3860-4080_200_1984-12-11_D_1.nlgx,NARIZHN_002_MBK_3860-4080_200_1984-12-11_D_1.jpg,NARIZHN_002_MBK_3860-4080_200_1984-12-11_D_1.las,MCALI1,MCALI,,SA2,1959,0.9985,MCALI,0.975,3856.0,4084.0,2486,15538,1,1
NARIZHN_002,NARIZHN_002_MBK_4000-4217_200_1985-01-08_D_1.nlgx,NARIZHN_002_MBK_4000-4217_200_1985-01-08_D_1.jpg,NARIZHN_002_MBK_4000-4217_200_1985-01-08_D_1.las,MBK1,MBK,,SA1,2794,0.9073,MBK,0.9515,4000.0,4220.0,2467,15574,3,1
NARIZHN_002,NARIZHN_002_MBK_4000-4217_200_1985-01-08_D_1.nlgx,NARIZHN_002_MBK_4000-4217_200_1985-01-08_D_1.jpg,NARIZHN_002_MBK_4000-4217_200_1985-01-08_D_1.las,MCALI1,MCALI,,SA2,2513,0.9503,MCALI,0.9756,4000.0,4220.0,2467,15574,1,1
NARIZHN_002,NARIZHN_002_MBK_4040-4260_200_1985-01-31_D_1.nlgx,NARIZHN_002_MBK_4040-4260_200_1985-01-31_D_1.jpg,NARIZHN_002_MBK_4040-4260_200_1985-01-31_D_1.las,MBK1,MBK,,SA1,1278,0.9327,MBK,0.9531,4040.0,4260.0,2502,16449,3,1
NARIZHN_002,NARIZHN_002_MBK_4040-4260_200_1985-01-31_D_1.nlgx,NARIZHN_002_MBK_4040-4260_200_1985-01-31_D_1.jpg,NARIZHN_002_MBK_4040-4260_200_1985-01-31_D_1.las,MCALI1,MCALI,,SA1,962,0.9657,MCALI,0.9974,4040.0,4260.0,2502,16449,1,1
NARIZHN_002,NARIZHN_002_MK_1800-2520_200_1984-04-16_D_1.nlgx,NARIZHN_002_MK_1800-2520_200_1984-04-16_D_1.jpg,NARIZHN_002_MK_1800-2520_200_1984-04-16_D_1.las,MPZ1,MPZ,,SA1,5269,0.7819,MPZ,0.8835,1796.0,2520.0,1548,46057,2,0
NARIZHN_002,NARIZHN_002_MK_1800-2520_200_1984-04-16_D_1.nlgx,NARIZHN_002_MK_1800-2520_200_1984-04-16_D_1.jpg,NARIZHN_002_MK_1800-2520_200_1984-04-16_D_1.las,MGZ1,MGZ,,SA2,5086,0.9738,MGZ,0.9011,1796.0,2520.0,1548,46057,2,1
NARIZHN_002,NARIZHN_002_MK_2470-2996_200_1984-05-16_D_1.nlgx,NARIZHN_002_MK_2470-2996_200_1984-05-16_D_1.jpg,NARIZHN_002_MK_2470-2996_200_1984-05-16_D_1.las,MPZ1,MPZ,,SA1,4410,0.8583,MPZ,0.2578,2468.0,2992.0,1530,34891,2,0
NARIZHN_002,NARIZHN_002_MK_2470-2996_200_1984-05-16_D_1.nlgx,NARIZHN_002_MK_2470-2996_200_1984-05-16_D_1.jpg,NARIZHN_002_MK_2470-2996_200_1984-05-16_D_1.las,MGZ1,MGZ,,SA2,4934,0.9619,MGZ,0.2348,2468.0,2992.0,1530,34891,2,1
NARIZHN_002,NARIZHN_002_MK_2990-3640_200_1984-10-01_D_1.nlgx,NARIZHN_002_MK_2990-3640_200_1984-10-01_D_1.jpg,NARIZHN_002_MK_2990-3640_200_1984-10-01_D_1.las,MGZ1,MGZ,,SA1,3128,0.8865,MGZ,0.8549,3000.0,3644.0,1547,41243,2,0
NARIZHN_002,NARIZHN_002_MK_2990-3640_200_1984-10-01_D_1.nlgx,NARIZHN_002_MK_2990-3640_200_1984-10-01_D_1.jpg,NARIZHN_002_MK_2990-3640_200_1984-10-01_D_1.las,MPZ1,MPZ,,SA2,3235,0.7904,MPZ,0.8325,3000.0,3644.0,1547,41243,2,0
NARIZHN_002,NARIZHN_002_MK_2995-3400_200_1984-07-25_D_1.nlgx,NARIZHN_002_MK_2995-3400_200_1984-07-25_D_1.jpg,NARIZHN_002_MK_2995-3400_200_1984-07-25_D_1.las,MPZ1,MPZ,,SA1,3497,0.8699,MPZ,0.9227,2996.0,3400.0,1520,27276,2,0
NARIZHN_002,NARIZHN_002_MK_2995-3400_200_1984-07-25_D_1.nlgx,NARIZHN_002_MK_2995-3400_200_1984-07-25_D_1.jpg,NARIZHN_002_MK_2995-3400_200_1984-07-25_D_1.las,MGZ1,MGZ,,SA2,3288,0.9529,MGZ,0.9433,2996.0,3400.0,1520,27276,2,1
NARIZHN_002,NARIZHN_002_MK_3000-3954_200_1984-11-17_D_1.nlgx,NARIZHN_002_MK_3000-3954_200_1984-11-17_D_1.jpg,NARIZHN_002_MK_3000-3954_200_1984-11-17_D_1.las,MPZ1,MPZ,,SA1,6361,0.931,MPZ,0.8625,3000.0,3960.0,1553,59395,2,1
NARIZHN_002,NARIZHN_002_MK_3000-3954_200_1984-11-17_D_1.nlgx,NARIZHN_002_MK_3000-3954_200_1984-11-17_D_1.jpg,NARIZHN_002_MK_3000-3954_200_1984-11-17_D_1.las,MGZ1,MGZ,,SA2,5782,0.9704,MGZ,0.8697,3000.0,3960.0,1553,59395,2,1
NARIZHN_002,NARIZHN_002_MK_3900-4091_200_1984-12-11_D_1.nlgx,NARIZHN_002_MK_3900-4091_200_1984-12-11_D_1.jpg,NARIZHN_002_MK_3900-4091_200_1984-12-11_D_1.las,MPZ1,MPZ,,SA1,1495,0.9271,MPZ,0.9387,3900.0,4092.0,1682,14930,1,1
NARIZHN_002,NARIZHN_002_MK_3900-4091_200_1984-12-11_D_1.nlgx,NARIZHN_002_MK_3900-4091_200_1984-12-11_D_1.jpg,NARIZHN_002_MK_3900-4091_200_1984-12-11_D_1.las,MGZ1,MGZ,,SA2,1511,0.9828,MGZ,0.9387,3900.0,4092.0,1682,14930,1,1
NARIZHN_002,NARIZHN_002_MK_4040-4223_200_1985-01-08_D_1.nlgx,NARIZHN_002_MK_4040-4223_200_1985-01-08_D_1.jpg,NARIZHN_002_MK_4040-4223_200_1985-01-08_D_1.las,MPZ1,MPZ,,SA1,1513,0.9293,MPZ,0.959,4040.0,4224.0,1677,14429,1,1
NARIZHN_002,NARIZHN_002_MK_4040-4223_200_1985-01-08_D_1.nlgx,NARIZHN_002_MK_4040-4223_200_1985-01-08_D_1.jpg,NARIZHN_002_MK_4040-4223_200_1985-01-08_D_1.las,MGZ1,MGZ,,SA2,2783,0.9932,MGZ,0.9627,4040.0,4224.0,1677,14429,2,1
NARIZHN_002,NARIZHN_002_MK_4090-4194_200_1985-01-31_D_1.nlgx,NARIZHN_002_MK_4090-4194_200_1985-01-31_D_1.jpg,NARIZHN_002_MK_4090-4194_200_1985-01-31_D_1.las,MPZ1,MPZ,,SA1,1811,0.9547,MPZ,0.3231,4092.0,4196.0,1490,9421,1,1
NARIZHN_002,NARIZHN_002_MK_4090-4194_200_1985-01-31_D_1.nlgx,NARIZHN_002_MK_4090-4194_200_1985-01-31_D_1.jpg,NARIZHN_002_MK_4090-4194_200_1985-01-31_D_1.las,MGZ1,MGZ,,SA2,1302,0.9793,MGZ,0.4359,4092.0,4196.0,1490,9421,1,1
NARIZHN_002,NARIZHN_002_PRM_0239-2940_500_1984-05-16_D_1.nlgx,NARIZHN_002_PRM_0239-2940_500_1984-05-16_D_1.tif,NARIZHN_002_PRM_0239-2940_500_1984-05-16_D_1.las,CALI1,CALI,,SA1,12117,0.9987,CALI,0.9196,238.0,2946.0,2495,67638,1,1
NARIZHN_002,NARIZHN_002_PRM_0240-2420_500_1984-04-16_D_1.nlgx,NARIZHN_002_PRM_0240-2420_500_1984-04-16_D_1.jpg,NARIZHN_002_PRM_0240-2420_500_1984-04-16_D_1.las,CALI1,CALI,,SA1,6563,0.9752,CALI,0.9259,230.0,2426.0,2520,54155,1,1
NARIZHN_002,NARIZHN_002_PRM_2980-3386_500_1984-07-25_D_1.nlgx,NARIZHN_002_PRM_2980-3386_500_1984-07-25_D_1.jpg,NARIZHN_002_PRM_2980-3386_500_1984-07-25_D_1.las,CALI1,CALI,,SA1,1187,0.9764,CALI,0.9003,2970.0,3390.0,2510,12276,1,1
NARIZHN_002,NARIZHN_002_PRM_2980-3386_500_1984-07-25_D_1.nlgx,NARIZHN_002_PRM_2980-3386_500_1984-07-25_D_1.jpg,NARIZHN_002_PRM_2980-3386_500_1984-07-25_D_1.las,CAL11,CAL,,SA2,996,0.9709,CAL1,0.8486,2970.0,3390.0,2510,12276,1,1
NARIZHN_002,NARIZHN_002_PRM_2980-3386_500_1984-07-25_D_1.nlgx,NARIZHN_002_PRM_2980-3386_500_1984-07-25_D_1.jpg,NARIZHN_002_PRM_2980-3386_500_1984-07-25_D_1.las,CAL21,CAL,,SA3,991,0.8163,CAL2,0.8589,2970.0,3390.0,2510,12276,1,0
NARIZHN_002,NARIZHN_002_PRM_2990-3630_500_1984-11-01_D_1.nlgx,NARIZHN_002_PRM_2990-3630_500_1984-11-01_D_1.jpg,NARIZHN_002_PRM_2990-3630_500_1984-11-01_D_1.las,CALI1,CALI,,SA1,2120,0.9736,CALI,0.9321,3000.0,3630.0,2495,17205,1,1
NARIZHN_002,NARIZHN_002_PRM_2990-3630_500_1984-11-01_D_1.nlgx,NARIZHN_002_PRM_2990-3630_500_1984-11-01_D_1.jpg,NARIZHN_002_PRM_2990-3630_500_1984-11-01_D_1.las,CAL11,CAL,,SA2,1381,0.7893,CAL1,0.823,3000.0,3630.0,2495,17205,1,0
NARIZHN_002,NARIZHN_002_PRM_2990-3630_500_1984-11-01_D_1.nlgx,NARIZHN_002_PRM_2990-3630_500_1984-11-01_D_1.jpg,NARIZHN_002_PRM_2990-3630_500_1984-11-01_D_1.las,CAL21,CAL,,SA3,1297,0.6839,CAL2,0.8139,3000.0,3630.0,2495,17205,1,0
NARIZHN_002,NARIZHN_002_PRM_2990-3993_500_1984-11-16_D_1.nlgx,NARIZHN_002_PRM_2990-3993_500_1984-11-16_D_1.jpg,NARIZHN_002_PRM_2990-3993_500_1984-11-16_D_1.las,CALI1,CALI,,SA1,2117,0.9523,CALI,0.6909,2990.0,3940.0,2495,25698,1,1
NARIZHN_002,NARIZHN_002_PRM_2990-3993_500_1984-11-16_D_1.nlgx,NARIZHN_002_PRM_2990-3993_500_1984-11-16_D_1.jpg,NARIZHN_002_PRM_2990-3993_500_1984-11-16_D_1.las,CAL11,CAL,,SA2,2699,0.9344,CAL1,0.942,2990.0,3940.0,2495,25698,1,1
NARIZHN_002,NARIZHN_002_PRM_2990-3993_500_1984-11-16_D_1.nlgx,NARIZHN_002_PRM_2990-3993_500_1984-11-16_D_1.jpg,NARIZHN_002_PRM_2990-3993_500_1984-11-16_D_1.las,CAL21,CAL,,SA3,2239,0.9071,CAL2,0.9478,2990.0,3940.0,2495,25698,1,1
NARIZHN_002,NARIZHN_002_PRM_2990-4100_500_1984-12-10_D_1.nlgx,NARIZHN_002_PRM_2990-4100_500_1984-12-10_D_1.jpg,NARIZHN_002_PRM_2990-4100_500_1984-12-10_D_1.las,CALI1,CALI,,SA1,2694,0.9525,CALI,0.6592,2990.0,4100.0,2495,28994,1,1
NARIZHN_002,NARIZHN_002_PRM_2990-4100_500_1984-12-10_D_1.nlgx,NARIZHN_002_PRM_2990-4100_500_1984-12-10_D_1.jpg,NARIZHN_002_PRM_2990-4100_500_1984-12-10_D_1.las,CAL11,CAL,,SA2,2131,0.8578,CAL1,0.841,2990.0,4100.0,2495,28994,1,0
NARIZHN_002,NARIZHN_002_PRM_2990-4100_500_1984-12-10_D_1.nlgx,NARIZHN_002_PRM_2990-4100_500_1984-12-10_D_1.jpg,NARIZHN_002_PRM_2990-4100_500_1984-12-10_D_1.las,CAL21,CAL,,SA3,2070,0.7995,CAL2,0.8732,2990.0,4100.0,2495,28994,1,0
NARIZHN_002,NARIZHN_002_PRM_2995-3196_500_1984-05-25_D_1.nlgx,NARIZHN_002_PRM_2995-3196_500_1984-05-25_D_1.jpg,NARIZHN_002_PRM_2995-3196_500_1984-05-25_D_1.las,CALI1,CALI,,SA1,471,0.9936,CALI,0.7278,2980.0,3200.0,2459,7896,1,1
NARIZHN_002,NARIZHN_002_PRM_2995-3196_500_1984-05-25_D_1.nlgx,NARIZHN_002_PRM_2995-3196_500_1984-05-25_D_1.jpg,NARIZHN_002_PRM_2995-3196_500_1984-05-25_D_1.las,CAL11,CAL,,SA2,442,0.9819,CAL1,0.9758,2980.0,3200.0,2459,7896,1,1
NARIZHN_002,NARIZHN_002_PRM_2995-3196_500_1984-05-25_D_1.nlgx,NARIZHN_002_PRM_2995-3196_500_1984-05-25_D_1.jpg,NARIZHN_002_PRM_2995-3196_500_1984-05-25_D_1.las,CAL21,CAL,,SA3,436,0.9266,CAL2,0.9797,2980.0,3200.0,2459,7896,1,1
NARIZHN_002,NARIZHN_002_PRM_2995-3317_500_1984-07-03_D_1.nlgx,NARIZHN_002_PRM_2995-3317_500_1984-07-03_D_1.jpg,NARIZHN_002_PRM_2995-3317_500_1984-07-03_D_1.las,CALI1,CALI,,SA1,1127,0.9423,CALI,0.8895,2990.0,3320.0,2502,10512,1,1
NARIZHN_002,NARIZHN_002_PRM_2995-3317_500_1984-07-03_D_1.nlgx,NARIZHN_002_PRM_2995-3317_500_1984-07-03_D_1.jpg,NARIZHN_002_PRM_2995-3317_500_1984-07-03_D_1.las,CAL11,CAL,,SA2,692,0.8324,CAL1,0.9347,2990.0,3320.0,2502,10512,1,0
NARIZHN_002,NARIZHN_002_PRM_2995-3317_500_1984-07-03_D_1.nlgx,NARIZHN_002_PRM_2995-3317_500_1984-07-03_D_1.jpg,NARIZHN_002_PRM_2995-3317_500_1984-07-03_D_1.las,CAL21,CAL,,SA3,585,0.9419,CAL2,0.9361,2990.0,3320.0,2502,10512,1,1
NARIZHN_002,NARIZHN_002_PRM_2998-4172_500_1984-12-23_D_1.nlgx,NARIZHN_002_PRM_2998-4172_500_1984-12-23_D_1.jpg,NARIZHN_002_PRM_2998-4172_500_1984-12-23_D_1.las,CALI1,CALI,,SA1,2113,0.876,CALI,0.9514,2990.0,4180.0,2535,30308,1,0
NARIZHN_002,NARIZHN_002_PRM_2998-4172_500_1984-12-23_D_1.nlgx,NARIZHN_002_PRM_2998-4172_500_1984-12-23_D_1.jpg,NARIZHN_002_PRM_2998-4172_500_1984-12-23_D_1.las,CAL11,CAL,,SA2,2019,0.899,CAL1,0.9253,2990.0,4180.0,2535,30308,1,0
NARIZHN_002,NARIZHN_002_PRM_2998-4172_500_1984-12-23_D_1.nlgx,NARIZHN_002_PRM_2998-4172_500_1984-12-23_D_1.jpg,NARIZHN_002_PRM_2998-4172_500_1984-12-23_D_1.las,CAL21,CAL,,SA3,2100,0.741,CAL2,0.9247,2990.0,4180.0,2535,30308,1,0
NARIZHN_002,NARIZHN_002_PRM_3000-4217_500_1985-01-07_D_1.nlgx,NARIZHN_002_PRM_3000-4217_500_1985-01-07_D_1.jpg,NARIZHN_002_PRM_3000-4217_500_1985-01-07_D_1.las,CALI1,CALI,,SA1,3590,0.9295,CALI,0.504,2980.0,4220.0,2495,31597,1,1
NARIZHN_002,NARIZHN_002_PRM_3000-4217_500_1985-01-07_D_1.nlgx,NARIZHN_002_PRM_3000-4217_500_1985-01-07_D_1.jpg,NARIZHN_002_PRM_3000-4217_500_1985-01-07_D_1.las,CAL11,CAL,,SA2,2336,0.643,CAL1,0.8814,2980.0,4220.0,2495,31597,1,0
NARIZHN_002,NARIZHN_002_PRM_3000-4217_500_1985-01-07_D_1.nlgx,NARIZHN_002_PRM_3000-4217_500_1985-01-07_D_1.jpg,NARIZHN_002_PRM_3000-4217_500_1985-01-07_D_1.las,CAL21,CAL,,SA3,2320,0.4397,CAL2,0.8986,2980.0,4220.0,2495,31597,1,0
NARIZHN_002,NARIZHN_002_PRM_3000-4235_500_1985-01-31_D_1.nlgx,NARIZHN_002_PRM_3000-4235_500_1985-01-31_D_1.jpg,NARIZHN_002_PRM_3000-4235_500_1985-01-31_D_1.las,CALI1,CALI,,SA1,3805,0.9296,CALI,0.4741,2990.0,4240.0,2495,31990,1,1
NARIZHN_002,NARIZHN_002_PRM_3000-4235_500_1985-01-31_D_1.nlgx,NARIZHN_002_PRM_3000-4235_500_1985-01-31_D_1.jpg,NARIZHN_002_PRM_3000-4235_500_1985-01-31_D_1.las,CAL11,CAL,,SA2,2695,0.8787,CAL1,0.9561,2990.0,4240.0,2495,31990,1,0
NARIZHN_002,NARIZHN_002_PRM_3000-4235_500_1985-01-31_D_1.nlgx,NARIZHN_002_PRM_3000-4235_500_1985-01-31_D_1.jpg,NARIZHN_002_PRM_3000-4235_500_1985-01-31_D_1.las,CAL21,CAL,,SA3,2823,0.7786,CAL2,0.9495,2990.0,4240.0,2495,31990,1,0
PDGRAK_002,PDGRAK_002_AK_2200-2500_200_1985-02-01_D_1.nlgx,PDGRAK_002_AK_2200-2500_200_1985-02-01_D_1.jpg,PDGRAK_002_AK_2200-2500_200_1985-02-01_D_1.las,DTP1,DTP,,SA1,748,0.9987,DTP,,2200.0,2488.0,2523,21292,1,1
PDGRAK_002,PDGRAK_002_AK_2200-2500_200_1985-02-01_D_1.nlgx,PDGRAK_002_AK_2200-2500_200_1985-02-01_D_1.jpg,PDGRAK_002_AK_2200-2500_200_1985-02-01_D_1.las,T11,T,,SA2,1208,1.0,T1,,2200.0,2488.0,2523,21292,1,1
PDGRAK_002,PDGRAK_002_AK_2200-2500_200_1985-02-01_D_1.nlgx,PDGRAK_002_AK_2200-2500_200_1985-02-01_D_1.jpg,PDGRAK_002_AK_2200-2500_200_1985-02-01_D_1.las,T21,T,,SA3,1893,1.0,T2,,2200.0,2488.0,2523,21292,1,1
PDGRAK_002,PDGRAK_002_AK_2400-2972_200_1985-04-09_D_11.nlgx,PDGRAK_002_AK_2400-2972_200_1985-04-09_D_11.jpg,PDGRAK_002_AK_2400-2972_200_1985-04-09_D_11.las,DTP1,DTP,,SA1,3497,0.9991,DTP,0.9391,2396.0,2976.0,2503,39388,1,1
PDGRAK_002,PDGRAK_002_AK_2400-2972_200_1985-04-09_D_11.nlgx,PDGRAK_002_AK_2400-2972_200_1985-04-09_D_11.jpg,PDGRAK_002_AK_2400-2972_200_1985-04-09_D_11.las,AL1,AL,,SA2,3154,0.999,AL,0.9811,2396.0,2976.0,2503,39388,1,1
PDGRAK_002,PDGRAK_002_AK_2400-2972_200_1985-04-09_D_11.nlgx,PDGRAK_002_AK_2400-2972_200_1985-04-09_D_11.jpg,PDGRAK_002_AK_2400-2972_200_1985-04-09_D_11.las,A21,A,,SA3,3766,0.9995,A2,0.9673,2396.0,2976.0,2503,39388,1,1
PDGRAK_002,PDGRAK_002_AK_2400-2972_200_1985-04-09_D_12.nlgx,PDGRAK_002_AK_2400-2972_200_1985-04-09_D_12.jpg,PDGRAK_002_AK_2400-2972_200_1985-04-09_D_12.las,T11,T,,SA1,3539,0.9963,T1,0.9356,2396.0,2976.0,2496,38664,1,1
PDGRAK_002,PDGRAK_002_AK_2400-2972_200_1985-04-09_D_12.nlgx,PDGRAK_002_AK_2400-2972_200_1985-04-09_D_12.jpg,PDGRAK_002_AK_2400-2972_200_1985-04-09_D_12.las,T21,T,,SA2,3774,1.0,T2,0.94,2396.0,2976.0,2496,38664,1,1
PDGRAK_002,PDGRAK_002_AK_2400-2972_200_1985-04-09_D_12.nlgx,PDGRAK_002_AK_2400-2972_200_1985-04-09_D_12.jpg,PDGRAK_002_AK_2400-2972_200_1985-04-09_D_12.las,A11,A,,SA3,3967,0.9997,A1,0.867,2396.0,2976.0,2496,38664,1,1
PDGRAK_002,PDGRAK_002_AK_2900-3270_200_1985-05-14_D_11.nlgx,PDGRAK_002_AK_2900-3270_200_1985-05-14_D_11.jpg,PDGRAK_002_AK_2900-3270_200_1985-05-14_D_11.las,T11,T,,SA1,2234,0.9991,T1,,2900.0,3276.0,2494,26830,1,1
PDGRAK_002,PDGRAK_002_AK_2900-3270_200_1985-05-14_D_11.nlgx,PDGRAK_002_AK_2900-3270_200_1985-05-14_D_11.jpg,PDGRAK_002_AK_2900-3270_200_1985-05-14_D_11.las,T21,T,,SA2,2153,0.9991,T2,,2900.0,3276.0,2494,26830,1,1
PDGRAK_002,PDGRAK_002_AK_2900-3270_200_1985-05-14_D_11.nlgx,PDGRAK_002_AK_2900-3270_200_1985-05-14_D_11.jpg,PDGRAK_002_AK_2900-3270_200_1985-05-14_D_11.las,A11,A,,SA3,2794,0.9964,A1,,2900.0,3276.0,2494,26830,1,1
PDGRAK_002,PDGRAK_002_AK_2900-3270_200_1985-05-14_D_12.nlgx,PDGRAK_002_AK_2900-3270_200_1985-05-14_D_12.jpg,PDGRAK_002_AK_2900-3270_200_1985-05-14_D_12.las,DTP1,DTP,,SA1,2237,0.9955,DTP,,2896.0,3276.0,2512,27689,1,1
PDGRAK_002,PDGRAK_002_AK_2900-3270_200_1985-05-14_D_12.nlgx,PDGRAK_002_AK_2900-3270_200_1985-05-14_D_12.jpg,PDGRAK_002_AK_2900-3270_200_1985-05-14_D_12.las,AL1,AL,,SA2,2052,0.9937,AL,,2896.0,3276.0,2512,27689,1,1
PDGRAK_002,PDGRAK_002_AK_2900-3270_200_1985-05-14_D_12.nlgx,PDGRAK_002_AK_2900-3270_200_1985-05-14_D_12.jpg,PDGRAK_002_AK_2900-3270_200_1985-05-14_D_12.las,A21,A,,SA3,3010,0.999,A2,,2896.0,3276.0,2512,27689,1,1
PDGRAK_002,PDGRAK_002_AK_3200-3640_200_1985-07-08_D_11.nlgx,PDGRAK_002_AK_3200-3640_200_1985-07-08_D_11.jpg,PDGRAK_002_AK_3200-3640_200_1985-07-08_D_11.las,T11,T,,SA1,1013,1.0,T1,0.9449,3200.0,3644.0,2451,29675,1,1
PDGRAK_002,PDGRAK_002_AK_3200-3640_200_1985-07-08_D_11.nlgx,PDGRAK_002_AK_3200-3640_200_1985-07-08_D_11.jpg,PDGRAK_002_AK_3200-3640_200_1985-07-08_D_11.las,T21,T,,SA2,1175,1.0,T2,0.9641,3200.0,3644.0,2451,29675,1,1
PDGRAK_002,PDGRAK_002_AK_3200-3640_200_1985-07-08_D_11.nlgx,PDGRAK_002_AK_3200-3640_200_1985-07-08_D_11.jpg,PDGRAK_002_AK_3200-3640_200_1985-07-08_D_11.las,DTP1,DTP,,SA3,2399,1.0,DTP,0.9615,3200.0,3644.0,2451,29675,1,1
PDGRAK_002,PDGRAK_002_AK_3200-3640_200_1985-07-08_D_12.nlgx,PDGRAK_002_AK_3200-3640_200_1985-07-08_D_12.jpg,PDGRAK_002_AK_3200-3640_200_1985-07-08_D_12.las,DTP1,DTP,,SA1,2429,0.9893,DTP,,3200.0,3644.0,2490,30284,1,1
PDGRAK_002,PDGRAK_002_AK_3200-3640_200_1985-07-08_D_12.nlgx,PDGRAK_002_AK_3200-3640_200_1985-07-08_D_12.jpg,PDGRAK_002_AK_3200-3640_200_1985-07-08_D_12.las,AL1,AL,,SA2,2522,0.9861,AL,,3200.0,3644.0,2490,30284,1,1
PDGRAK_002,PDGRAK_002_AK_3200-3640_200_1985-07-08_D_12.nlgx,PDGRAK_002_AK_3200-3640_200_1985-07-08_D_12.jpg,PDGRAK_002_AK_3200-3640_200_1985-07-08_D_12.las,A21,A,,SA3,2646,0.9958,A2,,3200.0,3644.0,2490,30284,1,1
PDGRAK_002,PDGRAK_002_AK_3590-3920_200_1985-08-01_D_11.nlgx,PDGRAK_002_AK_3590-3920_200_1985-08-01_D_11.jpg,PDGRAK_002_AK_3590-3920_200_1985-08-01_D_11.las,T11,T,,SA1,821,1.0,T1,0.9431,3588.0,3924.0,2497,23817,1,1
PDGRAK_002,PDGRAK_002_AK_3590-3920_200_1985-08-01_D_11.nlgx,PDGRAK_002_AK_3590-3920_200_1985-08-01_D_11.jpg,PDGRAK_002_AK_3590-3920_200_1985-08-01_D_11.las,T21,T,,SA2,789,1.0,T2,0.9507,3588.0,3924.0,2497,23817,1,1
PDGRAK_002,PDGRAK_002_AK_3590-3920_200_1985-08-01_D_11.nlgx,PDGRAK_002_AK_3590-3920_200_1985-08-01_D_11.jpg,PDGRAK_002_AK_3590-3920_200_1985-08-01_D_11.las,A21,A,,SA3,1285,1.0,A2,0.845,3588.0,3924.0,2497,23817,1,1
PDGRAK_002,PDGRAK_002_AK_3590-3920_200_1985-08-01_D_12.nlgx,PDGRAK_002_AK_3590-3920_200_1985-08-01_D_12.jpg,PDGRAK_002_AK_3590-3920_200_1985-08-01_D_12.las,DTP1,DTP,,SA1,2107,0.9948,DTP,0.8796,3588.0,3924.0,2559,24617,1,1
PDGRAK_002,PDGRAK_002_AK_3590-3920_200_1985-08-01_D_12.nlgx,PDGRAK_002_AK_3590-3920_200_1985-08-01_D_12.jpg,PDGRAK_002_AK_3590-3920_200_1985-08-01_D_12.las,AL1,AL,,SA2,1729,0.9722,AL,0.9952,3588.0,3924.0,2559,24617,1,1
PDGRAK_002,PDGRAK_002_AK_3590-3920_200_1985-08-01_D_12.nlgx,PDGRAK_002_AK_3590-3920_200_1985-08-01_D_12.jpg,PDGRAK_002_AK_3590-3920_200_1985-08-01_D_12.las,A11,A,,SA3,2091,0.9861,A1,0.9434,3588.0,3924.0,2559,24617,1,1
PDGRAK_002,PDGRAK_002_AK_3850-4480_200_1985-12-20_D_1.nlgx,PDGRAK_002_AK_3850-4480_200_1985-12-20_D_1.jpg,PDGRAK_002_AK_3850-4480_200_1985-12-20_D_1.las,DTP1,DTP,,SA1,2639,0.9989,DTP,,3850.0,4482.0,2483,43103,1,1
PDGRAK_002,PDGRAK_002_AK_3850-4480_200_1985-12-20_D_1.nlgx,PDGRAK_002_AK_3850-4480_200_1985-12-20_D_1.jpg,PDGRAK_002_AK_3850-4480_200_1985-12-20_D_1.las,T11,T,,SA2,3233,0.9981,T1,,3850.0,4482.0,2483,43103,1,1
PDGRAK_002,PDGRAK_002_AK_3850-4480_200_1985-12-20_D_1.nlgx,PDGRAK_002_AK_3850-4480_200_1985-12-20_D_1.jpg,PDGRAK_002_AK_3850-4480_200_1985-12-20_D_1.las,T21,T,,SA3,3372,0.9982,T2,,3850.0,4482.0,2483,43103,1,1
PDGRAK_002,PDGRAK_002_AKC_0000-2300_500_1986-01-07_D_1.nlgx,PDGRAK_002_AKC_0000-2300_500_1986-01-07_D_1.jpg,PDGRAK_002_AKC_0000-2300_500_1986-01-07_D_1.las,AP1,AP,,SA1,7248,0.9968,AP,,0.0,2300.0,2563,59694,1,1
PDGRAK_002,PDGRAK_002_AKC_0000-2300_500_1986-01-07_D_1.nlgx,PDGRAK_002_AKC_0000-2300_500_1986-01-07_D_1.jpg,PDGRAK_002_AKC_0000-2300_500_1986-01-07_D_1.las,TP1,TP,,SA2,2152,0.994,TP,,0.0,2300.0,2563,59694,1,1
PDGRAK_002,PDGRAK_002_AKC_0000-2300_500_1986-01-07_D_1.nlgx,PDGRAK_002_AKC_0000-2300_500_1986-01-07_D_1.jpg,PDGRAK_002_AKC_0000-2300_500_1986-01-07_D_1.las,AK1,AK,,SA3,5610,0.9961,AK,,0.0,2300.0,2563,59694,1,1
PDGRAK_002,PDGRAK_002_BK_2200-2487_200_1985-01-31_D_1.nlgx,PDGRAK_002_BK_2200-2487_200_1985-01-31_D_1.jpg,PDGRAK_002_BK_2200-2487_200_1985-01-31_D_1.las,BK1,BK,,SA1,2134,0.9916,BK,,2200.0,2488.0,1545,21580,2,1
PDGRAK_002,PDGRAK_002_BK_2400-2972_200_1985-04-08_D_1.nlgx,PDGRAK_002_BK_2400-2972_200_1985-04-08_D_1.jpg,PDGRAK_002_BK_2400-2972_200_1985-04-08_D_1.las,BK1,BK,,SA1,2375,0.9962,BK,0.8762,2400.0,2976.0,1715,38515,2,1
PDGRAK_002,PDGRAK_002_BK_2866-3210_200_1985-05-15_D_1.nlgx,PDGRAK_002_BK_2866-3210_200_1985-05-15_D_1.jpg,PDGRAK_002_BK_2866-3210_200_1985-05-15_D_1.las,BK1,BK,,SA1,2664,0.9944,BK,0.4669,2868.0,3206.8,1528,25146,3,1
PDGRAK_002,PDGRAK_002_BK_3180-3650_200_1985-07-09_D_1.nlgx,PDGRAK_002_BK_3180-3650_200_1985-07-09_D_1.jpg,PDGRAK_002_BK_3180-3650_200_1985-07-09_D_1.las,BK1,BK,,SA1,2317,0.9965,BK,,3180.0,3648.0,1527,33093,4,1
PDGRAK_002,PDGRAK_002_BK_3653-3923_200_1985-08-02_D_1.nlgx,PDGRAK_002_BK_3653-3923_200_1985-08-02_D_1.jpg,PDGRAK_002_BK_3653-3923_200_1985-08-02_D_1.las,BK1,BK,,SA1,1856,0.9903,BK,,3650.0,3924.0,1504,20694,3,1
PDGRAK_002,PDGRAK_002_BK_4000-4162_200_1985-10-01_D_1.nlgx,PDGRAK_002_BK_4000-4162_200_1985-10-01_D_1.jpg,PDGRAK_002_BK_4000-4162_200_1985-10-01_D_1.las,BK1,BK,,SA1,622,0.9646,BK,,4000.0,4164.0,1546,14318,3,1
PDGRAK_002,PDGRAK_002_BK_4100-4265_200_1985-10-21_D_1.nlgx,PDGRAK_002_BK_4100-4265_200_1985-10-21_D_1.jpg,PDGRAK_002_BK_4100-4265_200_1985-10-21_D_1.las,BK1,BK,,SA1,867,0.9919,BK,,4100.0,4268.0,1507,14079,4,1
PDGRAK_002,PDGRAK_002_BK_4100-4400_200_1985-11-15_D_1.nlgx,PDGRAK_002_BK_4100-4400_200_1985-11-15_D_1.jpg,PDGRAK_002_BK_4100-4400_200_1985-11-15_D_1.las,BK1,BK,,SA1,4179,0.9706,BK,,4100.0,4398.0,1559,21746,4,1
PDGRAK_002,PDGRAK_002_BK_4340-4452_200_1985-12-11_D_1.nlgx,PDGRAK_002_BK_4340-4452_200_1985-12-11_D_1.jpg,PDGRAK_002_BK_4340-4452_200_1985-12-11_D_1.las,BK1,BK,,SA1,737,0.9715,BK,,4340.0,4452.0,1531,11203,4,1
PDGRAK_002,PDGRAK_002_BKZ_2286-2886_200_1985-04-02_D_1.nlgx,PDGRAK_002_BKZ_2286-2886_200_1985-04-02_D_1.jpg,PDGRAK_002_BKZ_2286-2886_200_1985-04-02_D_1.las,GZ41,GZ,,SA1,2198,0.9804,GZ4,0.7002,2280.0,2884.0,2537,40039,2,1
PDGRAK_002,PDGRAK_002_BKZ_2286-2886_200_1985-04-02_D_1.nlgx,PDGRAK_002_BKZ_2286-2886_200_1985-04-02_D_1.jpg,PDGRAK_002_BKZ_2286-2886_200_1985-04-02_D_1.las,SP1,SP,,SA2,684,1.0,SP,0.7501,2280.0,2884.0,2537,40039,1,1
PDGRAK_002,PDGRAK_002_BKZ_2840-3268_200_1985-05-14_D_11.nlgx,PDGRAK_002_BKZ_2840-3268_200_1985-05-14_D_11.jpg,PDGRAK_002_BKZ_2840-3268_200_1985-05-14_D_11.las,GZ11,GZ,,SA1,2462,0.9935,GZ1,,2840.0,3268.0,2530,29643,1,1
PDGRAK_002,PDGRAK_002_BKZ_2840-3268_200_1985-05-14_D_11.nlgx,PDGRAK_002_BKZ_2840-3268_200_1985-05-14_D_11.jpg,PDGRAK_002_BKZ_2840-3268_200_1985-05-14_D_11.las,GZ21,GZ,,SA2,2034,0.9759,GZ2,,2840.0,3268.0,2530,29643,3,1
PDGRAK_002,PDGRAK_002_BKZ_2840-3268_200_1985-05-14_D_11.nlgx,PDGRAK_002_BKZ_2840-3268_200_1985-05-14_D_11.jpg,PDGRAK_002_BKZ_2840-3268_200_1985-05-14_D_11.las,GZ31,GZ,,SA3,1569,0.9949,GZ3,,2840.0,3268.0,2530,29643,3,1
PDGRAK_002,PDGRAK_002_BKZ_2840-3268_200_1985-05-14_D_11.nlgx,PDGRAK_002_BKZ_2840-3268_200_1985-05-14_D_11.jpg,PDGRAK_002_BKZ_2840-3268_200_1985-05-14_D_11.las,OGZ1,OGZ,,SA4,1574,0.9917,OGZ,,2840.0,3268.0,2530,29643,3,1
PDGRAK_002,PDGRAK_002_BKZ_2840-3268_200_1985-05-14_D_12.nlgx,PDGRAK_002_BKZ_2840-3268_200_1985-05-14_D_12.jpg,PDGRAK_002_BKZ_2840-3268_200_1985-05-14_D_12.las,GZ41,GZ,,SA1,1802,0.9911,GZ4,,2840.0,3272.0,2447,29656,3,1
PDGRAK_002,PDGRAK_002_BKZ_2840-3268_200_1985-05-14_D_12.nlgx,PDGRAK_002_BKZ_2840-3268_200_1985-05-14_D_12.jpg,PDGRAK_002_BKZ_2840-3268_200_1985-05-14_D_12.las,GZ51,GZ,,SA2,1378,0.9956,GZ5,,2840.0,3272.0,2447,29656,4,1
PDGRAK_002,PDGRAK_002_BKZ_2840-3268_200_1985-05-14_D_12.nlgx,PDGRAK_002_BKZ_2840-3268_200_1985-05-14_D_12.jpg,PDGRAK_002_BKZ_2840-3268_200_1985-05-14_D_12.las,CALI1,CALI,,SA3,2507,0.996,CALI,,2840.0,3272.0,2447,29656,1,1
PDGRAK_002,PDGRAK_002_BKZ_2840-3268_200_1985-05-14_D_12.nlgx,PDGRAK_002_BKZ_2840-3268_200_1985-05-14_D_12.jpg,PDGRAK_002_BKZ_2840-3268_200_1985-05-14_D_12.las,SP1,SP,,SA4,797,1.0,SP,,2840.0,3272.0,2447,29656,1,1
PDGRAK_002,PDGRAK_002_BKZ_3220-3644_200_1985-07-08_D_11.nlgx,PDGRAK_002_BKZ_3220-3644_200_1985-07-08_D_11.jpg,PDGRAK_002_BKZ_3220-3644_200_1985-07-08_D_11.las,GZ11,GZ,,SA1,1058,0.9981,GZ1,0.9292,3220.0,3644.0,2574,29086,1,1
PDGRAK_002,PDGRAK_002_BKZ_3220-3644_200_1985-07-08_D_11.nlgx,PDGRAK_002_BKZ_3220-3644_200_1985-07-08_D_11.jpg,PDGRAK_002_BKZ_3220-3644_200_1985-07-08_D_11.las,GZ21,GZ,,SA2,1082,0.9926,GZ2,0.9431,3220.0,3644.0,2574,29086,2,1
PDGRAK_002,PDGRAK_002_BKZ_3220-3644_200_1985-07-08_D_11.nlgx,PDGRAK_002_BKZ_3220-3644_200_1985-07-08_D_11.jpg,PDGRAK_002_BKZ_3220-3644_200_1985-07-08_D_11.las,GZ31,GZ,,SA3,980,0.9949,GZ3,0.9556,3220.0,3644.0,2574,29086,3,1
PDGRAK_002,PDGRAK_002_BKZ_3220-3644_200_1985-07-08_D_11.nlgx,PDGRAK_002_BKZ_3220-3644_200_1985-07-08_D_11.jpg,PDGRAK_002_BKZ_3220-3644_200_1985-07-08_D_11.las,OGZ1,OGZ,,SA4,1112,0.991,OGZ,0.9331,3220.0,3644.0,2574,29086,3,1
PDGRAK_002,PDGRAK_002_BKZ_3220-3644_200_1985-07-08_D_12.nlgx,PDGRAK_002_BKZ_3220-3644_200_1985-07-08_D_12.jpg,PDGRAK_002_BKZ_3220-3644_200_1985-07-08_D_12.las,GZ41,GZ,,SA1,2014,0.999,GZ4,0.9604,3220.0,3652.0,2510,29015,4,1
PDGRAK_002,PDGRAK_002_BKZ_3220-3644_200_1985-07-08_D_12.nlgx,PDGRAK_002_BKZ_3220-3644_200_1985-07-08_D_12.jpg,PDGRAK_002_BKZ_3220-3644_200_1985-07-08_D_12.las,GZ51,GZ,,SA2,1692,1.0,GZ5,0.982,3220.0,3652.0,2510,29015,4,1
PDGRAK_002,PDGRAK_002_BKZ_3220-3644_200_1985-07-08_D_12.nlgx,PDGRAK_002_BKZ_3220-3644_200_1985-07-08_D_12.jpg,PDGRAK_002_BKZ_3220-3644_200_1985-07-08_D_12.las,DS1,DS,,SA3,3707,0.9914,DS,0.9693,3220.0,3652.0,2510,29015,1,1
PDGRAK_002,PDGRAK_002_BKZ_3220-3644_200_1985-07-08_D_12.nlgx,PDGRAK_002_BKZ_3220-3644_200_1985-07-08_D_12.jpg,PDGRAK_002_BKZ_3220-3644_200_1985-07-08_D_12.las,SP1,SP,,SA4,647,0.9969,SP,0.9973,3220.0,3652.0,2510,29015,1,1
PDGRAK_002,PDGRAK_002_BKZ_3600-3920_200_1985-08-02_D_11.nlgx,PDGRAK_002_BKZ_3600-3920_200_1985-08-02_D_11.jpg,PDGRAK_002_BKZ_3600-3920_200_1985-08-02_D_11.las,GZ11,GZ,,SA1,938,1.0,GZ1,0.9845,3596.0,3920.0,2532,22546,1,1
PDGRAK_002,PDGRAK_002_BKZ_3600-3920_200_1985-08-02_D_11.nlgx,PDGRAK_002_BKZ_3600-3920_200_1985-08-02_D_11.jpg,PDGRAK_002_BKZ_3600-3920_200_1985-08-02_D_11.las,GZ21,GZ,,SA2,1049,0.9905,GZ2,0.9617,3596.0,3920.0,2532,22546,2,1
PDGRAK_002,PDGRAK_002_BKZ_3600-3920_200_1985-08-02_D_11.nlgx,PDGRAK_002_BKZ_3600-3920_200_1985-08-02_D_11.jpg,PDGRAK_002_BKZ_3600-3920_200_1985-08-02_D_11.las,OGZ1,OGZ,,SA3,891,0.9966,OGZ,0.9978,3596.0,3920.0,2532,22546,2,1
PDGRAK_002,PDGRAK_002_BKZ_3600-3920_200_1985-08-02_D_11.nlgx,PDGRAK_002_BKZ_3600-3920_200_1985-08-02_D_11.jpg,PDGRAK_002_BKZ_3600-3920_200_1985-08-02_D_11.las,GZ31,GZ,,SA4,671,0.997,GZ3,0.986,3596.0,3920.0,2532,22546,2,1
PDGRAK_002,PDGRAK_002_BKZ_3600-3920_200_1985-08-02_D_12.nlgx,PDGRAK_002_BKZ_3600-3920_200_1985-08-02_D_12.jpg,PDGRAK_002_BKZ_3600-3920_200_1985-08-02_D_12.las,GZ41,GZ,,SA1,1614,0.982,GZ4,0.9906,3600.0,3924.0,2553,23019,2,1
PDGRAK_002,PDGRAK_002_BKZ_3600-3920_200_1985-08-02_D_12.nlgx,PDGRAK_002_BKZ_3600-3920_200_1985-08-02_D_12.jpg,PDGRAK_002_BKZ_3600-3920_200_1985-08-02_D_12.las,GZ51,GZ,,SA2,2436,0.9918,GZ5,0.9915,3600.0,3924.0,2553,23019,2,1
PDGRAK_002,PDGRAK_002_BKZ_3600-3920_200_1985-08-02_D_12.nlgx,PDGRAK_002_BKZ_3600-3920_200_1985-08-02_D_12.jpg,PDGRAK_002_BKZ_3600-3920_200_1985-08-02_D_12.las,SP1,SP,,SA3,1096,0.9991,SP,0.9985,3600.0,3924.0,2553,23019,1,1
PDGRAK_002,PDGRAK_002_BKZ_3950-4260_200_1985-10-21_D_1.nlgx,PDGRAK_002_BKZ_3950-4260_200_1985-10-21_D_1.jpg,PDGRAK_002_BKZ_3950-4260_200_1985-10-21_D_1.las,CALI1,CALI,,SA1,1658,0.9765,CALI,,3948.0,4264.0,2501,22081,1,1
PDGRAK_002,PDGRAK_002_BKZ_3950-4260_200_1985-10-21_D_1.nlgx,PDGRAK_002_BKZ_3950-4260_200_1985-10-21_D_1.jpg,PDGRAK_002_BKZ_3950-4260_200_1985-10-21_D_1.las,SP1,SP,,SA2,166,1.0,SP,,3948.0,4264.0,2501,22081,1,1
PDGRAK_002,PDGRAK_002_BKZ_3950-4260_200_1985-10-21_D_1.nlgx,PDGRAK_002_BKZ_3950-4260_200_1985-10-21_D_1.jpg,PDGRAK_002_BKZ_3950-4260_200_1985-10-21_D_1.las,GZ41,GZ,,SA3,767,0.9909,GZ4,,3948.0,4264.0,2501,22081,3,1
PDGRAK_002,PDGRAK_002_BKZ_3950-4260_200_1985-10-21_D_1.nlgx,PDGRAK_002_BKZ_3950-4260_200_1985-10-21_D_1.jpg,PDGRAK_002_BKZ_3950-4260_200_1985-10-21_D_1.las,GZ51,GZ,,SA4,732,0.9986,GZ5,,3948.0,4264.0,2501,22081,4,1
PDGRAK_002,PDGRAK_002_BKZ_4000-4160_200_1985-10-01_D_11.nlgx,PDGRAK_002_BKZ_4000-4160_200_1985-10-01_D_11.jpg,PDGRAK_002_BKZ_4000-4160_200_1985-10-01_D_11.las,GZ11,GZ,,SA1,832,0.97,GZ1,,4000.0,4160.0,2518,13634,1,1
PDGRAK_002,PDGRAK_002_BKZ_4000-4160_200_1985-10-01_D_11.nlgx,PDGRAK_002_BKZ_4000-4160_200_1985-10-01_D_11.jpg,PDGRAK_002_BKZ_4000-4160_200_1985-10-01_D_11.las,GZ21,GZ,,SA2,889,0.8819,GZ2,,4000.0,4160.0,2518,13634,2,0
PDGRAK_002,PDGRAK_002_BKZ_4000-4160_200_1985-10-01_D_11.nlgx,PDGRAK_002_BKZ_4000-4160_200_1985-10-01_D_11.jpg,PDGRAK_002_BKZ_4000-4160_200_1985-10-01_D_11.las,GZ31,GZ,,SA3,588,0.9915,GZ3,,4000.0,4160.0,2518,13634,2,1
PDGRAK_002,PDGRAK_002_BKZ_4000-4160_200_1985-10-01_D_11.nlgx,PDGRAK_002_BKZ_4000-4160_200_1985-10-01_D_11.jpg,PDGRAK_002_BKZ_4000-4160_200_1985-10-01_D_11.las,OGZ1,OGZ,,SA4,552,0.971,OGZ,,4000.0,4160.0,2518,13634,2,1
PDGRAK_002,PDGRAK_002_BKZ_4000-4160_200_1985-10-01_D_12.nlgx,PDGRAK_002_BKZ_4000-4160_200_1985-10-01_D_12.jpg,PDGRAK_002_BKZ_4000-4160_200_1985-10-01_D_12.las,GZ51,GZ,,SA1,841,0.975,GZ5,,4000.0,4160.0,2525,13537,2,1
PDGRAK_002,PDGRAK_002_BKZ_4000-4160_200_1985-10-01_D_12.nlgx,PDGRAK_002_BKZ_4000-4160_200_1985-10-01_D_12.jpg,PDGRAK_002_BKZ_4000-4160_200_1985-10-01_D_12.las,GZ41,GZ,,SA2,784,0.9477,GZ4,,4000.0,4160.0,2525,13537,3,1
PDGRAK_002,PDGRAK_002_BKZ_4000-4160_200_1985-10-01_D_12.nlgx,PDGRAK_002_BKZ_4000-4160_200_1985-10-01_D_12.jpg,PDGRAK_002_BKZ_4000-4160_200_1985-10-01_D_12.las,CALI1,CALI,,SA1,860,0.9547,CALI,,4000.0,4160.0,2525,13537,1,1
PDGRAK_002,PDGRAK_002_BKZ_4000-4160_200_1985-10-01_D_12.nlgx,PDGRAK_002_BKZ_4000-4160_200_1985-10-01_D_12.jpg,PDGRAK_002_BKZ_4000-4160_200_1985-10-01_D_12.las,SP1,SP,,SA2,305,1.0,SP,,4000.0,4160.0,2525,13537,1,1
PDGRAK_002,PDGRAK_002_BKZ_4100-4260_200_1985-10-21_D_11.nlgx,PDGRAK_002_BKZ_4100-4260_200_1985-10-21_D_11.jpg,PDGRAK_002_BKZ_4100-4260_200_1985-10-21_D_11.las,GZ11,GZ,,SA1,1073,1.0,GZ1,,4100.0,4260.0,2547,13444,1,1
PDGRAK_002,PDGRAK_002_BKZ_4100-4260_200_1985-10-21_D_11.nlgx,PDGRAK_002_BKZ_4100-4260_200_1985-10-21_D_11.jpg,PDGRAK_002_BKZ_4100-4260_200_1985-10-21_D_11.las,GZ21,GZ,,SA2,738,0.9986,GZ2,,4100.0,4260.0,2547,13444,2,1
PDGRAK_002,PDGRAK_002_BKZ_4100-4260_200_1985-10-21_D_11.nlgx,PDGRAK_002_BKZ_4100-4260_200_1985-10-21_D_11.jpg,PDGRAK_002_BKZ_4100-4260_200_1985-10-21_D_11.las,GZ31,GZ,,SA3,537,0.9981,GZ3,,4100.0,4260.0,2547,13444,3,1
PDGRAK_002,PDGRAK_002_BKZ_4100-4260_200_1985-10-21_D_11.nlgx,PDGRAK_002_BKZ_4100-4260_200_1985-10-21_D_11.jpg,PDGRAK_002_BKZ_4100-4260_200_1985-10-21_D_11.las,OGZ1,OGZ,,SA4,605,0.9917,OGZ,,4100.0,4260.0,2547,13444,2,1
PDGRAK_002,PDGRAK_002_BKZ_4200-4392_200_1985-11-25_D_11.nlgx,PDGRAK_002_BKZ_4200-4392_200_1985-11-25_D_11.jpg,PDGRAK_002_BKZ_4200-4392_200_1985-11-25_D_11.las,GZ11,GZ,,SA1,2634,0.9989,GZ1,,4200.0,4392.0,2560,15448,1,1
PDGRAK_002,PDGRAK_002_BKZ_4200-4392_200_1985-11-25_D_11.nlgx,PDGRAK_002_BKZ_4200-4392_200_1985-11-25_D_11.jpg,PDGRAK_002_BKZ_4200-4392_200_1985-11-25_D_11.las,GZ21,GZ,,SA2,2956,0.9564,GZ2,,4200.0,4392.0,2560,15448,1,1
PDGRAK_002,PDGRAK_002_BKZ_4200-4392_200_1985-11-25_D_11.nlgx,PDGRAK_002_BKZ_4200-4392_200_1985-11-25_D_11.jpg,PDGRAK_002_BKZ_4200-4392_200_1985-11-25_D_11.las,GZ31,GZ,,SA3,3827,0.9916,GZ3,,4200.0,4392.0,2560,15448,2,1
PDGRAK_002,PDGRAK_002_BKZ_4200-4392_200_1985-11-25_D_11.nlgx,PDGRAK_002_BKZ_4200-4392_200_1985-11-25_D_11.jpg,PDGRAK_002_BKZ_4200-4392_200_1985-11-25_D_11.las,OGZ1,OGZ,,SA4,1232,0.9334,OGZ,,4200.0,4392.0,2560,15448,2,1
PDGRAK_002,PDGRAK_002_BKZ_4200-4392_200_1985-11-25_D_12.nlgx,PDGRAK_002_BKZ_4200-4392_200_1985-11-25_D_12.jpg,PDGRAK_002_BKZ_4200-4392_200_1985-11-25_D_12.las,GZ41,GZ,,SA1,1232,0.9237,GZ4,,4200.0,4392.0,2555,15225,3,1
PDGRAK_002,PDGRAK_002_BKZ_4200-4392_200_1985-11-25_D_12.nlgx,PDGRAK_002_BKZ_4200-4392_200_1985-11-25_D_12.jpg,PDGRAK_002_BKZ_4200-4392_200_1985-11-25_D_12.las,GZ51,GZ,,SA2,1488,0.9913,GZ5,,4200.0,4392.0,2555,15225,4,1
PDGRAK_002,PDGRAK_002_BKZ_4200-4392_200_1985-11-25_D_12.nlgx,PDGRAK_002_BKZ_4200-4392_200_1985-11-25_D_12.jpg,PDGRAK_002_BKZ_4200-4392_200_1985-11-25_D_12.las,SP1,SP,,SA3,1094,1.0,SP,,4200.0,4392.0,2555,15225,1,1
PDGRAK_002,PDGRAK_002_BKZ_4200-4392_200_1985-11-25_D_12.nlgx,PDGRAK_002_BKZ_4200-4392_200_1985-11-25_D_12.jpg,PDGRAK_002_BKZ_4200-4392_200_1985-11-25_D_12.las,CALI1,CALI,,SA4,1541,0.9591,CALI,,4200.0,4392.0,2555,15225,1,1
PDGRAK_002,PDGRAK_002_BKZ_4340-4444_200_1985-12-11_D_11.nlgx,PDGRAK_002_BKZ_4340-4444_200_1985-12-11_D_11.jpg,PDGRAK_002_BKZ_4340-4444_200_1985-12-11_D_11.las,GZ11,GZ,,SA1,760,1.0,GZ1,,4336.0,4448.0,2516,9907,1,1
PDGRAK_002,PDGRAK_002_BKZ_4340-4444_200_1985-12-11_D_11.nlgx,PDGRAK_002_BKZ_4340-4444_200_1985-12-11_D_11.jpg,PDGRAK_002_BKZ_4340-4444_200_1985-12-11_D_11.las,GZ21,GZ,,SA2,677,0.9911,GZ2,,4336.0,4448.0,2516,9907,2,1
PDGRAK_002,PDGRAK_002_BKZ_4340-4444_200_1985-12-11_D_11.nlgx,PDGRAK_002_BKZ_4340-4444_200_1985-12-11_D_11.jpg,PDGRAK_002_BKZ_4340-4444_200_1985-12-11_D_11.las,GZ31,GZ,,SA3,685,1.0,GZ3,,4336.0,4448.0,2516,9907,2,1
PDGRAK_002,PDGRAK_002_BKZ_4340-4444_200_1985-12-11_D_11.nlgx,PDGRAK_002_BKZ_4340-4444_200_1985-12-11_D_11.jpg,PDGRAK_002_BKZ_4340-4444_200_1985-12-11_D_11.las,OGZ1,OGZ,,SA4,580,0.9931,OGZ,,4336.0,4448.0,2516,9907,2,1
PDGRAK_002,PDGRAK_002_BKZ_4340-4452_200_1985-12-11_D_12.nlgx,PDGRAK_002_BKZ_4340-4452_200_1985-12-11_D_12.jpg,PDGRAK_002_BKZ_4340-4452_200_1985-12-11_D_12.las,GZ51,GZ,,SA1,645,1.0,GZ5,0.9937,4336.0,4456.0,2548,10180,3,1
PDGRAK_002,PDGRAK_002_BKZ_4340-4452_200_1985-12-11_D_12.nlgx,PDGRAK_002_BKZ_4340-4452_200_1985-12-11_D_12.jpg,PDGRAK_002_BKZ_4340-4452_200_1985-12-11_D_12.las,GZ41,GZ,,SA2,637,0.9859,GZ4,0.9928,4336.0,4456.0,2548,10180,3,1
PDGRAK_002,PDGRAK_002_BKZ_4340-4452_200_1985-12-11_D_12.nlgx,PDGRAK_002_BKZ_4340-4452_200_1985-12-11_D_12.jpg,PDGRAK_002_BKZ_4340-4452_200_1985-12-11_D_12.las,SP1,SP,,SA3,410,1.0,SP,0.9993,4336.0,4456.0,2548,10180,1,1
PDGRAK_002,PDGRAK_002_BKZ_4340-4452_200_1985-12-11_D_12.nlgx,PDGRAK_002_BKZ_4340-4452_200_1985-12-11_D_12.jpg,PDGRAK_002_BKZ_4340-4452_200_1985-12-11_D_12.las,CALI1,CALI,,SA4,727,0.9917,CALI,0.977,4336.0,4456.0,2548,10180,1,1
PDGRAK_002,"PDGRAK_002_DS, TM_0090-2494_500_1985-01-31_D_1.nlgx","PDGRAK_002_DS, TM_0090-2494_500_1985-01-31_D_1.jpg","PDGRAK_002_DS, TM_0090-2494_500_1985-01-31_D_1.las",DS1,DS,,SA1,4269,0.9991,DS,0.8763,80.0,2500.0,1550,62021,1,1
PDGRAK_002,"PDGRAK_002_DS, TM_0090-2494_500_1985-01-31_D_1.nlgx","PDGRAK_002_DS, TM_0090-2494_500_1985-01-31_D_1.jpg","PDGRAK_002_DS, TM_0090-2494_500_1985-01-31_D_1.las",TMSS1,TMSS,,SA2,671,0.9985,TMSS,0.9994,80.0,2500.0,1550,62021,5,1
PDGRAK_002,"PDGRAK_002_DS, TM_2270-3250_200_1985-05-12_D_1.nlgx","PDGRAK_002_DS, TM_2270-3250_200_1985-05-12_D_1.jpg","PDGRAK_002_DS, TM_2270-3250_200_1985-05-12_D_1.las",CALI1,CALI,,SA1,3998,0.9942,CALI,0.8161,2270.0,3270.0,1539,28273,1,1
PDGRAK_002,"PDGRAK_002_DS, TM_2270-3250_200_1985-05-12_D_1.nlgx","PDGRAK_002_DS, TM_2270-3250_200_1985-05-12_D_1.jpg","PDGRAK_002_DS, TM_2270-3250_200_1985-05-12_D_1.las",TMSS1,TMSS,,SA2,460,0.9978,TMSS,0.9963,2270.0,3270.0,1539,28273,3,1
PDGRAK_002,"PDGRAK_002_DS, TM_2280-4450_500_1985-12-11_D_1.nlgx","PDGRAK_002_DS, TM_2280-4450_500_1985-12-11_D_1.jpg","PDGRAK_002_DS, TM_2280-4450_500_1985-12-11_D_1.las",CALI1,CALI,,SA1,5568,0.9952,CALI,0.8603,2270.0,4460.0,1542,55364,1,1
PDGRAK_002,"PDGRAK_002_DS, TM_2280-4450_500_1985-12-11_D_1.nlgx","PDGRAK_002_DS, TM_2280-4450_500_1985-12-11_D_1.jpg","PDGRAK_002_DS, TM_2280-4450_500_1985-12-11_D_1.las",TMSS1,TMSS,,SA2,360,0.975,TMSS,0.9978,2270.0,4460.0,1542,55364,5,1
PDGRAK_002,"PDGRAK_002_DS, TM_2285-3645_500_1985-07-09_D_1.nlgx","PDGRAK_002_DS, TM_2285-3645_500_1985-07-09_D_1.jpg","PDGRAK_002_DS, TM_2285-3645_500_1985-07-09_D_1.las",CALI1,CALI,,SA1,3692,0.9935,CALI,0.9044,2280.0,3650.0,1500,37435,1,1
PDGRAK_002,"PDGRAK_002_DS, TM_2285-3645_500_1985-07-09_D_1.nlgx","PDGRAK_002_DS, TM_2285-3645_500_1985-07-09_D_1.jpg","PDGRAK_002_DS, TM_2285-3645_500_1985-07-09_D_1.las",TMSS1,TMSS,,SA2,272,1.0,TMSS,0.9996,2280.0,3650.0,1500,37435,6,1
PDGRAK_002,"PDGRAK_002_DS, TM_2290-4150_500_1985-10-01_D_1.nlgx","PDGRAK_002_DS, TM_2290-4150_500_1985-10-01_D_1.jpg","PDGRAK_002_DS, TM_2290-4150_500_1985-10-01_D_1.las",CALI1,CALI,,SA1,3549,0.9343,CALI,0.915,2270.0,4170.0,1710,48279,1,1
PDGRAK_002,"PDGRAK_002_DS, TM_2290-4150_500_1985-10-01_D_1.nlgx","PDGRAK_002_DS, TM_2290-4150_500_1985-10-01_D_1.jpg","PDGRAK_002_DS, TM_2290-4150_500_1985-10-01_D_1.las",TMSS1,TMSS,,SA2,202,0.8861,TMSS,1.0,2270.0,4170.0,1710,48279,5,0
PDGRAK_002,"PDGRAK_002_GK, LM_2070-2256_200_1985-05-27_D_1.nlgx","PDGRAK_002_GK, LM_2070-2256_200_1985-05-27_D_1.jpg","PDGRAK_002_GK, LM_2070-2256_200_1985-05-27_D_1.las",GK1,GK,,SA1,1300,0.9938,GK,,2068.0,2256.0,2499,15260,1,1
PDGRAK_002,"PDGRAK_002_GK-P, LM_2040-2248_500_1986-04-11_D_1.nlgx","PDGRAK_002_GK-P, LM_2040-2248_500_1986-04-11_D_1.jpg","PDGRAK_002_GK-P, LM_2040-2248_500_1986-04-11_D_1.las",GK1,GK,,SA1,1761,0.9716,GK,,2040.0,2250.0,2080,9049,1,1
PDGRAK_002,"PDGRAK_002_GK-P, LM_2048-2264_200_1986-04-23_D_1.nlgx","PDGRAK_002_GK-P, LM_2048-2264_200_1986-04-23_D_1.jpg","PDGRAK_002_GK-P, LM_2048-2264_200_1986-04-23_D_1.las",GK1,GK,,SA1,1530,0.998,GK,,2048.0,2268.0,2546,17845,1,1
PDGRAK_002,"PDGRAK_002_GK-P, LM_2050-2253_200_1986-05-13_D_1.nlgx","PDGRAK_002_GK-P, LM_2050-2253_200_1986-05-13_D_1.jpg","PDGRAK_002_GK-P, LM_2050-2253_200_1986-05-13_D_1.las",GK1,GK,,SA1,1211,0.9554,GK,,2050.0,2254.0,2501,16851,1,1
PDGRAK_002,"PDGRAK_002_GK-P, LM_2070-2265_200_1985-05-28_D_1.nlgx","PDGRAK_002_GK-P, LM_2070-2265_200_1985-05-28_D_1.jpg","PDGRAK_002_GK-P, LM_2070-2265_200_1985-05-28_D_1.las",GK1,GK,,SA1,1816,0.9989,GK,0.4643,2070.0,2268.0,2499,17234,1,1
PDGRAK_002,"PDGRAK_002_GK-P, LM_2090-2284_200_1986-03-19_D_1.nlgx","PDGRAK_002_GK-P, LM_2090-2284_200_1986-03-19_D_1.jpg","PDGRAK_002_GK-P, LM_2090-2284_200_1986-03-19_D_1.las",GK1,GK,,SA1,1778,0.9708,GK,,2088.0,2288.0,2541,15836,1,1
PDGRAK_002,"PDGRAK_002_GK-P, LM_2130-2322_200_1986-03-06_D_1.nlgx","PDGRAK_002_GK-P, LM_2130-2322_200_1986-03-06_D_1.jpg","PDGRAK_002_GK-P, LM_2130-2322_200_1986-03-06_D_1.las",GK1,GK,,SA1,1676,0.8288,GK,0.8516,2130.0,2318.0,2507,15725,1,0
PDGRAK_002,"PDGRAK_002_GK-P, LM_2140-2346_200_1986-02-16_D_1.nlgx","PDGRAK_002_GK-P, LM_2140-2346_200_1986-02-16_D_1.jpg","PDGRAK_002_GK-P, LM_2140-2346_200_1986-02-16_D_1.las",GK1,GK,,SA1,1825,0.943,GK,,2140.0,2348.0,1540,17980,1,1
PDGRAK_002,"PDGRAK_002_GK-P, TM_2070-2278_200_1986-03-26_D_1.nlgx","PDGRAK_002_GK-P, TM_2070-2278_200_1986-03-26_D_1.jpg","PDGRAK_002_GK-P, TM_2070-2278_200_1986-03-26_D_1.las",GK1,GK,,SA1,1711,0.9562,GK,,2170.0,2280.0,3658,17035,1,1
PDGRAK_002,"PDGRAK_002_GK-P, TM_2070-2278_200_1986-03-26_D_1.nlgx","PDGRAK_002_GK-P, TM_2070-2278_200_1986-03-26_D_1.jpg","PDGRAK_002_GK-P, TM_2070-2278_200_1986-03-26_D_1.las",TMSS1,TMSS,,SA1,222,0.982,TMSS,,2170.0,2280.0,3658,17035,3,1
PDGRAK_002,"PDGRAK_002_GK-P, TM_2070-2278_200_1986-03-26_D_1.nlgx","PDGRAK_002_GK-P, TM_2070-2278_200_1986-03-26_D_1.jpg","PDGRAK_002_GK-P, TM_2070-2278_200_1986-03-26_D_1.las",VGDSS1,VGDSS,,SA2,275,0.9709,VGDSS,,2170.0,2280.0,3658,17035,1,1
PDGRAK_002,"PDGRAK_002_GK-P, TM_2070-2278_200_1986-03-26_D_1.nlgx","PDGRAK_002_GK-P, TM_2070-2278_200_1986-03-26_D_1.jpg","PDGRAK_002_GK-P, TM_2070-2278_200_1986-03-26_D_1.las",STDDP21,STDDP,,SA3,2415,0.9913,STDDP2,,2170.0,2280.0,3658,17035,4,1
PDGRAK_002,"PDGRAK_002_GK-P, TM_2070-2278_200_1986-03-26_D_1.nlgx","PDGRAK_002_GK-P, TM_2070-2278_200_1986-03-26_D_1.jpg","PDGRAK_002_GK-P, TM_2070-2278_200_1986-03-26_D_1.las",STDDP31,STDDP,,SA4,857,0.9382,STDDP3,,2170.0,2280.0,3658,17035,4,1
PDGRAK_002,PDGRAK_002_GK_0000-1780_500_1985-01-03_D_1.nlgx,PDGRAK_002_GK_0000-1780_500_1985-01-03_D_1.jpg,PDGRAK_002_GK_0000-1780_500_1985-01-03_D_1.las,GK1,GK,,SA1,5029,0.9996,GK,0.967,0.0,1780.0,1760,47858,1,1
PDGRAK_002,PDGRAK_002_GK_1700-2222_500_1985-01-15_D_1.nlgx,PDGRAK_002_GK_1700-2222_500_1985-01-15_D_1.jpg,PDGRAK_002_GK_1700-2222_500_1985-01-15_D_1.las,GK1,GK,,SA1,2200,0.9945,GK,0.617,1700.0,2212.0,1728,16846,2,1
PDGRAK_002,PDGRAK_002_GZK_1950-2460_500_0000-00-00_D_1.nlgx,PDGRAK_002_GZK_1950-2460_500_0000-00-00_D_1.jpg,PDGRAK_002_GZK_1950-2460_500_0000-00-00_D_1.las,G_SUM1,G_SUM,,SA1,724,0.9945,G_SUM,0.295,1945.0,2470.0,5006,17147,1,1
PDGRAK_002,PDGRAK_002_GZK_2280-2820_500_0000-00-00_D_1.nlgx,PDGRAK_002_GZK_2280-2820_500_0000-00-00_D_1.jpg,PDGRAK_002_GZK_2280-2820_500_0000-00-00_D_1.las,G_SUM1,G_SUM,,SA1,688,0.9564,G_SUM,,2280.0,2820.0,4943,17540,1,1
PDGRAK_002,PDGRAK_002_GZK_2830-3070_500_0000-00-00_D_1.nlgx,PDGRAK_002_GZK_2830-3070_500_0000-00-00_D_1.jpg,PDGRAK_002_GZK_2830-3070_500_0000-00-00_D_1.las,G_SUM1,G_SUM,,SA1,221,0.991,G_SUM,,2830.0,3070.0,4921,10559,1,1
PDGRAK_002,PDGRAK_002_GZK_3070-3350_500_0000-00-00_D_1.nlgx,PDGRAK_002_GZK_3070-3350_500_0000-00-00_D_1.jpg,PDGRAK_002_GZK_3070-3350_500_0000-00-00_D_1.las,G_SUM1,G_SUM,,SA1,226,1.0,G_SUM,,3070.0,3350.0,4914,11175,1,1
PDGRAK_002,PDGRAK_002_GZK_3350-3820_500_0000-00-00_D_1.nlgx,PDGRAK_002_GZK_3350-3820_500_0000-00-00_D_1.jpg,PDGRAK_002_GZK_3350-3820_500_0000-00-00_D_1.las,G_SUM1,G_SUM,,SA1,419,0.9785,G_SUM,,3350.0,3820.0,4876,15418,1,1
PDGRAK_002,PDGRAK_002_GZK_3770-3990_500_0000-00-00_D_1.nlgx,PDGRAK_002_GZK_3770-3990_500_0000-00-00_D_1.jpg,PDGRAK_002_GZK_3770-3990_500_0000-00-00_D_1.las,G_SUM1,G_SUM,,SA1,204,0.9902,G_SUM,,3770.0,3990.0,4953,9547,1,1
PDGRAK_002,PDGRAK_002_GZK_3990-4310_500_0000-00-00_D_1.nlgx,PDGRAK_002_GZK_3990-4310_500_0000-00-00_D_1.jpg,PDGRAK_002_GZK_3990-4310_500_0000-00-00_D_1.las,G_SUM1,G_SUM,,SA1,300,0.0233,G_SUM,,3990.0,4310.0,4926,12234,3,0
PDGRAK_002,PDGRAK_002_GZK_4320-4510_500_0000-00-00_D_1.nlgx,PDGRAK_002_GZK_4320-4510_500_0000-00-00_D_1.jpg,PDGRAK_002_GZK_4320-4510_500_0000-00-00_D_1.las,G_SUM1,G_SUM,,SA1,185,0.973,G_SUM,,4320.0,4510.0,4901,9025,1,1
PDGRAK_002,PDGRAK_002_IK_1950-2292_200_1985-02-09_D_1.nlgx,PDGRAK_002_IK_1950-2292_200_1985-02-09_D_1.jpg,PDGRAK_002_IK_1950-2292_200_1985-02-09_D_1.las,IK1,IK,,SA1,672,0.9985,IK,0.9755,1948.0,2294.0,1570,24576,3,1
PDGRAK_002,PDGRAK_002_IK_2270-3290_200_1985-05-11_D_1.nlgx,PDGRAK_002_IK_2270-3290_200_1985-05-11_D_1.tif,PDGRAK_002_IK_2270-3290_200_1985-05-11_D_1.las,IK1,IK,,SA1,6173,0.9995,IK,0.9621,2274.0,3270.0,1506,66356,3,1
PDGRAK_002,PDGRAK_002_IK_3200-3930_200_1985-08-02_D_1.nlgx,PDGRAK_002_IK_3200-3930_200_1985-08-02_D_1.jpg,PDGRAK_002_IK_3200-3930_200_1985-08-02_D_1.las,IK1,IK,,SA1,2349,0.9996,IK,0.9929,3200.0,3928.0,1554,47855,2,1
PDGRAK_002,PDGRAK_002_IK_3770_4162_200_1985_10_02_D_1.nlgx,PDGRAK_002_IK_3770_4162_200_1985_10_02_D_1.jpg,PDGRAK_002_IK_3770_4162_200_1985_10_02_D_1.las,IK1,IK,,SA1,765,0.9856,IK,0.9672,3768.0,4164.0,1538,27613,2,1
PDGRAK_002,PDGRAK_002_IK_4250-4410_200_1986-01-02_D_1.nlgx,PDGRAK_002_IK_4250-4410_200_1986-01-02_D_1.jpg,PDGRAK_002_IK_4250-4410_200_1986-01-02_D_1.las,IK1,IK,,SA1,1397,0.9971,IK,,4250.0,4414.0,1515,14077,2,1
PDGRAK_002,PDGRAK_002_INNK_2100-2496_200_1985-02-01_D_1.nlgx,PDGRAK_002_INNK_2100-2496_200_1985-02-01_D_1.jpg,PDGRAK_002_INNK_2100-2496_200_1985-02-01_D_1.las,ZAT7501,ZAT,,SA1,4355,0.9924,ZAT750,0.5707,2096.0,2496.0,2536,28314,1,1
PDGRAK_002,PDGRAK_002_INNK_2100-2496_200_1985-02-01_D_1.nlgx,PDGRAK_002_INNK_2100-2496_200_1985-02-01_D_1.jpg,PDGRAK_002_INNK_2100-2496_200_1985-02-01_D_1.las,TAU1,TAU,,SA2,1400,1.0,TAU,0.8958,2096.0,2496.0,2536,28314,1,1
PDGRAK_002,PDGRAK_002_INNK_2100-2496_200_1985-02-01_D_1.nlgx,PDGRAK_002_INNK_2100-2496_200_1985-02-01_D_1.jpg,PDGRAK_002_INNK_2100-2496_200_1985-02-01_D_1.las,ZAT9001,ZAT,,SA3,4077,0.989,ZAT900,0.532,2096.0,2496.0,2536,28314,1,1
PDGRAK_002,PDGRAK_002_INNK_2100-2496_200_1985-02-01_D_1.nlgx,PDGRAK_002_INNK_2100-2496_200_1985-02-01_D_1.jpg,PDGRAK_002_INNK_2100-2496_200_1985-02-01_D_1.las,ZAT10501,ZAT,,SA4,3111,0.929,ZAT1050,0.4155,2096.0,2496.0,2536,28314,1,1
PDGRAK_002,PDGRAK_002_INNK_2400-2980_200_1985-04-09_D_1.nlgx,PDGRAK_002_INNK_2400-2980_200_1985-04-09_D_1.jpg,PDGRAK_002_INNK_2400-2980_200_1985-04-09_D_1.las,ZAT10501,ZAT,,SA1,5053,0.9141,ZAT1050,,2400.0,2980.0,2490,38003,1,1
PDGRAK_002,PDGRAK_002_INNK_2400-2980_200_1985-04-09_D_1.nlgx,PDGRAK_002_INNK_2400-2980_200_1985-04-09_D_1.jpg,PDGRAK_002_INNK_2400-2980_200_1985-04-09_D_1.las,ZAT9001,ZAT,,SA2,5484,0.9302,ZAT900,,2400.0,2980.0,2490,38003,1,1
PDGRAK_002,PDGRAK_002_INNK_2400-2980_200_1985-04-09_D_1.nlgx,PDGRAK_002_INNK_2400-2980_200_1985-04-09_D_1.jpg,PDGRAK_002_INNK_2400-2980_200_1985-04-09_D_1.las,ZAT7501,ZAT,,SA3,5139,0.9714,ZAT750,,2400.0,2980.0,2490,38003,1,1
PDGRAK_002,PDGRAK_002_INNK_2400-2980_200_1985-04-09_D_1.nlgx,PDGRAK_002_INNK_2400-2980_200_1985-04-09_D_1.jpg,PDGRAK_002_INNK_2400-2980_200_1985-04-09_D_1.las,TAU1,TAU,,SA4,4815,0.9996,TAU,,2400.0,2980.0,2490,38003,1,1
PDGRAK_002,PDGRAK_002_INNK_2900-3644_200_1985-07-09_D_1.nlgx,PDGRAK_002_INNK_2900-3644_200_1985-07-09_D_1.jpg,PDGRAK_002_INNK_2900-3644_200_1985-07-09_D_1.las,ZAT10501,ZAT,,SA1,3958,0.9682,ZAT1050,0.9164,2900.0,3648.0,2484,49080,1,1
PDGRAK_002,PDGRAK_002_INNK_2900-3644_200_1985-07-09_D_1.nlgx,PDGRAK_002_INNK_2900-3644_200_1985-07-09_D_1.jpg,PDGRAK_002_INNK_2900-3644_200_1985-07-09_D_1.las,ZAT9001,ZAT,,SA2,4369,0.9767,ZAT900,0.9496,2900.0,3648.0,2484,49080,1,1
PDGRAK_002,PDGRAK_002_INNK_2900-3644_200_1985-07-09_D_1.nlgx,PDGRAK_002_INNK_2900-3644_200_1985-07-09_D_1.jpg,PDGRAK_002_INNK_2900-3644_200_1985-07-09_D_1.las,ZAT7501,ZAT,,SA3,4387,0.9877,ZAT750,0.9057,2900.0,3648.0,2484,49080,2,1
PDGRAK_002,PDGRAK_002_INNK_2900-3644_200_1985-07-09_D_1.nlgx,PDGRAK_002_INNK_2900-3644_200_1985-07-09_D_1.jpg,PDGRAK_002_INNK_2900-3644_200_1985-07-09_D_1.las,TAU1,TAU,,SA4,2039,0.9975,TAU,0.9898,2900.0,3648.0,2484,49080,2,1
PDGRAK_002,PDGRAK_002_INNK_3800-4488_200_1985-12-20_D_1.nlgx,PDGRAK_002_INNK_3800-4488_200_1985-12-20_D_1.jpg,PDGRAK_002_INNK_3800-4488_200_1985-12-20_D_1.las,ZAT10501,ZAT,,SA1,3166,0.9921,ZAT1050,,3800.0,4492.0,2530,45201,1,1
PDGRAK_002,PDGRAK_002_INNK_3800-4488_200_1985-12-20_D_1.nlgx,PDGRAK_002_INNK_3800-4488_200_1985-12-20_D_1.jpg,PDGRAK_002_INNK_3800-4488_200_1985-12-20_D_1.las,ZAT9001,ZAT,,SA2,4122,0.9959,ZAT900,,3800.0,4492.0,2530,45201,1,1
PDGRAK_002,PDGRAK_002_INNK_3800-4488_200_1985-12-20_D_1.nlgx,PDGRAK_002_INNK_3800-4488_200_1985-12-20_D_1.jpg,PDGRAK_002_INNK_3800-4488_200_1985-12-20_D_1.las,ZAT7501,ZAT,,SA3,8490,0.9933,ZAT750,,3800.0,4492.0,2530,45201,1,1
PDGRAK_002,PDGRAK_002_INNK_3800-4488_200_1985-12-20_D_1.nlgx,PDGRAK_002_INNK_3800-4488_200_1985-12-20_D_1.jpg,PDGRAK_002_INNK_3800-4488_200_1985-12-20_D_1.las,TAU1,TAU,,SA4,5589,1.0,TAU,,3800.0,4492.0,2530,45201,1,1
PDGRAK_002,"PDGRAK_002_MBK, MDS_3200-3924_200_1985-08-02_D_1.nlgx","PDGRAK_002_MBK, MDS_3200-3924_200_1985-08-02_D_1.jpg","PDGRAK_002_MBK, MDS_3200-3924_200_1985-08-02_D_1.las",MBK1,MBK,,SA1,4939,0.9885,MBK,0.9375,3200.0,3928.0,2557,46881,2,1
PDGRAK_002,"PDGRAK_002_MBK, MDS_3200-3924_200_1985-08-02_D_1.nlgx","PDGRAK_002_MBK, MDS_3200-3924_200_1985-08-02_D_1.jpg","PDGRAK_002_MBK, MDS_3200-3924_200_1985-08-02_D_1.las",MCALI1,MCALI,,SA2,4401,0.9936,MCALI,0.9829,3200.0,3928.0,2557,46881,1,1
PDGRAK_002,PDGRAK_002_MBK_2154-2490_200_1985-02-01_D_1.nlgx,PDGRAK_002_MBK_2154-2490_200_1985-02-01_D_1.jpg,PDGRAK_002_MBK_2154-2490_200_1985-02-01_D_1.las,MBK1,MBK,,SA1,2003,0.9566,MBK,0.8471,2154.0,2490.0,1632,24868,3,1
PDGRAK_002,PDGRAK_002_MBK_2400-2974_200_1985-04-08_D_1.nlgx,PDGRAK_002_MBK_2400-2974_200_1985-04-08_D_1.jpg,PDGRAK_002_MBK_2400-2974_200_1985-04-08_D_1.las,MBK1,MBK,,SA1,5594,0.9945,MBK,0.9208,2400.0,2974.0,1526,38522,2,1
PDGRAK_002,PDGRAK_002_MBK_2900-3268_200_1985-05-15_D_1.nlgx,PDGRAK_002_MBK_2900-3268_200_1985-05-15_D_1.jpg,PDGRAK_002_MBK_2900-3268_200_1985-05-15_D_1.las,MBK1,MBK,,SA1,4387,0.9549,MBK,0.9664,2900.0,3268.0,1534,26051,3,1
PDGRAK_002,PDGRAK_002_MBK_3880-4170_500_1985-10-02_D_1.nlgx,PDGRAK_002_MBK_3880-4170_500_1985-10-02_D_1.jpg,PDGRAK_002_MBK_3880-4170_500_1985-10-02_D_1.las,MBK1,MBK,,SA1,1451,0.9924,MBK,0.9434,3880.0,4172.0,1535,21664,3,1
PDGRAK_002,PDGRAK_002_MBK_4100-4424_200_1985-01-02_D_1.nlgx,PDGRAK_002_MBK_4100-4424_200_1985-01-02_D_1.jpg,PDGRAK_002_MBK_4100-4424_200_1985-01-02_D_1.las,MBK1,MBK,,SA1,2443,0.9713,MBK,0.9206,4100.0,4428.0,1530,23896,3,1
PDGRAK_002,PDGRAK_002_MK_2200-2488_200_1985-02-01_D_1.nlgx,PDGRAK_002_MK_2200-2488_200_1985-02-01_D_1.jpg,PDGRAK_002_MK_2200-2488_200_1985-02-01_D_1.las,MPZ1,MPZ,,SA1,1967,0.9822,MPZ,,2196.0,2492.0,1551,21751,1,1
PDGRAK_002,PDGRAK_002_MK_2200-2488_200_1985-02-01_D_1.nlgx,PDGRAK_002_MK_2200-2488_200_1985-02-01_D_1.jpg,PDGRAK_002_MK_2200-2488_200_1985-02-01_D_1.las,MGZ1,MGZ,,SA2,2028,0.9122,MGZ,,2196.0,2492.0,1551,21751,2,1
PDGRAK_002,PDGRAK_002_MK_2200-2488_200_1985-02-01_D_1.nlgx,PDGRAK_002_MK_2200-2488_200_1985-02-01_D_1.jpg,PDGRAK_002_MK_2200-2488_200_1985-02-01_D_1.las,SP1,SP,,SA3,739,0.9865,SP,,2196.0,2492.0,1551,21751,1,1
PDGRAK_002,PDGRAK_002_MK_2410-3274_200_1985-05-14_D_1.nlgx,PDGRAK_002_MK_2410-3274_200_1985-05-14_D_1.jpg,PDGRAK_002_MK_2410-3274_200_1985-05-14_D_1.las,MGZ1,MGZ,,SA1,3159,0.9525,MGZ,0.9278,2410.0,3274.0,1547,56210,1,1
PDGRAK_002,PDGRAK_002_MK_2410-3274_200_1985-05-14_D_1.nlgx,PDGRAK_002_MK_2410-3274_200_1985-05-14_D_1.jpg,PDGRAK_002_MK_2410-3274_200_1985-05-14_D_1.las,MPZ1,MPZ,,SA2,4744,0.9366,MPZ,0.8976,2410.0,3274.0,1547,56210,2,1
PDGRAK_002,PDGRAK_002_MK_2410-3274_200_1985-05-14_D_1.nlgx,PDGRAK_002_MK_2410-3274_200_1985-05-14_D_1.jpg,PDGRAK_002_MK_2410-3274_200_1985-05-14_D_1.las,SP1,SP,,SA3,399,0.995,SP,0.9975,2410.0,3274.0,1547,56210,1,1
PDGRAK_002,PDGRAK_002_MK_3250-4156_200_1985-10-02_D_1.nlgx,PDGRAK_002_MK_3250-4156_200_1985-10-02_D_1.jpg,PDGRAK_002_MK_3250-4156_200_1985-10-02_D_1.las,MPZ1,MPZ,,SA1,4513,0.9984,MPZ,0.8436,3248.0,4160.0,1544,58420,1,1
PDGRAK_002,PDGRAK_002_MK_3250-4156_200_1985-10-02_D_1.nlgx,PDGRAK_002_MK_3250-4156_200_1985-10-02_D_1.jpg,PDGRAK_002_MK_3250-4156_200_1985-10-02_D_1.las,SP1,SP,,SA2,177,1.0,SP,0.9961,3248.0,4160.0,1544,58420,1,1
PDGRAK_002,PDGRAK_002_MK_3250-4156_200_1985-10-02_D_1.nlgx,PDGRAK_002_MK_3250-4156_200_1985-10-02_D_1.jpg,PDGRAK_002_MK_3250-4156_200_1985-10-02_D_1.las,MGZ1,MGZ,,SA3,4932,0.9919,MGZ,0.8274,3248.0,4160.0,1544,58420,1,1
PDGRAK_002,PDGRAK_002_MK_4100-4458_200_1985-12-11_D_1.nlgx,PDGRAK_002_MK_4100-4458_200_1985-12-11_D_1.jpg,PDGRAK_002_MK_4100-4458_200_1985-12-11_D_1.las,MGZ1,MGZ,,SA1,2516,0.9845,MGZ,0.8017,4100.0,4460.0,1704,25488,1,1
PDGRAK_002,PDGRAK_002_MK_4100-4458_200_1985-12-11_D_1.nlgx,PDGRAK_002_MK_4100-4458_200_1985-12-11_D_1.jpg,PDGRAK_002_MK_4100-4458_200_1985-12-11_D_1.las,MPZ1,MPZ,,SA2,2235,0.9991,MPZ,0.8782,4100.0,4460.0,1704,25488,1,1
PDGRAK_002,PDGRAK_002_MK_4100-4458_200_1985-12-11_D_1.nlgx,PDGRAK_002_MK_4100-4458_200_1985-12-11_D_1.jpg,PDGRAK_002_MK_4100-4458_200_1985-12-11_D_1.las,SP1,SP,,SA3,301,1.0,SP,0.9989,4100.0,4460.0,1704,25488,1,1
PDGRAK_002,PDGRAK_002_OCK_0013-2318_500_1986-01-17_D_1.nlgx,PDGRAK_002_OCK_0013-2318_500_1986-01-17_D_1.jpg,PDGRAK_002_OCK_0013-2318_500_1986-01-17_D_1.las,TMSS1,TMSS,,SA1,2982,0.9997,TMSS,0.9999,10.0,2320.0,1708,59612,12,1
PDGRAK_002,PDGRAK_002_PRM_0098-2480_500_1985-01-31_D_1.nlgx,PDGRAK_002_PRM_0098-2480_500_1985-01-31_D_1.jpg,PDGRAK_002_PRM_0098-2480_500_1985-01-31_D_1.las,CALI1,CALI,,SA1,4697,0.9883,CALI,0.8844,80.0,2480.0,2473,61634,1,1
PDGRAK_002,PDGRAK_002_RK_2150-2486_200_1985_02-01_D_1.nlgx,PDGRAK_002_RK_2150-2486_200_1985_02-01_D_1.jpg,PDGRAK_002_RK_2150-2486_200_1985_02-01_D_1.las,NGK1,NGK,,SA1,4671,0.9998,NGK,0.959,2150.0,2490.0,2512,27669,1,1
PDGRAK_002,PDGRAK_002_RK_2150-2486_200_1985_02-01_D_1.nlgx,PDGRAK_002_RK_2150-2486_200_1985_02-01_D_1.jpg,PDGRAK_002_RK_2150-2486_200_1985_02-01_D_1.las,GK1,GK,,SA2,5098,0.9984,GK,0.9503,2150.0,2490.0,2512,27669,1,1
PDGRAK_002,PDGRAK_002_RK_2380-2980_500_1985-04-09_D_1.nlgx,PDGRAK_002_RK_2380-2980_500_1985-04-09_D_1.jpg,PDGRAK_002_RK_2380-2980_500_1985-04-09_D_1.las,GK1,GK,,SA1,1325,1.0,GK,,2370.0,2990.0,2536,18804,1,1
PDGRAK_002,PDGRAK_002_RK_2380-2980_500_1985-04-09_D_1.nlgx,PDGRAK_002_RK_2380-2980_500_1985-04-09_D_1.jpg,PDGRAK_002_RK_2380-2980_500_1985-04-09_D_1.las,NGK1,NGK,,SA2,1301,0.9946,NGK,,2370.0,2990.0,2536,18804,1,1
PDGRAK_002,PDGRAK_002_RK_2900-3280_200_1985-05-14_D_1.nlgx,PDGRAK_002_RK_2900-3280_200_1985-05-14_D_1.jpg,PDGRAK_002_RK_2900-3280_200_1985-05-14_D_1.las,NGK1,NGK,,SA1,3160,0.9911,NGK,0.9773,2900.0,3280.0,2514,27998,2,1
PDGRAK_002,PDGRAK_002_RK_2900-3280_200_1985-05-14_D_1.nlgx,PDGRAK_002_RK_2900-3280_200_1985-05-14_D_1.jpg,PDGRAK_002_RK_2900-3280_200_1985-05-14_D_1.las,GK1,GK,,SA2,2814,0.9975,GK,0.9753,2900.0,3280.0,2514,27998,1,1
PDGRAK_002,PDGRAK_002_RK_3200-3650_200_1985-07-08_D_1.nlgx,PDGRAK_002_RK_3200-3650_200_1985-07-08_D_1.jpg,PDGRAK_002_RK_3200-3650_200_1985-07-08_D_1.las,GK1,GK,,SA1,2499,0.9976,GK,,3200.0,3648.0,2524,33965,1,1
PDGRAK_002,PDGRAK_002_RK_3200-3650_200_1985-07-08_D_1.nlgx,PDGRAK_002_RK_3200-3650_200_1985-07-08_D_1.jpg,PDGRAK_002_RK_3200-3650_200_1985-07-08_D_1.las,NGK1,NGK,,SA2,3704,0.9973,NGK,,3200.0,3648.0,2524,33965,2,1
PDGRAK_002,PDGRAK_002_RK_3590-3920_200_1985-08-01_D_1.nlgx,PDGRAK_002_RK_3590-3920_200_1985-08-01_D_1.jpg,PDGRAK_002_RK_3590-3920_200_1985-08-01_D_1.las,GK1,GK,,SA1,2250,0.9991,GK,0.9962,3590.0,3926.0,2504,27200,1,1
PDGRAK_002,PDGRAK_002_RK_3590-3920_200_1985-08-01_D_1.nlgx,PDGRAK_002_RK_3590-3920_200_1985-08-01_D_1.jpg,PDGRAK_002_RK_3590-3920_200_1985-08-01_D_1.las,NGK1,NGK,,SA2,2533,0.9961,NGK,0.9903,3590.0,3926.0,2504,27200,3,1
PDGRAK_002,PDGRAK_002_RK_3850-4480_200_1985-12-20_D_1.nlgx,PDGRAK_002_RK_3850-4480_200_1985-12-20_D_1.jpg,PDGRAK_002_RK_3850-4480_200_1985-12-20_D_1.las,NGK1,NGK,,SA1,3733,0.9796,NGK,0.9359,3850.0,4482.0,2585,43839,1,1
PDGRAK_002,PDGRAK_002_RK_3850-4480_200_1985-12-20_D_1.nlgx,PDGRAK_002_RK_3850-4480_200_1985-12-20_D_1.jpg,PDGRAK_002_RK_3850-4480_200_1985-12-20_D_1.las,GK1,GK,,SA2,3139,0.9812,GK,0.8879,3850.0,4482.0,2585,43839,1,1
PDGRAK_002,PDGRAK_002_TK_0000-1790_500_1984-01-03_D_1.nlgx,PDGRAK_002_TK_0000-1790_500_1984-01-03_D_1.jpg,PDGRAK_002_TK_0000-1790_500_1984-01-03_D_1.las,TMSS1,TMSS,,SA1,1311,0.9992,TMSS,0.9998,0.0,1790.0,1557,47798,9,1
PDGRAK_002,PDGRAK_002_TK_2280-2900_500_1985-04-02_D_1.nlgx,PDGRAK_002_TK_2280-2900_500_1985-04-02_D_1.jpg,PDGRAK_002_TK_2280-2900_500_1985-04-02_D_1.las,TMSS1,TMSS,,SA1,1441,0.9827,TMSS,0.9999,2280.0,2910.0,1488,18974,6,1
PDGRAK_002,PDGRAK_002_TM_1700-2220_500_1985-01-11_D_1.nlgx,PDGRAK_002_TM_1700-2220_500_1985-01-11_D_1.jpg,PDGRAK_002_TM_1700-2220_500_1985-01-11_D_1.las,TMSS1,TMSS,,SA1,624,0.984,TMSS,,1700.0,2220.0,1707,16973,2,1
PDGRAK_002,PDGRAK_002_TM_3600-3930_500_1985-08-08_D_1.nlgx,PDGRAK_002_TM_3600-3930_500_1985-08-08_D_1.jpg,PDGRAK_002_TM_3600-3930_500_1985-08-08_D_1.las,TM1,TM,,SA1,418,1.0,TM,,3580.0,3920.0,1553,11031,4,1
RYBAL_017,1963.05.03_Rybal_017_KB_(0020-0395)_500.nlgx,1963.05.03_Rybal_017_KB_(0020-0395)_500.jpg,1963.05.03_Rybal_017_KB_(0020-0395)_500.las,DS1,DS,,SA1,491,1.0,DS,0.9635,20.0,400.0,824,4008,1,1
RYBAL_017,1963.06.02_Rybal_017_BKZ1_(1264-1468)_GZ1.nlgx,1963.06.02_Rybal_017_BKZ1_(1264-1468)_GZ1.jpg,1963.06.02_Rybal_017_BKZ1_(1264-1468)_GZ1.las,GZ11,GZ,,SA1,352,1.0,GZ1,0.8155,1264.0,1468.0,824,4732,2,1
RYBAL_017,1963.06.02_Rybal_017_BKZ2_(1264-1468)_GZ2.nlgx,1963.06.02_Rybal_017_BKZ2_(1264-1468)_GZ2.jpg,1963.06.02_Rybal_017_BKZ2_(1264-1468)_GZ2.las,GZ21,GZ,,SA1,532,1.0,GZ2,,1264.0,1468.0,824,4960,3,1
RYBAL_017,1963.06.02_Rybal_017_BKZ3_(1264-1468)_GZ3_PS.nlgx,1963.06.02_Rybal_017_BKZ3_(1264-1468)_GZ3_PS.jpg,1963.06.02_Rybal_017_BKZ3_(1264-1468)_GZ3_PS.las,GZ31,GZ,,SA1,785,1.0,GZ3,,1264.0,1464.0,824,5164,4,1
RYBAL_017,1963.06.02_Rybal_017_BKZ3_(1264-1468)_GZ3_PS.nlgx,1963.06.02_Rybal_017_BKZ3_(1264-1468)_GZ3_PS.jpg,1963.06.02_Rybal_017_BKZ3_(1264-1468)_GZ3_PS.las,PS1,PS,,SA2,382,1.0,PS,,1264.0,1464.0,824,5164,1,1
RYBAL_017,1963.06.02_Rybal_017_BKZ4_(1264-1468)_GZ4.nlgx,1963.06.02_Rybal_017_BKZ4_(1264-1468)_GZ4.jpg,1963.06.02_Rybal_017_BKZ4_(1264-1468)_GZ4.las,GZ41,GZ,,SA1,480,1.0,GZ4,,1264.0,1468.0,824,4800,4,1
RYBAL_017,1963.06.02_Rybal_017_BKZ5_(1264-1468)_GZ5.nlgx,1963.06.02_Rybal_017_BKZ5_(1264-1468)_GZ5.jpg,1963.06.02_Rybal_017_BKZ5_(1264-1468)_GZ5.las,GZ51,GZ,,SA1,426,1.0,GZ5,0.9977,1264.0,1468.0,824,4808,4,1
RYBAL_017,1963.06.13_Rybal_017_BKZ1_(1410-1700)_GZ1_1_GZ1.nlgx,1963.06.13_Rybal_017_BKZ1_(1410-1700)_GZ1_1_GZ1.jpg,1963.06.13_Rybal_017_BKZ1_(1410-1700)_GZ1_1_GZ1.las,GZ11,GZ,,SA1,1030,1.0,GZ1,,1410.0,1702.0,824,6476,1,1
RYBAL_017,1963.06.13_Rybal_017_BKZ1_(1410-1700)_GZ1_1_GZ1.nlgx,1963.06.13_Rybal_017_BKZ1_(1410-1700)_GZ1_1_GZ1.jpg,1963.06.13_Rybal_017_BKZ1_(1410-1700)_GZ1_1_GZ1.las,GZ21,GZ,,SA2,1081,1.0,GZ2,,1410.0,1702.0,824,6476,2,1
RYBAL_017,1963.06.13_Rybal_017_BKZ2_(1410-1700)_GZ2.nlgx,1963.06.13_Rybal_017_BKZ2_(1410-1700)_GZ2.jpg,1963.06.13_Rybal_017_BKZ2_(1410-1700)_GZ2.las,GZ21,GZ,,SA1,1204,1.0,GZ2,,1410.0,1702.0,824,6480,2,1
RYBAL_017,1963.06.13_Rybal_017_BKZ3_(1410-1698)_GZ3_PS.nlgx,1963.06.13_Rybal_017_BKZ3_(1410-1698)_GZ3_PS.jpg,1963.06.13_Rybal_017_BKZ3_(1410-1698)_GZ3_PS.las,GZ31,GZ,,SA1,1099,1.0,GZ3,,1410.0,1702.0,824,6552,2,1
RYBAL_017,1963.06.13_Rybal_017_BKZ3_(1410-1698)_GZ3_PS.nlgx,1963.06.13_Rybal_017_BKZ3_(1410-1698)_GZ3_PS.jpg,1963.06.13_Rybal_017_BKZ3_(1410-1698)_GZ3_PS.las,PS1,PS,,SA2,703,0.9858,PS,,1410.0,1702.0,824,6552,1,1
RYBAL_017,1963.06.13_Rybal_017_BKZ4_(1410-1700)_GZ4.nlgx,1963.06.13_Rybal_017_BKZ4_(1410-1700)_GZ4.jpg,1963.06.13_Rybal_017_BKZ4_(1410-1700)_GZ4.las,GZ41,GZ,,SA1,1104,1.0,GZ4,,1410.0,1702.0,824,6392,2,1
RYBAL_017,1963.06.13_Rybal_017_BKZ5_(1410-1700)_GZ5.nlgx,1963.06.13_Rybal_017_BKZ5_(1410-1700)_GZ5.jpg,1963.06.13_Rybal_017_BKZ5_(1410-1700)_GZ5.las,GZ51,GZ,,SA1,850,1.0,GZ5,,1410.0,1702.0,824,6420,2,1
RYBAL_017,1963.06.26_Rybal_017_BKZ1_(1650-1998)_GZ1_GZ1_1.nlgx,1963.06.26_Rybal_017_BKZ1_(1650-1998)_GZ1_GZ1_1.jpg,1963.06.26_Rybal_017_BKZ1_(1650-1998)_GZ1_GZ1_1.las,GZ11,GZ,,SA1,1234,1.0,GZ1,0.5995,1650.0,1998.0,824,7656,1,1
RYBAL_017,1963.06.26_Rybal_017_BKZ1_(1650-1998)_GZ1_GZ1_1.nlgx,1963.06.26_Rybal_017_BKZ1_(1650-1998)_GZ1_GZ1_1.jpg,1963.06.26_Rybal_017_BKZ1_(1650-1998)_GZ1_GZ1_1.las,GZ111,GZ,,SA2,1251,1.0,GZ11,0.667,1650.0,1998.0,824,7656,2,1
RYBAL_017,1963.06.26_Rybal_017_BKZ2_(1650-1998)_GZ2.nlgx,1963.06.26_Rybal_017_BKZ2_(1650-1998)_GZ2.jpg,1963.06.26_Rybal_017_BKZ2_(1650-1998)_GZ2.las,GZ21,GZ,,SA1,1397,1.0,GZ2,,1650.0,1998.0,824,7644,2,1
RYBAL_017,1963.06.26_Rybal_017_BKZ3_(1650-1998)_GZ3_GZ4_PS.nlgx,1963.06.26_Rybal_017_BKZ3_(1650-1998)_GZ3_GZ4_PS.jpg,1963.06.26_Rybal_017_BKZ3_(1650-1998)_GZ3_GZ4_PS.las,GZ31,GZ,,SA1,1088,1.0,GZ3,,1650.0,1998.0,824,7812,2,1
RYBAL_017,1963.06.26_Rybal_017_BKZ3_(1650-1998)_GZ3_GZ4_PS.nlgx,1963.06.26_Rybal_017_BKZ3_(1650-1998)_GZ3_GZ4_PS.jpg,1963.06.26_Rybal_017_BKZ3_(1650-1998)_GZ3_GZ4_PS.las,PS1,PS,,SA2,1069,0.9991,PS,,1650.0,1998.0,824,7812,1,1
RYBAL_017,1963.06.26_Rybal_017_BKZ3_(1650-1998)_GZ3_GZ4_PS.nlgx,1963.06.26_Rybal_017_BKZ3_(1650-1998)_GZ3_GZ4_PS.jpg,1963.06.26_Rybal_017_BKZ3_(1650-1998)_GZ3_GZ4_PS.las,GZ41,GZ,,SA3,922,1.0,GZ4,,1650.0,1998.0,824,7812,1,1
RYBAL_017,1963.06.26_Rybal_017_BKZ4_(1650-1998)_GZ5_OGZ.nlgx,1963.06.26_Rybal_017_BKZ4_(1650-1998)_GZ5_OGZ.jpg,1963.06.26_Rybal_017_BKZ4_(1650-1998)_GZ5_OGZ.las,OGZ1,OGZ,,SA1,664,1.0,OGZ,,1650.0,1998.0,824,7700,1,1
RYBAL_017,1963.06.26_Rybal_017_BKZ4_(1650-1998)_GZ5_OGZ.nlgx,1963.06.26_Rybal_017_BKZ4_(1650-1998)_GZ5_OGZ.jpg,1963.06.26_Rybal_017_BKZ4_(1650-1998)_GZ5_OGZ.las,GZ51,GZ,,SA1,607,1.0,GZ5,,1650.0,1998.0,824,7700,1,1
RYBAL_017,1963.07.07_Rybal_017_BKZ1_(1940-2144)_GZ1.nlgx,1963.07.07_Rybal_017_BKZ1_(1940-2144)_GZ1.jpg,1963.07.07_Rybal_017_BKZ1_(1940-2144)_GZ1.las,GZ11,GZ,,SA1,1398,1.0,GZ1,,1940.0,2144.0,824,4656,2,1
RYBAL_017,1963.07.07_Rybal_017_BKZ2_(1940-2144)_GZ2_GZ3_PS.nlgx,1963.07.07_Rybal_017_BKZ2_(1940-2144)_GZ2_GZ3_PS.jpg,1963.07.07_Rybal_017_BKZ2_(1940-2144)_GZ2_GZ3_PS.las,GZ21,GZ,,SA1,1069,1.0,GZ2,,1940.0,2144.0,824,4896,2,1
RYBAL_017,1963.07.07_Rybal_017_BKZ2_(1940-2144)_GZ2_GZ3_PS.nlgx,1963.07.07_Rybal_017_BKZ2_(1940-2144)_GZ2_GZ3_PS.jpg,1963.07.07_Rybal_017_BKZ2_(1940-2144)_GZ2_GZ3_PS.las,GZ31,GZ,,SA2,690,1.0,GZ3,,1940.0,2144.0,824,4896,1,1
RYBAL_017,1963.07.07_Rybal_017_BKZ2_(1940-2144)_GZ2_GZ3_PS.nlgx,1963.07.07_Rybal_017_BKZ2_(1940-2144)_GZ2_GZ3_PS.jpg,1963.07.07_Rybal_017_BKZ2_(1940-2144)_GZ2_GZ3_PS.las,PS1,PS,,SA3,1124,0.9813,PS,,1940.0,2144.0,824,4896,1,1
RYBAL_017,1963.07.07_Rybal_017_BKZ3_(1940-2144)_GZ4_GZ5_OGZ.nlgx,1963.07.07_Rybal_017_BKZ3_(1940-2144)_GZ4_GZ5_OGZ.jpg,1963.07.07_Rybal_017_BKZ3_(1940-2144)_GZ4_GZ5_OGZ.las,GZ41,GZ,,SA1,924,0.9989,GZ4,,1940.0,2144.0,824,4588,1,1
RYBAL_017,1963.07.07_Rybal_017_BKZ3_(1940-2144)_GZ4_GZ5_OGZ.nlgx,1963.07.07_Rybal_017_BKZ3_(1940-2144)_GZ4_GZ5_OGZ.jpg,1963.07.07_Rybal_017_BKZ3_(1940-2144)_GZ4_GZ5_OGZ.las,GZ51,GZ,,SA2,1808,1.0,GZ5,,1940.0,2144.0,824,4588,1,1
RYBAL_017,1963.07.07_Rybal_017_BKZ3_(1940-2144)_GZ4_GZ5_OGZ.nlgx,1963.07.07_Rybal_017_BKZ3_(1940-2144)_GZ4_GZ5_OGZ.jpg,1963.07.07_Rybal_017_BKZ3_(1940-2144)_GZ4_GZ5_OGZ.las,OGZ1,OGZ,,SA3,933,1.0,OGZ,,1940.0,2144.0,824,4588,1,1
RYBAL_017,1963.07.15_Rybal_017_KB_(0340-2260)_500.nlgx,1963.07.15_Rybal_017_KB_(0340-2260)_500.jpg,1963.07.15_Rybal_017_KB_(0340-2260)_500.las,DS1,DS,,SA1,2576,1.0,DS,0.9407,340.0,2260.0,824,16164,1,1
RYBAL_017,1963.07.16_Rybal_017_BKZ1_(2090-2278)_GZ1_GZ2.nlgx,1963.07.16_Rybal_017_BKZ1_(2090-2278)_GZ1_GZ2.jpg,1963.07.16_Rybal_017_BKZ1_(2090-2278)_GZ1_GZ2.las,GZ11,GZ,,SA1,706,1.0,GZ1,,2090.0,2278.0,824,4668,2,1
RYBAL_017,1963.07.16_Rybal_017_BKZ1_(2090-2278)_GZ1_GZ2.nlgx,1963.07.16_Rybal_017_BKZ1_(2090-2278)_GZ1_GZ2.jpg,1963.07.16_Rybal_017_BKZ1_(2090-2278)_GZ1_GZ2.las,GZ21,GZ,,SA2,946,0.9989,GZ2,,2090.0,2278.0,824,4668,2,1
RYBAL_017,1963.07.16_Rybal_017_BKZ2_(2090-2278)_GZ3_GZ4_PS.nlgx,1963.07.16_Rybal_017_BKZ2_(2090-2278)_GZ3_GZ4_PS.jpg,1963.07.16_Rybal_017_BKZ2_(2090-2278)_GZ3_GZ4_PS.las,GZ31,GZ,,SA1,638,1.0,GZ3,,2090.0,2278.0,824,4840,1,1
RYBAL_017,1963.07.16_Rybal_017_BKZ2_(2090-2278)_GZ3_GZ4_PS.nlgx,1963.07.16_Rybal_017_BKZ2_(2090-2278)_GZ3_GZ4_PS.jpg,1963.07.16_Rybal_017_BKZ2_(2090-2278)_GZ3_GZ4_PS.las,GZ41,GZ,,SA2,574,1.0,GZ4,,2090.0,2278.0,824,4840,1,1
RYBAL_017,1963.07.16_Rybal_017_BKZ2_(2090-2278)_GZ3_GZ4_PS.nlgx,1963.07.16_Rybal_017_BKZ2_(2090-2278)_GZ3_GZ4_PS.jpg,1963.07.16_Rybal_017_BKZ2_(2090-2278)_GZ3_GZ4_PS.las,PS1,PS,,SA3,444,0.9662,PS,,2090.0,2278.0,824,4840,1,1
RYBAL_017,1963.07.16_Rybal_017_BKZ3_(2090-2278)_GZ5_OGZ.nlgx,1963.07.16_Rybal_017_BKZ3_(2090-2278)_GZ5_OGZ.jpg,1963.07.16_Rybal_017_BKZ3_(2090-2278)_GZ5_OGZ.las,GZ51,GZ,,SA1,528,1.0,GZ5,,2090.0,2278.0,824,4588,2,1
RYBAL_017,1963.07.16_Rybal_017_BKZ3_(2090-2278)_GZ5_OGZ.nlgx,1963.07.16_Rybal_017_BKZ3_(2090-2278)_GZ5_OGZ.jpg,1963.07.16_Rybal_017_BKZ3_(2090-2278)_GZ5_OGZ.las,OGZ1,OGZ,,SA2,847,0.9988,OGZ,,2090.0,2278.0,824,4588,2,1
RYBAL_018,1964.03.11-1964.06.18_Rybal_018_ST-ZV_(0010-2330).nlgx,1964.03.11-1964.06.18_Rybal_018_ST-ZV_(0010-2330).jpg,1964.03.11-1964.06.18_Rybal_018_ST-ZV_(0010-2330).las,PZ1,PZ,,SA1,4987,0.999,PZ,0.9051,10.0,2330.0,824,19784,2,1
RYBAL_018,1964.03.11-1964.06.18_Rybal_018_ST-ZV_(0010-2330).nlgx,1964.03.11-1964.06.18_Rybal_018_ST-ZV_(0010-2330).jpg,1964.03.11-1964.06.18_Rybal_018_ST-ZV_(0010-2330).las,GZ1,GZ,,SA2,3417,0.4557,GZ,0.9103,10.0,2330.0,824,19784,3,0
RYBAL_018,1964.03.11-1964.06.18_Rybal_018_ST-ZV_(0010-2330).nlgx,1964.03.11-1964.06.18_Rybal_018_ST-ZV_(0010-2330).jpg,1964.03.11-1964.06.18_Rybal_018_ST-ZV_(0010-2330).las,PS1,PS,,SA3,4260,0.8878,PS,0.9525,10.0,2330.0,824,19784,2,0
RYBAL_018,1964.03.11_Rybal_018_KB_(0005-0300)_500.nlgx,1964.03.11_Rybal_018_KB_(0005-0300)_500.jpg,1964.03.11_Rybal_018_KB_(0005-0300)_500.las,DS1,DS,,SA1,139,1.0,DS,,0.0,300.0,824,3332,1,1
RYBAL_018,1964.04.03_Rybal_018_BKZ1_(1300-1624)_GZ1_GZ2.nlgx,1964.04.03_Rybal_018_BKZ1_(1300-1624)_GZ1_GZ2.jpg,1964.04.03_Rybal_018_BKZ1_(1300-1624)_GZ1_GZ2.las,GZ11,GZ,,SA1,1175,0.9991,GZ1,,1300.0,1624.0,824,7240,2,1
RYBAL_018,1964.04.03_Rybal_018_BKZ1_(1300-1624)_GZ1_GZ2.nlgx,1964.04.03_Rybal_018_BKZ1_(1300-1624)_GZ1_GZ2.jpg,1964.04.03_Rybal_018_BKZ1_(1300-1624)_GZ1_GZ2.las,GZ21,GZ,,SA2,1300,1.0,GZ2,,1300.0,1624.0,824,7240,3,1
RYBAL_018,1964.04.03_Rybal_018_BKZ2_(1300-1623)_GZ3_GZ4.nlgx,1964.04.03_Rybal_018_BKZ2_(1300-1623)_GZ3_GZ4.jpg,1964.04.03_Rybal_018_BKZ2_(1300-1623)_GZ3_GZ4.las,GZ31,GZ,,SA1,1253,1.0,GZ3,,1300.0,1624.0,824,7496,3,1
RYBAL_018,1964.04.03_Rybal_018_BKZ2_(1300-1623)_GZ3_GZ4.nlgx,1964.04.03_Rybal_018_BKZ2_(1300-1623)_GZ3_GZ4.jpg,1964.04.03_Rybal_018_BKZ2_(1300-1623)_GZ3_GZ4.las,GZ41,GZ,,SA2,1035,0.999,GZ4,,1300.0,1624.0,824,7496,3,1
RYBAL_018,1964.04.03_Rybal_018_BKZ2_(1300-1623)_GZ3_GZ4.nlgx,1964.04.03_Rybal_018_BKZ2_(1300-1623)_GZ3_GZ4.jpg,1964.04.03_Rybal_018_BKZ2_(1300-1623)_GZ3_GZ4.las,PS1,PS,,SA3,660,0.9773,PS,,1300.0,1624.0,824,7496,1,1
RYBAL_018,1964.04.03_Rybal_018_BKZ3_(1300-1620)_GZ5_OGZ.nlgx,1964.04.03_Rybal_018_BKZ3_(1300-1620)_GZ5_OGZ.jpg,1964.04.03_Rybal_018_BKZ3_(1300-1620)_GZ5_OGZ.las,GZ51,GZ,,SA1,4194,1.0,GZ5,,1300.0,1624.0,824,7284,2,1
RYBAL_018,1964.04.03_Rybal_018_BKZ3_(1300-1620)_GZ5_OGZ.nlgx,1964.04.03_Rybal_018_BKZ3_(1300-1620)_GZ5_OGZ.jpg,1964.04.03_Rybal_018_BKZ3_(1300-1620)_GZ5_OGZ.las,OGZ1,OGZ,,SA2,4884,1.0,OGZ,,1300.0,1624.0,824,7284,3,1
RYBAL_018,1964.05.05_Rybal_018_BKZ1_(1570-2158)_GZ1_GZ2.nlgx,1964.05.05_Rybal_018_BKZ1_(1570-2158)_GZ1_GZ2.jpg,1964.05.05_Rybal_018_BKZ1_(1570-2158)_GZ1_GZ2.las,GZ11,GZ,,SA1,1442,0.9875,GZ1,0.6111,1570.0,2158.0,824,12484,2,1
RYBAL_018,1964.05.05_Rybal_018_BKZ1_(1570-2158)_GZ1_GZ2.nlgx,1964.05.05_Rybal_018_BKZ1_(1570-2158)_GZ1_GZ2.jpg,1964.05.05_Rybal_018_BKZ1_(1570-2158)_GZ1_GZ2.las,GZ21,GZ,,SA2,1236,0.9976,GZ2,0.6118,1570.0,2158.0,824,12484,2,1
RYBAL_018,1964.05.05_Rybal_018_BKZ2_(1570-2156)_GZ3_GZ4.nlgx,1964.05.05_Rybal_018_BKZ2_(1570-2156)_GZ3_GZ4.jpg,1964.05.05_Rybal_018_BKZ2_(1570-2156)_GZ3_GZ4.las,GZ31,GZ,,SA1,920,1.0,GZ3,0.6103,1570.0,2158.0,824,12800,2,1
RYBAL_018,1964.05.05_Rybal_018_BKZ2_(1570-2156)_GZ3_GZ4.nlgx,1964.05.05_Rybal_018_BKZ2_(1570-2156)_GZ3_GZ4.jpg,1964.05.05_Rybal_018_BKZ2_(1570-2156)_GZ3_GZ4.las,GZ41,GZ,,SA2,989,1.0,GZ4,0.5677,1570.0,2158.0,824,12800,1,1
RYBAL_018,1964.05.05_Rybal_018_BKZ2_(1570-2156)_GZ3_GZ4.nlgx,1964.05.05_Rybal_018_BKZ2_(1570-2156)_GZ3_GZ4.jpg,1964.05.05_Rybal_018_BKZ2_(1570-2156)_GZ3_GZ4.las,PS1,PS,,SA3,1174,0.9736,PS,0.9724,1570.0,2158.0,824,12800,1,1
RYBAL_018,1964.05.05_Rybal_018_BKZ3_(1570-2154)_GZ5_OGZ.nlgx,1964.05.05_Rybal_018_BKZ3_(1570-2154)_GZ5_OGZ.jpg,1964.05.05_Rybal_018_BKZ3_(1570-2154)_GZ5_OGZ.las,GZ51,GZ,,SA1,750,1.0,GZ5,,1570.0,2158.0,824,12536,1,1
RYBAL_018,1964.05.05_Rybal_018_BKZ3_(1570-2154)_GZ5_OGZ.nlgx,1964.05.05_Rybal_018_BKZ3_(1570-2154)_GZ5_OGZ.jpg,1964.05.05_Rybal_018_BKZ3_(1570-2154)_GZ5_OGZ.las,OGZ1,OGZ,,SA2,6227,1.0,OGZ,,1570.0,2158.0,824,12536,1,1
RYBAL_018,1964.05.18_Rybal_018_BKZ1_(2100-2328)_GZ1_GZ2.nlgx,1964.05.18_Rybal_018_BKZ1_(2100-2328)_GZ1_GZ2.jpg,1964.05.18_Rybal_018_BKZ1_(2100-2328)_GZ1_GZ2.las,GZ11,GZ,,SA1,1163,1.0,GZ1,,2100.0,2328.0,824,5164,2,1
RYBAL_018,1964.05.18_Rybal_018_BKZ1_(2100-2328)_GZ1_GZ2.nlgx,1964.05.18_Rybal_018_BKZ1_(2100-2328)_GZ1_GZ2.jpg,1964.05.18_Rybal_018_BKZ1_(2100-2328)_GZ1_GZ2.las,GZ21,GZ,,SA2,940,1.0,GZ2,,2100.0,2328.0,824,5164,2,1
RYBAL_018,1964.05.18_Rybal_018_BKZ2_(2100-2328)_GZ3_GZ4.nlgx,1964.05.18_Rybal_018_BKZ2_(2100-2328)_GZ3_GZ4.jpg,1964.05.18_Rybal_018_BKZ2_(2100-2328)_GZ3_GZ4.las,GZ31,GZ,,SA1,780,0.9987,GZ3,,2100.0,2328.0,824,5552,1,1
RYBAL_018,1964.05.18_Rybal_018_BKZ2_(2100-2328)_GZ3_GZ4.nlgx,1964.05.18_Rybal_018_BKZ2_(2100-2328)_GZ3_GZ4.jpg,1964.05.18_Rybal_018_BKZ2_(2100-2328)_GZ3_GZ4.las,GZ41,GZ,,SA2,657,1.0,GZ4,,2100.0,2328.0,824,5552,1,1
RYBAL_018,1964.05.18_Rybal_018_BKZ2_(2100-2328)_GZ3_GZ4.nlgx,1964.05.18_Rybal_018_BKZ2_(2100-2328)_GZ3_GZ4.jpg,1964.05.18_Rybal_018_BKZ2_(2100-2328)_GZ3_GZ4.las,PS1,PS,,SA3,538,0.9721,PS,,2100.0,2328.0,824,5552,1,1
RYBAL_018,1964.05.18_Rybal_018_BKZ3_(2100-2328)_GZ5_OGZ.nlgx,1964.05.18_Rybal_018_BKZ3_(2100-2328)_GZ5_OGZ.jpg,1964.05.18_Rybal_018_BKZ3_(2100-2328)_GZ5_OGZ.las,GZ51,GZ,,SA1,922,1.0,GZ5,0.6685,2100.0,2324.0,824,4932,2,1
RYBAL_018,1964.05.18_Rybal_018_BKZ3_(2100-2328)_GZ5_OGZ.nlgx,1964.05.18_Rybal_018_BKZ3_(2100-2328)_GZ5_OGZ.jpg,1964.05.18_Rybal_018_BKZ3_(2100-2328)_GZ5_OGZ.las,OGZ1,OGZ,,SA2,793,1.0,OGZ,0.7362,2100.0,2324.0,824,4932,1,1
RYBAL_018,1964.05.19_Rybal_018_KB_(0300-2320)_500.nlgx,1964.05.19_Rybal_018_KB_(0300-2320)_500.jpg,1964.05.19_Rybal_018_KB_(0300-2320)_500.las,DS1,DS,,SA1,1078,1.0,DS,,2100.0,2332.0,824,17096,1,1
RYBAL_018,1964.05.19_Rybal_018_KB_(0300-2320)_500.nlgx,1964.05.19_Rybal_018_KB_(0300-2320)_500.jpg,1964.05.19_Rybal_018_KB_(0300-2320)_500.las,DS11,DS,,SA1,292,1.0,DS1,,2100.0,2332.0,824,17096,1,1
RYBAL_018,1964.05.21_Rybal_018_GK_NGK_(0005-2335)_500.nlgx,1964.05.21_Rybal_018_GK_NGK_(0005-2335)_500.jpg,1964.05.21_Rybal_018_GK_NGK_(0005-2335)_500.las,GK1,GK,,SA1,3304,0.9979,GK,0.9418,0.0,2340.0,824,20660,1,1
RYBAL_018,1964.05.21_Rybal_018_GK_NGK_(0005-2335)_500.nlgx,1964.05.21_Rybal_018_GK_NGK_(0005-2335)_500.jpg,1964.05.21_Rybal_018_GK_NGK_(0005-2335)_500.las,NGK1,NGK,,SA2,3281,0.9875,NGK,0.9938,0.0,2340.0,824,20660,2,1
RYBAL_019,1964.09.04-1964.10.18_Rybal_019_ST_ZV_(0325-2352).nlgx,1964.09.04-1964.10.18_Rybal_019_ST_ZV_(0325-2352).jpg,1964.09.04-1964.10.18_Rybal_019_ST_ZV_(0325-2352).las,PZ1,PZ,,SA1,2697,0.9996,PZ,0.9297,320.0,2350.0,824,19028,2,1
RYBAL_019,1964.09.04-1964.10.18_Rybal_019_ST_ZV_(0325-2352).nlgx,1964.09.04-1964.10.18_Rybal_019_ST_ZV_(0325-2352).jpg,1964.09.04-1964.10.18_Rybal_019_ST_ZV_(0325-2352).las,GZ1,GZ,,SA2,3724,0.7309,GZ,0.9411,320.0,2350.0,824,19028,3,0
RYBAL_019,1964.09.04-1964.10.18_Rybal_019_ST_ZV_(0325-2352).nlgx,1964.09.04-1964.10.18_Rybal_019_ST_ZV_(0325-2352).jpg,1964.09.04-1964.10.18_Rybal_019_ST_ZV_(0325-2352).las,PS1,PS,,SA3,2124,0.9868,PS,0.9849,320.0,2350.0,824,19028,2,1
RYBAL_019,1964.09.16_Rybal_019_BKZ1_(1300-1612)_GZ1_GZ2.nlgx,1964.09.16_Rybal_019_BKZ1_(1300-1612)_GZ1_GZ2.jpg,1964.09.16_Rybal_019_BKZ1_(1300-1612)_GZ1_GZ2.las,GZ11,GZ,,SA1,1093,1.0,GZ1,0.7357,1300.0,1614.4,824,7028,2,1
RYBAL_019,1964.09.16_Rybal_019_BKZ1_(1300-1612)_GZ1_GZ2.nlgx,1964.09.16_Rybal_019_BKZ1_(1300-1612)_GZ1_GZ2.jpg,1964.09.16_Rybal_019_BKZ1_(1300-1612)_GZ1_GZ2.las,GZ21,GZ,,SA2,1086,1.0,GZ2,0.7646,1300.0,1614.4,824,7028,2,1
RYBAL_019,1964.09.16_Rybal_019_BKZ2_(1300-1612)_GZ3_GZ4.nlgx,1964.09.16_Rybal_019_BKZ2_(1300-1612)_GZ3_GZ4.jpg,1964.09.16_Rybal_019_BKZ2_(1300-1612)_GZ3_GZ4.las,GZ31,GZ,,SA1,1439,1.0,GZ3,,1300.0,1612.0,824,7088,4,1
RYBAL_019,1964.09.16_Rybal_019_BKZ2_(1300-1612)_GZ3_GZ4.nlgx,1964.09.16_Rybal_019_BKZ2_(1300-1612)_GZ3_GZ4.jpg,1964.09.16_Rybal_019_BKZ2_(1300-1612)_GZ3_GZ4.las,GZ41,GZ,,SA2,1405,0.9993,GZ4,,1300.0,1612.0,824,7088,4,1
RYBAL_019,1964.09.16_Rybal_019_BKZ2_(1300-1612)_GZ3_GZ4.nlgx,1964.09.16_Rybal_019_BKZ2_(1300-1612)_GZ3_GZ4.jpg,1964.09.16_Rybal_019_BKZ2_(1300-1612)_GZ3_GZ4.las,PS1,PS,,SA3,972,0.9928,PS,,1300.0,1612.0,824,7088,1,1
RYBAL_019,1964.09.16_Rybal_019_BKZ3_(1300-1612)_GZ5_OGZ.nlgx,1964.09.16_Rybal_019_BKZ3_(1300-1612)_GZ5_OGZ.jpg,1964.09.16_Rybal_019_BKZ3_(1300-1612)_GZ5_OGZ.las,GZ51,GZ,,SA1,931,1.0,GZ5,0.6946,1300.0,1612.0,824,7100,2,1
RYBAL_019,1964.09.16_Rybal_019_BKZ3_(1300-1612)_GZ5_OGZ.nlgx,1964.09.16_Rybal_019_BKZ3_(1300-1612)_GZ5_OGZ.jpg,1964.09.16_Rybal_019_BKZ3_(1300-1612)_GZ5_OGZ.las,OGZ1,OGZ,,SA2,1170,1.0,OGZ,0.9375,1300.0,1612.0,824,7100,3,1
RYBAL_019,1964.10.03_Rybal_019_BKZ1_(1554-2014)_GZ1_GZ2.nlgx,1964.10.03_Rybal_019_BKZ1_(1554-2014)_GZ1_GZ2.jpg,1964.10.03_Rybal_019_BKZ1_(1554-2014)_GZ1_GZ2.las,GZ11,GZ,,SA1,2518,1.0,GZ1,,1554.0,2013.2,824,9500,2,1
RYBAL_019,1964.10.03_Rybal_019_BKZ1_(1554-2014)_GZ1_GZ2.nlgx,1964.10.03_Rybal_019_BKZ1_(1554-2014)_GZ1_GZ2.jpg,1964.10.03_Rybal_019_BKZ1_(1554-2014)_GZ1_GZ2.las,GZ21,GZ,,SA2,2186,1.0,GZ2,,1554.0,2013.2,824,9500,2,1
RYBAL_019,1964.10.03_Rybal_019_BKZ2_(1554-2012)_GZ3_GZ4_GZ5_OGZ.nlgx,1964.10.03_Rybal_019_BKZ2_(1554-2012)_GZ3_GZ4_GZ5_OGZ.jpg,1964.10.03_Rybal_019_BKZ2_(1554-2012)_GZ3_GZ4_GZ5_OGZ.las,GZ31,GZ,,SA1,1628,1.0,GZ3,,1554.0,2012.4,824,10116,1,1
RYBAL_019,1964.10.03_Rybal_019_BKZ2_(1554-2012)_GZ3_GZ4_GZ5_OGZ.nlgx,1964.10.03_Rybal_019_BKZ2_(1554-2012)_GZ3_GZ4_GZ5_OGZ.jpg,1964.10.03_Rybal_019_BKZ2_(1554-2012)_GZ3_GZ4_GZ5_OGZ.las,GZ41,GZ,,SA2,1328,1.0,GZ4,,1554.0,2012.4,824,10116,1,1
RYBAL_019,1964.10.03_Rybal_019_BKZ2_(1554-2012)_GZ3_GZ4_GZ5_OGZ.nlgx,1964.10.03_Rybal_019_BKZ2_(1554-2012)_GZ3_GZ4_GZ5_OGZ.jpg,1964.10.03_Rybal_019_BKZ2_(1554-2012)_GZ3_GZ4_GZ5_OGZ.las,GZ51,GZ,,SA3,1058,1.0,GZ5,,1554.0,2012.4,824,10116,1,1
RYBAL_019,1964.10.03_Rybal_019_BKZ2_(1554-2012)_GZ3_GZ4_GZ5_OGZ.nlgx,1964.10.03_Rybal_019_BKZ2_(1554-2012)_GZ3_GZ4_GZ5_OGZ.jpg,1964.10.03_Rybal_019_BKZ2_(1554-2012)_GZ3_GZ4_GZ5_OGZ.las,OGZ1,OGZ,,SA4,1483,1.0,OGZ,,1554.0,2012.4,824,10116,1,1
RYBAL_019,1964.10.03_Rybal_019_BKZ2_(1554-2012)_GZ3_GZ4_GZ5_OGZ.nlgx,1964.10.03_Rybal_019_BKZ2_(1554-2012)_GZ3_GZ4_GZ5_OGZ.jpg,1964.10.03_Rybal_019_BKZ2_(1554-2012)_GZ3_GZ4_GZ5_OGZ.las,PS1,PS,,SA5,1285,0.9813,PS,,1554.0,2012.4,824,10116,1,1
RYBAL_019,1964.10.17_Rybal_019_GK_NGK_(0005-2360)_500.nlgx,1964.10.17_Rybal_019_GK_NGK_(0005-2360)_500.jpg,1964.10.17_Rybal_019_GK_NGK_(0005-2360)_500.las,GK1,GK,,SA1,7286,0.9995,GK,,6.0,2358.0,824,19764,1,1
RYBAL_019,1964.10.17_Rybal_019_GK_NGK_(0005-2360)_500.nlgx,1964.10.17_Rybal_019_GK_NGK_(0005-2360)_500.jpg,1964.10.17_Rybal_019_GK_NGK_(0005-2360)_500.las,NGK1,NGK,,SA2,8629,0.9997,NGK,,6.0,2358.0,824,19764,2,1
RYBAL_019,1964.10.18_Rybal_019_BKZ1_(1950-2350)_GZ1_GZ2.nlgx,1964.10.18_Rybal_019_BKZ1_(1950-2350)_GZ1_GZ2.jpg,1964.10.18_Rybal_019_BKZ1_(1950-2350)_GZ1_GZ2.las,GZ11,GZ,,SA1,1762,1.0,GZ1,0.7236,1950.0,2351.6,824,8600,2,1
RYBAL_019,1964.10.18_Rybal_019_BKZ1_(1950-2350)_GZ1_GZ2.nlgx,1964.10.18_Rybal_019_BKZ1_(1950-2350)_GZ1_GZ2.jpg,1964.10.18_Rybal_019_BKZ1_(1950-2350)_GZ1_GZ2.las,GZ21,GZ,,SA2,1836,1.0,GZ2,0.7144,1950.0,2351.6,824,8600,2,1
RYBAL_019,1964.10.18_Rybal_019_BKZ2_(1950-2350)_GZ3_GZ4_GZ5.nlgx,1964.10.18_Rybal_019_BKZ2_(1950-2350)_GZ3_GZ4_GZ5.jpg,1964.10.18_Rybal_019_BKZ2_(1950-2350)_GZ3_GZ4_GZ5.las,GZ31,GZ,,SA1,1122,1.0,GZ3,0.4796,1950.0,2351.2,824,8988,1,1
RYBAL_019,1964.10.18_Rybal_019_BKZ2_(1950-2350)_GZ3_GZ4_GZ5.nlgx,1964.10.18_Rybal_019_BKZ2_(1950-2350)_GZ3_GZ4_GZ5.jpg,1964.10.18_Rybal_019_BKZ2_(1950-2350)_GZ3_GZ4_GZ5.las,GZ41,GZ,,SA2,1001,1.0,GZ4,0.4421,1950.0,2351.2,824,8988,1,1
RYBAL_019,1964.10.18_Rybal_019_BKZ2_(1950-2350)_GZ3_GZ4_GZ5.nlgx,1964.10.18_Rybal_019_BKZ2_(1950-2350)_GZ3_GZ4_GZ5.jpg,1964.10.18_Rybal_019_BKZ2_(1950-2350)_GZ3_GZ4_GZ5.las,GZ51,GZ,,SA3,932,1.0,GZ5,0.4842,1950.0,2351.2,824,8988,2,1
RYBAL_019,1964.10.18_Rybal_019_BKZ2_(1950-2350)_GZ3_GZ4_GZ5.nlgx,1964.10.18_Rybal_019_BKZ2_(1950-2350)_GZ3_GZ4_GZ5.jpg,1964.10.18_Rybal_019_BKZ2_(1950-2350)_GZ3_GZ4_GZ5.las,PS1,PS,,SA4,1328,0.994,PS,0.8929,1950.0,2351.2,824,8988,1,1
RYBAL_019,1964.10.18_Rybal_019_BKZ3_(1950-2346)_OGZ.nlgx,1964.10.18_Rybal_019_BKZ3_(1950-2346)_OGZ.jpg,1964.10.18_Rybal_019_BKZ3_(1950-2346)_OGZ.las,OGZ1,OGZ,,SA1,1068,1.0,OGZ,0.5418,1950.0,2346.0,824,8436,2,1
RYBAL_019,1964.10.18_Rybal_019_KB_(0290-2300)_500.nlgx,1964.10.18_Rybal_019_KB_(0290-2300)_500.jpg,1964.10.18_Rybal_019_KB_(0290-2300)_500.las,DS1,DS,,SA1,1690,1.0,DS,,290.0,2296.0,824,17076,1,1
RYBAL_045,1973.08.02_Rybal_045_KB_(0000-0350)_500.nlgx,1973.08.02_Rybal_045_KB_(0000-0350)_500.jpg,1973.08.02_Rybal_045_KB_(0000-0350)_500.las,DS1,DS,,SA1,552,0.9946,DS,0.926,0.0,370.0,824,3948,1,1
RYBAL_045,1973.12.05_Rybal_045_BKZ2_(3100-3360)_GZ5_OGZ.nlgx,1973.12.05_Rybal_045_BKZ2_(3100-3360)_GZ5_OGZ.jpg,1973.12.05_Rybal_045_BKZ2_(3100-3360)_GZ5_OGZ.las,GZ51,GZ,,SA1,410,1.0,GZ5,,3100.0,3360.0,824,5848,2,1
RYBAL_045,1973.12.05_Rybal_045_BKZ2_(3100-3360)_GZ5_OGZ.nlgx,1973.12.05_Rybal_045_BKZ2_(3100-3360)_GZ5_OGZ.jpg,1973.12.05_Rybal_045_BKZ2_(3100-3360)_GZ5_OGZ.las,OGZ1,OGZ,,SA2,661,0.9818,OGZ,,3100.0,3360.0,824,5848,2,1
RYBAL_045,1973.12.05_Rybal_045_BKZ2_(3100-3360)_GZ5_OGZ.nlgx,1973.12.05_Rybal_045_BKZ2_(3100-3360)_GZ5_OGZ.jpg,1973.12.05_Rybal_045_BKZ2_(3100-3360)_GZ5_OGZ.las,DS1,DS,,SA3,429,0.9953,DS,,3100.0,3360.0,824,5848,1,1
RYBAL_045,1973.12.09_Rybal_045_BK_(3100-3365)_500.nlgx,1973.12.09_Rybal_045_BK_(3100-3365)_500.jpg,1973.12.09_Rybal_045_BK_(3100-3365)_500.las,BK1,BK,,SA1,1056,0.9991,BK,,3100.0,3360.0,824,6484,3,1
RYBAL_045,1973.12.09_Rybal_045_BKZ1_(3100-3360)_GZ1_GZ2_GZ3_GZ4.nlgx,1973.12.09_Rybal_045_BKZ1_(3100-3360)_GZ1_GZ2_GZ3_GZ4.jpg,1973.12.09_Rybal_045_BKZ1_(3100-3360)_GZ1_GZ2_GZ3_GZ4.las,GZ11,GZ,,SA1,1458,0.9959,GZ1,,3100.0,3360.0,824,6364,2,1
RYBAL_045,1973.12.09_Rybal_045_BKZ1_(3100-3360)_GZ1_GZ2_GZ3_GZ4.nlgx,1973.12.09_Rybal_045_BKZ1_(3100-3360)_GZ1_GZ2_GZ3_GZ4.jpg,1973.12.09_Rybal_045_BKZ1_(3100-3360)_GZ1_GZ2_GZ3_GZ4.las,GZ21,GZ,,SA2,1278,0.9898,GZ2,,3100.0,3360.0,824,6364,2,1
RYBAL_045,1973.12.09_Rybal_045_BKZ1_(3100-3360)_GZ1_GZ2_GZ3_GZ4.nlgx,1973.12.09_Rybal_045_BKZ1_(3100-3360)_GZ1_GZ2_GZ3_GZ4.jpg,1973.12.09_Rybal_045_BKZ1_(3100-3360)_GZ1_GZ2_GZ3_GZ4.las,GZ31,GZ,,SA3,709,1.0,GZ3,,3100.0,3360.0,824,6364,2,1
RYBAL_045,1973.12.09_Rybal_045_BKZ1_(3100-3360)_GZ1_GZ2_GZ3_GZ4.nlgx,1973.12.09_Rybal_045_BKZ1_(3100-3360)_GZ1_GZ2_GZ3_GZ4.jpg,1973.12.09_Rybal_045_BKZ1_(3100-3360)_GZ1_GZ2_GZ3_GZ4.las,GZ41,GZ,,SA4,577,0.9827,GZ4,,3100.0,3360.0,824,6364,2,1
RYBAL_045,1973.12.09_Rybal_045_BKZ1_(3100-3360)_GZ1_GZ2_GZ3_GZ4.nlgx,1973.12.09_Rybal_045_BKZ1_(3100-3360)_GZ1_GZ2_GZ3_GZ4.jpg,1973.12.09_Rybal_045_BKZ1_(3100-3360)_GZ1_GZ2_GZ3_GZ4.las,PS1,PS,,SA5,519,0.9981,PS,,3100.0,3360.0,824,6364,1,1
RYBAL_045,1973.12.09_Rybal_045_GK_NGK_(0000-3360)_500.nlgx,1973.12.09_Rybal_045_GK_NGK_(0000-3360)_500.jpg,1973.12.09_Rybal_045_GK_NGK_(0000-3360)_500.las,GK1,GK,,SA1,7455,0.9909,GK,0.8072,0.0,3360.0,824,27940,1,1
RYBAL_045,1973.12.09_Rybal_045_GK_NGK_(0000-3360)_500.nlgx,1973.12.09_Rybal_045_GK_NGK_(0000-3360)_500.jpg,1973.12.09_Rybal_045_GK_NGK_(0000-3360)_500.las,NGK1,NGK,,SA2,7295,0.9933,NGK,0.7619,0.0,3360.0,824,27940,1,1
RYBAL_045,1973.12.09_Rybal_045_MBK_KB_(3100-3365).nlgx,1973.12.09_Rybal_045_MBK_KB_(3100-3365).jpg,1973.12.09_Rybal_045_MBK_KB_(3100-3365).las,MBK1,MBK,,SA1,1625,0.9963,MBK,,3100.0,3368.0,824,6444,2,1
RYBAL_045,1973.12.09_Rybal_045_MBK_KB_(3100-3365).nlgx,1973.12.09_Rybal_045_MBK_KB_(3100-3365).jpg,1973.12.09_Rybal_045_MBK_KB_(3100-3365).las,DS1,DS,,SA1,989,0.998,DS,,3100.0,3368.0,824,6444,1,1
RYBAL_045,1973.12.14_Rybal_045_IK_(3100-3340)_200.nlgx,1973.12.14_Rybal_045_IK_(3100-3340)_200.jpg,1973.12.14_Rybal_045_IK_(3100-3340)_200.las,IK1,IK,,SA1,503,1.0,IK,0.7739,3100.0,3336.0,824,5720,2,1
RYBAL_045,1973.12.15_Rybal_045_AK_(0300-3250).nlgx,1973.12.15_Rybal_045_AK_(0300-3250).jpg,1973.12.15_Rybal_045_AK_(0300-3250).las,DT1,DT,,SA1,5628,0.9968,DT,0.9232,460.0,3250.0,824,23532,1,1
RYBAL_045,1974.02.26_Rybal_045_BK_(3310-3550)_200.nlgx,1974.02.26_Rybal_045_BK_(3310-3550)_200.jpg,1974.02.26_Rybal_045_BK_(3310-3550)_200.las,BK1,BK,,SA1,1104,0.9964,BK,,3310.0,3550.0,824,6016,2,1
RYBAL_045,1974.02.26_Rybal_045_BKZ1_(3310-3550)_GZ1_GZ2_GZ3_GZ4.nlgx,1974.02.26_Rybal_045_BKZ1_(3310-3550)_GZ1_GZ2_GZ3_GZ4.jpg,1974.02.26_Rybal_045_BKZ1_(3310-3550)_GZ1_GZ2_GZ3_GZ4.las,GZ11,GZ,,SA1,675,1.0,GZ1,,3310.0,3550.0,824,5940,1,1
RYBAL_045,1974.02.26_Rybal_045_BKZ1_(3310-3550)_GZ1_GZ2_GZ3_GZ4.nlgx,1974.02.26_Rybal_045_BKZ1_(3310-3550)_GZ1_GZ2_GZ3_GZ4.jpg,1974.02.26_Rybal_045_BKZ1_(3310-3550)_GZ1_GZ2_GZ3_GZ4.las,GZ21,GZ,,SA2,1233,0.9927,GZ2,,3310.0,3550.0,824,5940,2,1
RYBAL_045,1974.02.26_Rybal_045_BKZ1_(3310-3550)_GZ1_GZ2_GZ3_GZ4.nlgx,1974.02.26_Rybal_045_BKZ1_(3310-3550)_GZ1_GZ2_GZ3_GZ4.jpg,1974.02.26_Rybal_045_BKZ1_(3310-3550)_GZ1_GZ2_GZ3_GZ4.las,GZ31,GZ,,SA3,1424,0.9993,GZ3,,3310.0,3550.0,824,5940,2,1
RYBAL_045,1974.02.26_Rybal_045_BKZ1_(3310-3550)_GZ1_GZ2_GZ3_GZ4.nlgx,1974.02.26_Rybal_045_BKZ1_(3310-3550)_GZ1_GZ2_GZ3_GZ4.jpg,1974.02.26_Rybal_045_BKZ1_(3310-3550)_GZ1_GZ2_GZ3_GZ4.las,GZ41,GZ,,SA4,1610,0.9739,GZ4,,3310.0,3550.0,824,5940,2,1
RYBAL_045,1974.02.26_Rybal_045_BKZ1_(3310-3550)_GZ1_GZ2_GZ3_GZ4.nlgx,1974.02.26_Rybal_045_BKZ1_(3310-3550)_GZ1_GZ2_GZ3_GZ4.jpg,1974.02.26_Rybal_045_BKZ1_(3310-3550)_GZ1_GZ2_GZ3_GZ4.las,SP1,SP,,SA5,338,0.9911,SP,,3310.0,3550.0,824,5940,1,1
RYBAL_045,1974.02.26_Rybal_045_BKZ2_(3310-3540)_GZ5_OGZ.nlgx,1974.02.26_Rybal_045_BKZ2_(3310-3540)_GZ5_OGZ.jpg,1974.02.26_Rybal_045_BKZ2_(3310-3540)_GZ5_OGZ.las,GZ51,GZ,,SA1,547,1.0,GZ5,,3310.0,3540.0,824,5312,2,1
RYBAL_045,1974.02.26_Rybal_045_BKZ2_(3310-3540)_GZ5_OGZ.nlgx,1974.02.26_Rybal_045_BKZ2_(3310-3540)_GZ5_OGZ.jpg,1974.02.26_Rybal_045_BKZ2_(3310-3540)_GZ5_OGZ.las,OGZ1,OGZ,,SA2,642,0.9782,OGZ,,3310.0,3540.0,824,5312,2,1
RYBAL_045,1974.02.26_Rybal_045_BKZ2_(3310-3540)_GZ5_OGZ.nlgx,1974.02.26_Rybal_045_BKZ2_(3310-3540)_GZ5_OGZ.jpg,1974.02.26_Rybal_045_BKZ2_(3310-3540)_GZ5_OGZ.las,DS1,DS,,SA3,548,1.0,DS,,3310.0,3540.0,824,5312,1,1
RYBAL_045,1974.04.04_Rybal_045_BK_(3500-3747)_500.nlgx,1974.04.04_Rybal_045_BK_(3500-3747)_500.jpg,1974.04.04_Rybal_045_BK_(3500-3747)_500.las,BK1,BK,,SA1,1708,0.9982,BK,,3500.0,3740.0,824,6040,4,1
RYBAL_045,1974.04.04_Rybal_045_BKZ1_(3500-3742)_GZ1_GZ2_GZ3_GZ4.nlgx,1974.04.04_Rybal_045_BKZ1_(3500-3742)_GZ1_GZ2_GZ3_GZ4.jpg,1974.04.04_Rybal_045_BKZ1_(3500-3742)_GZ1_GZ2_GZ3_GZ4.las,GZ11,GZ,,SA1,762,0.9974,GZ1,,3500.0,3740.0,824,5680,1,1
RYBAL_045,1974.04.04_Rybal_045_BKZ1_(3500-3742)_GZ1_GZ2_GZ3_GZ4.nlgx,1974.04.04_Rybal_045_BKZ1_(3500-3742)_GZ1_GZ2_GZ3_GZ4.jpg,1974.04.04_Rybal_045_BKZ1_(3500-3742)_GZ1_GZ2_GZ3_GZ4.las,GZ21,GZ,,SA2,769,0.9935,GZ2,,3500.0,3740.0,824,5680,2,1
RYBAL_045,1974.04.04_Rybal_045_BKZ1_(3500-3742)_GZ1_GZ2_GZ3_GZ4.nlgx,1974.04.04_Rybal_045_BKZ1_(3500-3742)_GZ1_GZ2_GZ3_GZ4.jpg,1974.04.04_Rybal_045_BKZ1_(3500-3742)_GZ1_GZ2_GZ3_GZ4.las,GZ31,GZ,,SA3,695,1.0,GZ3,,3500.0,3740.0,824,5680,3,1
RYBAL_045,1974.04.04_Rybal_045_BKZ1_(3500-3742)_GZ1_GZ2_GZ3_GZ4.nlgx,1974.04.04_Rybal_045_BKZ1_(3500-3742)_GZ1_GZ2_GZ3_GZ4.jpg,1974.04.04_Rybal_045_BKZ1_(3500-3742)_GZ1_GZ2_GZ3_GZ4.las,GZ41,GZ,,SA4,493,0.9919,GZ4,,3500.0,3740.0,824,5680,3,1
RYBAL_045,1974.04.04_Rybal_045_BKZ1_(3500-3742)_GZ1_GZ2_GZ3_GZ4.nlgx,1974.04.04_Rybal_045_BKZ1_(3500-3742)_GZ1_GZ2_GZ3_GZ4.jpg,1974.04.04_Rybal_045_BKZ1_(3500-3742)_GZ1_GZ2_GZ3_GZ4.las,PS1,PS,,SA5,185,1.0,PS,,3500.0,3740.0,824,5680,1,1
RYBAL_045,1974.04.04_Rybal_045_BKZ2_(3500-3742)_GZ5_OGZ.nlgx,1974.04.04_Rybal_045_BKZ2_(3500-3742)_GZ5_OGZ.jpg,1974.04.04_Rybal_045_BKZ2_(3500-3742)_GZ5_OGZ.las,GZ51,GZ,,SA1,562,0.9964,GZ5,,3500.0,3740.0,824,5668,2,1
RYBAL_045,1974.04.04_Rybal_045_BKZ2_(3500-3742)_GZ5_OGZ.nlgx,1974.04.04_Rybal_045_BKZ2_(3500-3742)_GZ5_OGZ.jpg,1974.04.04_Rybal_045_BKZ2_(3500-3742)_GZ5_OGZ.las,OGZ1,OGZ,,SA2,603,0.9751,OGZ,,3500.0,3740.0,824,5668,3,1
RYBAL_045,1974.04.04_Rybal_045_BKZ2_(3500-3742)_GZ5_OGZ.nlgx,1974.04.04_Rybal_045_BKZ2_(3500-3742)_GZ5_OGZ.jpg,1974.04.04_Rybal_045_BKZ2_(3500-3742)_GZ5_OGZ.las,DS1,DS,,SA3,572,0.993,DS,,3500.0,3740.0,824,5668,1,1
RYBAL_045,1974.04.26_Rybal_045_BK_(3690-3867)_200.nlgx,1974.04.26_Rybal_045_BK_(3690-3867)_200.jpg,1974.04.26_Rybal_045_BK_(3690-3867)_200.las,BK1,BK,,SA1,834,0.9616,BK,,3690.0,3860.0,824,4736,4,1
RYBAL_045,1974.05.14_Rybal_045_BKZ1_BKZ2_(3810-3960)_GZ1_GZ2_GZ3_GZ4.nlgx,1974.05.14_Rybal_045_BKZ1_BKZ2_(3810-3960)_GZ1_GZ2_GZ3_GZ4.jpg,1974.05.14_Rybal_045_BKZ1_BKZ2_(3810-3960)_GZ1_GZ2_GZ3_GZ4.las,GZ11,GZ,,SA1,478,0.9874,GZ1,,3810.0,3960.0,824,3904,1,1
RYBAL_045,1974.05.14_Rybal_045_BKZ1_BKZ2_(3810-3960)_GZ1_GZ2_GZ3_GZ4.nlgx,1974.05.14_Rybal_045_BKZ1_BKZ2_(3810-3960)_GZ1_GZ2_GZ3_GZ4.jpg,1974.05.14_Rybal_045_BKZ1_BKZ2_(3810-3960)_GZ1_GZ2_GZ3_GZ4.las,GZ21,GZ,,SA2,940,0.8596,GZ2,,3810.0,3960.0,824,3904,2,0
RYBAL_045,1974.05.14_Rybal_045_BKZ1_BKZ2_(3810-3960)_GZ1_GZ2_GZ3_GZ4.nlgx,1974.05.14_Rybal_045_BKZ1_BKZ2_(3810-3960)_GZ1_GZ2_GZ3_GZ4.jpg,1974.05.14_Rybal_045_BKZ1_BKZ2_(3810-3960)_GZ1_GZ2_GZ3_GZ4.las,GZ31,GZ,,SA3,987,0.9919,GZ3,,3810.0,3960.0,824,3904,3,1
RYBAL_045,1974.05.14_Rybal_045_BKZ1_BKZ2_(3810-3960)_GZ1_GZ2_GZ3_GZ4.nlgx,1974.05.14_Rybal_045_BKZ1_BKZ2_(3810-3960)_GZ1_GZ2_GZ3_GZ4.jpg,1974.05.14_Rybal_045_BKZ1_BKZ2_(3810-3960)_GZ1_GZ2_GZ3_GZ4.las,GZ41,GZ,,SA4,924,0.8896,GZ4,,3810.0,3960.0,824,3904,4,0
RYBAL_045,1974.05.14_Rybal_045_BKZ1_BKZ2_(3810-3960)_GZ1_GZ2_GZ3_GZ4.nlgx,1974.05.14_Rybal_045_BKZ1_BKZ2_(3810-3960)_GZ1_GZ2_GZ3_GZ4.jpg,1974.05.14_Rybal_045_BKZ1_BKZ2_(3810-3960)_GZ1_GZ2_GZ3_GZ4.las,PS1,PS,,SA5,101,0.9901,PS,,3810.0,3960.0,824,3904,1,1
RYBAL_045,1974.05.14_Rybal_045_BKZ2_(3810-3960)_GZ5_OGZ.nlgx,1974.05.14_Rybal_045_BKZ2_(3810-3960)_GZ5_OGZ.jpg,1974.05.14_Rybal_045_BKZ2_(3810-3960)_GZ5_OGZ.las,GZ51,GZ,,SA1,403,0.9578,GZ5,,3810.0,3960.0,824,3968,3,1
RYBAL_045,1974.05.14_Rybal_045_BKZ2_(3810-3960)_GZ5_OGZ.nlgx,1974.05.14_Rybal_045_BKZ2_(3810-3960)_GZ5_OGZ.jpg,1974.05.14_Rybal_045_BKZ2_(3810-3960)_GZ5_OGZ.las,OGZ1,OGZ,,SA2,349,0.9828,OGZ,,3810.0,3960.0,824,3968,3,1
RYBAL_045,1974.05.24_Rybal_045_BK_(3820-3955)_500.nlgx,1974.05.24_Rybal_045_BK_(3820-3955)_500.jpg,1974.05.24_Rybal_045_BK_(3820-3955)_500.las,BK1,BK,,SA1,923,0.9697,BK,,3820.0,3960.0,824,4160,4,1
RYBAL_045,1974.05.26_Rybal_045_GK_NGK_(3300-3970)_500.nlgx,1974.05.26_Rybal_045_GK_NGK_(3300-3970)_500.jpg,1974.05.26_Rybal_045_GK_NGK_(3300-3970)_500.las,GK1,GK,,SA1,3044,0.9855,GK,0.9649,3300.0,3968.0,824,14364,1,1
RYBAL_045,1974.05.26_Rybal_045_GK_NGK_(3300-3970)_500.nlgx,1974.05.26_Rybal_045_GK_NGK_(3300-3970)_500.jpg,1974.05.26_Rybal_045_GK_NGK_(3300-3970)_500.las,NGK1,NGK,,SA2,3309,0.9994,NGK,0.9665,3300.0,3968.0,824,14364,2,1
RYBAL_045,1974.05.27_Rybal_045_IK_(3280-3970)_500.nlgx,1974.05.27_Rybal_045_IK_(3280-3970)_500.jpg,1974.05.27_Rybal_045_IK_(3280-3970)_500.las,IK1,IK,,SA1,2928,0.998,IK,0.6066,3280.0,3970.0,824,14896,2,1
RYBAL_045,1974.05.27_Rybal_045_KB_(3160-3970)_500.nlgx,1974.05.27_Rybal_045_KB_(3160-3970)_500.jpg,1974.05.27_Rybal_045_KB_(3160-3970)_500.las,DS1,DS,,SA1,1475,1.0,DS,0.9127,3160.0,3960.0,824,7532,1,1
RYBAL_045,1974.05.28_Rybal_045_AK_(3200-3968).nlgx,1974.05.28_Rybal_045_AK_(3200-3968).jpg,1974.05.28_Rybal_045_AK_(3200-3968).las,DT1,DT,,SA1,3949,0.9929,DT,0.5852,3220.0,3970.0,824,16376,1,1
RYBAL_045,1974.05.28_Rybal_045_MBK_(3300-3970).nlgx,1974.05.28_Rybal_045_MBK_(3300-3970).jpg,1974.05.28_Rybal_045_MBK_(3300-3970).las,MBK1,MBK,,SA1,3189,0.9937,MBK,0.6779,3300.0,3972.0,824,14432,2,1
RYBAL_045,1974.05.28_Rybal_045_MBK_(3300-3970).nlgx,1974.05.28_Rybal_045_MBK_(3300-3970).jpg,1974.05.28_Rybal_045_MBK_(3300-3970).las,DS1,DS,,SA2,3409,1.0,DS,0.8109,3300.0,3972.0,824,14432,1,1
RYBAL_045,Rybal_045_ST_ZV_(0010-3960).nlgx,Rybal_045_ST_ZV_(0010-3960).jpg,Rybal_045_ST_ZV_(0010-3960).las,PZ1,PZ,,SA1,6867,0.9993,PZ,0.969,10.0,3960.0,1260,48691,3,1
RYBAL_045,Rybal_045_ST_ZV_(0010-3960).nlgx,Rybal_045_ST_ZV_(0010-3960).jpg,Rybal_045_ST_ZV_(0010-3960).las,GZ1,GZ,,SA2,6064,0.9952,GZ,0.9767,10.0,3960.0,1260,48691,3,1
RYBAL_045,Rybal_045_ST_ZV_(0010-3960).nlgx,Rybal_045_ST_ZV_(0010-3960).jpg,Rybal_045_ST_ZV_(0010-3960).las,PS1,PS,,SA3,4676,0.9957,PS,0.9437,10.0,3960.0,1260,48691,1,1
RYBAL_057,1966.02.24-11.16_Rybal_057_ST_ZV_(0270-1390).nlgx,1966.02.24-11.16_Rybal_057_ST_ZV_(0270-1390).jpg,1966.02.24-11.16_Rybal_057_ST_ZV_(0270-1390).las,PZ1,PZ,,SA1,1383,1.0,PZ,0.9768,270.0,1400.0,824,11072,3,1
RYBAL_057,1966.02.24-11.16_Rybal_057_ST_ZV_(0270-1390).nlgx,1966.02.24-11.16_Rybal_057_ST_ZV_(0270-1390).jpg,1966.02.24-11.16_Rybal_057_ST_ZV_(0270-1390).las,GZ1,GZ,,SA2,1484,0.907,GZ,0.9671,270.0,1400.0,824,11072,3,1
RYBAL_057,1966.02.24-11.16_Rybal_057_ST_ZV_(0270-1390).nlgx,1966.02.24-11.16_Rybal_057_ST_ZV_(0270-1390).jpg,1966.02.24-11.16_Rybal_057_ST_ZV_(0270-1390).las,SP1,SP,,SA3,1270,0.9866,SP,0.944,270.0,1400.0,824,11072,2,1
RYBAL_057,1966.03.16_Rybal_057_BKZ1_(1304-1392)_GZ1.nlgx,1966.03.16_Rybal_057_BKZ1_(1304-1392)_GZ1.jpg,1966.03.16_Rybal_057_BKZ1_(1304-1392)_GZ1.las,GZ11,GZ,,SA1,982,1.0,GZ1,,1300.0,1396.0,824,2572,2,1
RYBAL_057,1966.03.16_Rybal_057_BKZ1_(1304-1392)_GZ1.nlgx,1966.03.16_Rybal_057_BKZ1_(1304-1392)_GZ1.jpg,1966.03.16_Rybal_057_BKZ1_(1304-1392)_GZ1.las,GZ1_11,GZ1_,,SA1,342,1.0,GZ1_1,,1300.0,1396.0,824,2572,2,1
RYBAL_057,1966.03.16_Rybal_057_BKZ2_(1304-1392)_GZ2_GZ3.nlgx,1966.03.16_Rybal_057_BKZ2_(1304-1392)_GZ2_GZ3.jpg,1966.03.16_Rybal_057_BKZ2_(1304-1392)_GZ2_GZ3.las,GZ21,GZ,,SA1,276,1.0,GZ2,,1300.0,1396.0,824,3012,3,1
RYBAL_057,1966.03.16_Rybal_057_BKZ2_(1304-1392)_GZ2_GZ3.nlgx,1966.03.16_Rybal_057_BKZ2_(1304-1392)_GZ2_GZ3.jpg,1966.03.16_Rybal_057_BKZ2_(1304-1392)_GZ2_GZ3.las,GZ31,GZ,,SA1,130,1.0,GZ3,,1300.0,1396.0,824,3012,2,1
RYBAL_057,1966.03.16_Rybal_057_BKZ2_(1304-1392)_GZ2_GZ3.nlgx,1966.03.16_Rybal_057_BKZ2_(1304-1392)_GZ2_GZ3.jpg,1966.03.16_Rybal_057_BKZ2_(1304-1392)_GZ2_GZ3.las,SP1,SP,,SA2,203,0.9458,SP,,1300.0,1396.0,824,3012,1,1
RYBAL_057,1966.03.16_Rybal_057_BKZ2_(1304-1394)_OGZ.nlgx,1966.03.16_Rybal_057_BKZ2_(1304-1394)_OGZ.jpg,1966.03.16_Rybal_057_BKZ2_(1304-1394)_OGZ.las,GZ51,GZ,,SA1,205,1.0,GZ5,,1300.0,1392.0,824,2752,2,1
RYBAL_057,1966.03.16_Rybal_057_BKZ4_(1304-1394)_GZ4_GZ5.nlgx,1966.03.16_Rybal_057_BKZ4_(1304-1394)_GZ4_GZ5.jpg,1966.03.16_Rybal_057_BKZ4_(1304-1394)_GZ4_GZ5.las,GZ41,GZ,,SA1,153,0.9935,GZ4,,1300.0,1396.0,824,2660,2,1
RYBAL_057,1966.03.16_Rybal_057_BKZ4_(1304-1394)_GZ4_GZ5.nlgx,1966.03.16_Rybal_057_BKZ4_(1304-1394)_GZ4_GZ5.jpg,1966.03.16_Rybal_057_BKZ4_(1304-1394)_GZ4_GZ5.las,GZ51,GZ,,SA1,211,1.0,GZ5,,1300.0,1396.0,824,2660,1,1
RYBAL_057,1966.03.16_Rybal_057_KB_(0270-1395).nlgx,1966.03.16_Rybal_057_KB_(0270-1395).jpg,1966.03.16_Rybal_057_KB_(0270-1395).las,CALI1,CALI,,SA1,533,1.0,CALI,,270.0,1400.0,824,10124,1,1
RYBAL_058,1965.12.29-1966.01.12_Rybal_058_ST_ZV_(0244-1386).nlgx,1965.12.29-1966.01.12_Rybal_058_ST_ZV_(0244-1386).jpg,1965.12.29-1966.01.12_Rybal_058_ST_ZV_(0244-1386).las,PZ1,PZ,,SA1,1239,1.0,PZ,0.7289,240.0,1390.0,824,11144,3,1
RYBAL_058,1965.12.29-1966.01.12_Rybal_058_ST_ZV_(0244-1386).nlgx,1965.12.29-1966.01.12_Rybal_058_ST_ZV_(0244-1386).jpg,1965.12.29-1966.01.12_Rybal_058_ST_ZV_(0244-1386).las,GZ1,GZ,,SA2,1186,0.7934,GZ,0.8404,240.0,1390.0,824,11144,3,0
RYBAL_058,1965.12.29-1966.01.12_Rybal_058_ST_ZV_(0244-1386).nlgx,1965.12.29-1966.01.12_Rybal_058_ST_ZV_(0244-1386).jpg,1965.12.29-1966.01.12_Rybal_058_ST_ZV_(0244-1386).las,SP1,SP,,SA3,1397,0.9979,SP,0.8203,240.0,1390.0,824,11144,1,1
RYBAL_058,1966.01.12_Rybal_058_BKZ1_(1300-1386)_GZ1_GZ1_1.nlgx,1966.01.12_Rybal_058_BKZ1_(1300-1386)_GZ1_GZ1_1.jpg,1966.01.12_Rybal_058_BKZ1_(1300-1386)_GZ1_GZ1_1.las,GZ11,GZ,,SA1,298,1.0,GZ1,,1300.0,1388.0,824,2276,2,1
RYBAL_058,1966.01.12_Rybal_058_BKZ1_(1300-1386)_GZ1_GZ1_1.nlgx,1966.01.12_Rybal_058_BKZ1_(1300-1386)_GZ1_GZ1_1.jpg,1966.01.12_Rybal_058_BKZ1_(1300-1386)_GZ1_GZ1_1.las,GZ1_11,GZ1_,,SA1,271,1.0,GZ1_1,,1300.0,1388.0,824,2276,3,1
RYBAL_058,1966.01.12_Rybal_058_BKZ2_(1300-1386)_GZ2_GZ3_PS.nlgx,1966.01.12_Rybal_058_BKZ2_(1300-1386)_GZ2_GZ3_PS.jpg,1966.01.12_Rybal_058_BKZ2_(1300-1386)_GZ2_GZ3_PS.las,GZ21,GZ,,SA1,203,1.0,GZ2,0.9909,1300.0,1388.0,824,2748,3,1
RYBAL_058,1966.01.12_Rybal_058_BKZ2_(1300-1386)_GZ2_GZ3_PS.nlgx,1966.01.12_Rybal_058_BKZ2_(1300-1386)_GZ2_GZ3_PS.jpg,1966.01.12_Rybal_058_BKZ2_(1300-1386)_GZ2_GZ3_PS.las,GZ31,GZ,,SA1,330,1.0,GZ3,0.9759,1300.0,1388.0,824,2748,3,1
RYBAL_058,1966.01.12_Rybal_058_BKZ2_(1300-1386)_GZ2_GZ3_PS.nlgx,1966.01.12_Rybal_058_BKZ2_(1300-1386)_GZ2_GZ3_PS.jpg,1966.01.12_Rybal_058_BKZ2_(1300-1386)_GZ2_GZ3_PS.las,SP1,SP,,SA2,206,0.9515,SP,0.9947,1300.0,1388.0,824,2748,1,1
RYBAL_058,1966.01.12_Rybal_058_BKZ3_(1300-1386)_GZ4_GZ5.nlgx,1966.01.12_Rybal_058_BKZ3_(1300-1386)_GZ4_GZ5.jpg,1966.01.12_Rybal_058_BKZ3_(1300-1386)_GZ4_GZ5.las,GZ41,GZ,,SA1,121,1.0,GZ4,,1300.0,1388.0,824,2284,2,1
RYBAL_058,1966.01.12_Rybal_058_BKZ3_(1300-1386)_GZ4_GZ5.nlgx,1966.01.12_Rybal_058_BKZ3_(1300-1386)_GZ4_GZ5.jpg,1966.01.12_Rybal_058_BKZ3_(1300-1386)_GZ4_GZ5.las,GZ51,GZ,,SA1,160,1.0,GZ5,,1300.0,1388.0,824,2284,3,1
RYBAL_058,1966.01.12_Rybal_058_BKZ4_(1300-1386)_OGZ_RES.nlgx,1966.01.12_Rybal_058_BKZ4_(1300-1386)_OGZ_RES.jpg,1966.01.12_Rybal_058_BKZ4_(1300-1386)_OGZ_RES.las,OGZ1,OGZ,,SA1,152,0.9934,OGZ,,1300.0,1384.0,824,2196,3,1
RYBAL_058,1966.01.12_Rybal_058_GK_(0012-1395)_NGK_(1300-1395)_500.nlgx,1966.01.12_Rybal_058_GK_(0012-1395)_NGK_(1300-1395)_500.jpg,1966.01.12_Rybal_058_GK_(0012-1395)_NGK_(1300-1395)_500.las,GK1,GK,,SA1,2609,0.9992,GK,0.949,0.0,1400.0,824,12316,1,1
RYBAL_058,1966.01.12_Rybal_058_GK_(0012-1395)_NGK_(1300-1395)_500.nlgx,1966.01.12_Rybal_058_GK_(0012-1395)_NGK_(1300-1395)_500.jpg,1966.01.12_Rybal_058_GK_(0012-1395)_NGK_(1300-1395)_500.las,NGK1,NGK,,SA2,170,0.9824,NGK,0.9704,0.0,1400.0,824,12316,2,1
RYBAL_058,1966.01.12_Rybal_058_KB_(0240-0410).nlgx,1966.01.12_Rybal_058_KB_(0240-0410).jpg,1966.01.12_Rybal_058_KB_(0240-0410).las,CALI1,CALI,,SA1,191,1.0,CALI,0.9845,230.0,420.0,824,2524,1,1
RYBAL_058,1966.01.28_Rybal_058_INNK_(1297-1367)_500.nlgx,1966.01.28_Rybal_058_INNK_(1297-1367)_500.jpg,1966.01.28_Rybal_058_INNK_(1297-1367)_500.las,TAU1,TAU,,SA1,185,0.9946,TAU,,1290.0,1370.0,2287,4575,1,1
RYBAL_058,1966.01.28_Rybal_058_INNK_(1297-1367)_500.nlgx,1966.01.28_Rybal_058_INNK_(1297-1367)_500.jpg,1966.01.28_Rybal_058_INNK_(1297-1367)_500.las,ZAT3001,ZAT,,SA2,191,0.4712,ZAT300,,1290.0,1370.0,2287,4575,1,0
RYBAL_058,1966.01.28_Rybal_058_INNK_(1297-1367)_500.nlgx,1966.01.28_Rybal_058_INNK_(1297-1367)_500.jpg,1966.01.28_Rybal_058_INNK_(1297-1367)_500.las,ZAT7001,ZAT,,SA3,185,0.9676,ZAT700,,1290.0,1370.0,2287,4575,2,1
RYBAL_058,1966.01.28_Rybal_058_INNK_(1297-1367)_500.nlgx,1966.01.28_Rybal_058_INNK_(1297-1367)_500.jpg,1966.01.28_Rybal_058_INNK_(1297-1367)_500.las,ZAT11001,ZAT,,SA4,173,0.9884,ZAT1100,,1290.0,1370.0,2287,4575,2,1
RYBAL_135,1972.01.09_Rybal_135_GK_(1683-1814)_500.nlgx,1972.01.09_Rybal_135_GK_(1683-1814)_500.jpg,1972.01.09_Rybal_135_GK_(1683-1814)_500.las,GK1,GK,,SA1,326,0.8988,GK,0.9763,1680.0,1820.0,1026,3284,1,0
RYBAL_135,1972.06.13_Rybal_135_BK_(1300-1685).nlgx,1972.06.13_Rybal_135_BK_(1300-1685).jpg,1972.06.13_Rybal_135_BK_(1300-1685).las,BK1,BK,,SA1,497,1.0,BK,,1300.0,1690.0,824,4204,1,1
RYBAL_135,1972.06.13_Rybal_135_BKZ1_(1300-1675)_GZ1_GZ2.nlgx,1972.06.13_Rybal_135_BKZ1_(1300-1675)_GZ1_GZ2.jpg,1972.06.13_Rybal_135_BKZ1_(1300-1675)_GZ1_GZ2.las,GZ11,GZ,,SA1,966,0.999,GZ1,0.1857,1296.0,1676.0,824,8128,1,1
RYBAL_135,1972.06.13_Rybal_135_BKZ1_(1300-1675)_GZ1_GZ2.nlgx,1972.06.13_Rybal_135_BKZ1_(1300-1675)_GZ1_GZ2.jpg,1972.06.13_Rybal_135_BKZ1_(1300-1675)_GZ1_GZ2.las,GZ21,GZ,,SA2,1054,1.0,GZ2,0.4311,1296.0,1676.0,824,8128,2,1
RYBAL_135,1972.06.13_Rybal_135_BKZ1_BKZ2_(1300-1675)_GZ3_GZ4.nlgx,1972.06.13_Rybal_135_BKZ1_BKZ2_(1300-1675)_GZ3_GZ4.jpg,1972.06.13_Rybal_135_BKZ1_BKZ2_(1300-1675)_GZ3_GZ4.las,GZ31,GZ,,SA1,1311,0.9969,GZ3,0.6204,1300.0,1676.0,824,8644,2,1
RYBAL_135,1972.06.13_Rybal_135_BKZ1_BKZ2_(1300-1675)_GZ3_GZ4.nlgx,1972.06.13_Rybal_135_BKZ1_BKZ2_(1300-1675)_GZ3_GZ4.jpg,1972.06.13_Rybal_135_BKZ1_BKZ2_(1300-1675)_GZ3_GZ4.las,GZ41,GZ,,SA2,761,0.9987,GZ4,0.5601,1300.0,1676.0,824,8644,2,1
RYBAL_135,1972.06.13_Rybal_135_BKZ1_BKZ2_(1300-1675)_GZ3_GZ4.nlgx,1972.06.13_Rybal_135_BKZ1_BKZ2_(1300-1675)_GZ3_GZ4.jpg,1972.06.13_Rybal_135_BKZ1_BKZ2_(1300-1675)_GZ3_GZ4.las,PS1,PS,,SA3,446,0.8139,PS,0.9293,1300.0,1676.0,824,8644,1,0
RYBAL_135,1972.06.13_Rybal_135_BKZ2_BKZ2_(1300-1675)_GZ5_OGZ.nlgx,1972.06.13_Rybal_135_BKZ2_BKZ2_(1300-1675)_GZ5_OGZ.jpg,1972.06.13_Rybal_135_BKZ2_BKZ2_(1300-1675)_GZ5_OGZ.las,GZ51,GZ,,SA1,701,0.9986,GZ5,0.4466,1300.0,1684.0,824,8348,2,1
RYBAL_135,1972.06.13_Rybal_135_BKZ2_BKZ2_(1300-1675)_GZ5_OGZ.nlgx,1972.06.13_Rybal_135_BKZ2_BKZ2_(1300-1675)_GZ5_OGZ.jpg,1972.06.13_Rybal_135_BKZ2_BKZ2_(1300-1675)_GZ5_OGZ.las,OGZ1,OGZ,,SA2,621,0.9984,OGZ,0.4452,1300.0,1684.0,824,8348,2,1
RYBAL_135,1972.06.13_Rybal_135_KB_(0208-1660).nlgx,1972.06.13_Rybal_135_KB_(0208-1660).jpg,1972.06.13_Rybal_135_KB_(0208-1660).las,DS1,DS,,SA1,833,1.0,DS,-0.1483,280.0,1660.0,824,12108,1,1
RYBAL_135,1972.06.14_Rybal_135_GK-NGK_(0000-1691).nlgx,1972.06.14_Rybal_135_GK-NGK_(0000-1691).jpg,1972.06.14_Rybal_135_GK-NGK_(0000-1691).las,GK1,GK,,SA1,3164,1.0,GK,,0.0,1690.0,824,14548,1,1
RYBAL_135,1972.06.14_Rybal_135_GK-NGK_(0000-1691).nlgx,1972.06.14_Rybal_135_GK-NGK_(0000-1691).jpg,1972.06.14_Rybal_135_GK-NGK_(0000-1691).las,NGK1,NGK,,SA2,684,0.9883,NGK,,0.0,1690.0,824,14548,2,1
RYBAL_135,1972.06.14_Rybal_135_MBK_(1300-1685).nlgx,1972.06.14_Rybal_135_MBK_(1300-1685).jpg,1972.06.14_Rybal_135_MBK_(1300-1685).las,MBK1,MBK,,SA1,1156,1.0,MBK,0.6281,1300.0,1688.0,824,8992,2,1
RYBAL_135,1972.07.21_Rybal_135_BK_(2100-2556).nlgx,1972.07.21_Rybal_135_BK_(2100-2556).jpg,1972.07.21_Rybal_135_BK_(2100-2556).las,BK1,BK,,SA1,1211,0.7506,BK,,2100.0,2560.0,824,10184,1,0
RYBAL_135,1972.07.21_Rybal_135_BKZ1_BKZ2_(2100-2548)_GZ3_GZ4.nlgx,1972.07.21_Rybal_135_BKZ1_BKZ2_(2100-2548)_GZ3_GZ4.jpg,1972.07.21_Rybal_135_BKZ1_BKZ2_(2100-2548)_GZ3_GZ4.las,GZ31,GZ,,SA1,880,1.0,GZ3,,2100.0,2548.0,824,28744,2,1
RYBAL_135,1972.07.21_Rybal_135_BKZ1_BKZ2_(2100-2548)_GZ3_GZ4.nlgx,1972.07.21_Rybal_135_BKZ1_BKZ2_(2100-2548)_GZ3_GZ4.jpg,1972.07.21_Rybal_135_BKZ1_BKZ2_(2100-2548)_GZ3_GZ4.las,GZ41,GZ,,SA2,3673,1.0,GZ4,,2100.0,2548.0,824,28744,2,1
RYBAL_135,1972.07.21_Rybal_135_BKZ1_BKZ2_(2100-2548)_GZ3_GZ4.nlgx,1972.07.21_Rybal_135_BKZ1_BKZ2_(2100-2548)_GZ3_GZ4.jpg,1972.07.21_Rybal_135_BKZ1_BKZ2_(2100-2548)_GZ3_GZ4.las,PS1,PS,,SA3,3879,0.9938,PS,,2100.0,2548.0,824,28744,1,1
RYBAL_135,1972.07.21_Rybal_135_BKZ1_BKZ2_(2100-2548)_GZ3_GZ4.nlgx,1972.07.21_Rybal_135_BKZ1_BKZ2_(2100-2548)_GZ3_GZ4.jpg,1972.07.21_Rybal_135_BKZ1_BKZ2_(2100-2548)_GZ3_GZ4.las,GZ11,GZ,,SA1,1383,1.0,GZ1,,2100.0,2548.0,824,28744,2,1
RYBAL_135,1972.07.21_Rybal_135_BKZ1_BKZ2_(2100-2548)_GZ3_GZ4.nlgx,1972.07.21_Rybal_135_BKZ1_BKZ2_(2100-2548)_GZ3_GZ4.jpg,1972.07.21_Rybal_135_BKZ1_BKZ2_(2100-2548)_GZ3_GZ4.las,GZ21,GZ,,SA2,1482,1.0,GZ2,,2100.0,2548.0,824,28744,2,1
RYBAL_135,1972.07.21_Rybal_135_BKZ1_BKZ2_(2100-2548)_GZ3_GZ4.nlgx,1972.07.21_Rybal_135_BKZ1_BKZ2_(2100-2548)_GZ3_GZ4.jpg,1972.07.21_Rybal_135_BKZ1_BKZ2_(2100-2548)_GZ3_GZ4.las,GZ51,GZ,,SA1,644,1.0,GZ5,,2100.0,2548.0,824,28744,2,1
RYBAL_135,1972.07.21_Rybal_135_BKZ1_BKZ2_(2100-2548)_GZ3_GZ4.nlgx,1972.07.21_Rybal_135_BKZ1_BKZ2_(2100-2548)_GZ3_GZ4.jpg,1972.07.21_Rybal_135_BKZ1_BKZ2_(2100-2548)_GZ3_GZ4.las,OGZ1,OGZ,,SA2,943,0.9979,OGZ,,2100.0,2548.0,824,28744,2,1
RYBAL_135,1972.08.24_Rybal_135_AK_(1620-2890)_500.nlgx,1972.08.24_Rybal_135_AK_(1620-2890)_500.jpg,1972.08.24_Rybal_135_AK_(1620-2890)_500.las,DT1,DT,,SA3,3533,0.9969,DT,0.7638,1620.0,2890.0,1275,16594,1,1
RYBAL_135,1972.08.24_Rybal_135_BK_(2510-2890).nlgx,1972.08.24_Rybal_135_BK_(2510-2890).jpg,1972.08.24_Rybal_135_BK_(2510-2890).las,BK1,BK,,SA1,753,0.7118,BK,,2500.0,2890.0,824,4248,2,0
RYBAL_135,1972.08.24_Rybal_135_BKZ1_(2510-2880)_GZ1_GZ2.nlgx,1972.08.24_Rybal_135_BKZ1_(2510-2880)_GZ1_GZ2.jpg,1972.08.24_Rybal_135_BKZ1_(2510-2880)_GZ1_GZ2.las,GZ11,GZ,,SA1,1119,0.9973,GZ1,0.7448,2504.0,2880.0,824,8092,2,1
RYBAL_135,1972.08.24_Rybal_135_BKZ1_(2510-2880)_GZ1_GZ2.nlgx,1972.08.24_Rybal_135_BKZ1_(2510-2880)_GZ1_GZ2.jpg,1972.08.24_Rybal_135_BKZ1_(2510-2880)_GZ1_GZ2.las,GZ21,GZ,,SA2,1200,1.0,GZ2,0.8497,2504.0,2880.0,824,8092,3,1
RYBAL_135,1972.08.24_Rybal_135_BKZ1_BKZ2_(2510-2880)_GZ3_GZ4.nlgx,1972.08.24_Rybal_135_BKZ1_BKZ2_(2510-2880)_GZ3_GZ4.jpg,1972.08.24_Rybal_135_BKZ1_BKZ2_(2510-2880)_GZ3_GZ4.las,GZ31,GZ,,SA1,1008,1.0,GZ3,0.885,2504.0,2880.0,824,8512,3,1
RYBAL_135,1972.08.24_Rybal_135_BKZ1_BKZ2_(2510-2880)_GZ3_GZ4.nlgx,1972.08.24_Rybal_135_BKZ1_BKZ2_(2510-2880)_GZ3_GZ4.jpg,1972.08.24_Rybal_135_BKZ1_BKZ2_(2510-2880)_GZ3_GZ4.las,GZ41,GZ,,SA2,749,1.0,GZ4,0.8992,2504.0,2880.0,824,8512,3,1
RYBAL_135,1972.08.24_Rybal_135_BKZ1_BKZ2_(2510-2880)_GZ3_GZ4.nlgx,1972.08.24_Rybal_135_BKZ1_BKZ2_(2510-2880)_GZ3_GZ4.jpg,1972.08.24_Rybal_135_BKZ1_BKZ2_(2510-2880)_GZ3_GZ4.las,PS1,PS,,SA3,611,0.9935,PS,0.8893,2504.0,2880.0,824,8512,1,1
RYBAL_135,1972.08.24_Rybal_135_BKZ2_(2048-2152)_GZ4_GZ5.nlgx,1972.08.24_Rybal_135_BKZ2_(2048-2152)_GZ4_GZ5.jpg,1972.08.24_Rybal_135_BKZ2_(2048-2152)_GZ4_GZ5.las,GZ41,GZ,,SA1,146,1.0,GZ4,,2048.0,2152.0,824,3176,1,1
RYBAL_135,1972.08.24_Rybal_135_BKZ2_(2048-2152)_GZ4_GZ5.nlgx,1972.08.24_Rybal_135_BKZ2_(2048-2152)_GZ4_GZ5.jpg,1972.08.24_Rybal_135_BKZ2_(2048-2152)_GZ4_GZ5.las,GZ51,GZ,,SA2,113,1.0,GZ5,,2048.0,2152.0,824,3176,1,1
RYBAL_135,1972.08.24_Rybal_135_BKZ2_(2510-2880)_GZ5_OGZ.nlgx,1972.08.24_Rybal_135_BKZ2_(2510-2880)_GZ5_OGZ.jpg,1972.08.24_Rybal_135_BKZ2_(2510-2880)_GZ5_OGZ.las,GZ51,GZ,,SA1,564,1.0,GZ5,,2508.0,2884.0,824,8060,2,1
RYBAL_135,1972.08.24_Rybal_135_BKZ2_(2510-2880)_GZ5_OGZ.nlgx,1972.08.24_Rybal_135_BKZ2_(2510-2880)_GZ5_OGZ.jpg,1972.08.24_Rybal_135_BKZ2_(2510-2880)_GZ5_OGZ.las,OGZ1,OGZ,,SA2,838,1.0,OGZ,,2508.0,2884.0,824,8060,3,1
RYBAL_135,1972.08.24_Rybal_135_KB_(2510-2884).nlgx,1972.08.24_Rybal_135_KB_(2510-2884).jpg,1972.08.24_Rybal_135_KB_(2510-2884).las,DS1,DS,,SA1,389,1.0,DS,,2500.0,2890.0,824,4256,1,1
RYBAL_135,1972.09.21_Rybal_135_BK_(2830-3112).nlgx,1972.09.21_Rybal_135_BK_(2830-3112).jpg,1972.09.21_Rybal_135_BK_(2830-3112).las,BK1,BK,,SA1,1097,0.9781,BK,,2828.0,3112.0,824,6608,2,1
RYBAL_135,1972.09.21_Rybal_135_BKZ1_(2830-3100)_GZ1_GZ2.nlgx,1972.09.21_Rybal_135_BKZ1_(2830-3100)_GZ1_GZ2.jpg,1972.09.21_Rybal_135_BKZ1_(2830-3100)_GZ1_GZ2.las,GZ11,GZ,,SA1,822,0.9769,GZ1,,2824.0,3104.0,824,6076,2,1
RYBAL_135,1972.09.21_Rybal_135_BKZ1_(2830-3100)_GZ1_GZ2.nlgx,1972.09.21_Rybal_135_BKZ1_(2830-3100)_GZ1_GZ2.jpg,1972.09.21_Rybal_135_BKZ1_(2830-3100)_GZ1_GZ2.las,GZ21,GZ,,SA2,952,0.9979,GZ2,,2824.0,3104.0,824,6076,3,1
RYBAL_135,1972.09.21_Rybal_135_BKZ1_BKZ2_(2830-3100)_GZ3_GZ4.nlgx,1972.09.21_Rybal_135_BKZ1_BKZ2_(2830-3100)_GZ3_GZ4.jpg,1972.09.21_Rybal_135_BKZ1_BKZ2_(2830-3100)_GZ3_GZ4.las,GZ31,GZ,,SA1,2761,0.9996,GZ3,,2824.0,3104.0,824,6520,3,1
RYBAL_135,1972.09.21_Rybal_135_BKZ1_BKZ2_(2830-3100)_GZ3_GZ4.nlgx,1972.09.21_Rybal_135_BKZ1_BKZ2_(2830-3100)_GZ3_GZ4.jpg,1972.09.21_Rybal_135_BKZ1_BKZ2_(2830-3100)_GZ3_GZ4.las,GZ41,GZ,,SA2,768,1.0,GZ4,,2824.0,3104.0,824,6520,3,1
RYBAL_135,1972.09.21_Rybal_135_BKZ1_BKZ2_(2830-3100)_GZ3_GZ4.nlgx,1972.09.21_Rybal_135_BKZ1_BKZ2_(2830-3100)_GZ3_GZ4.jpg,1972.09.21_Rybal_135_BKZ1_BKZ2_(2830-3100)_GZ3_GZ4.las,PS1,PS,,SA3,575,0.993,PS,,2824.0,3104.0,824,6520,1,1
RYBAL_135,1972.09.21_Rybal_135_BKZ2_(2830-3100)_GZ5_OGZ.nlgx,1972.09.21_Rybal_135_BKZ2_(2830-3100)_GZ5_OGZ.jpg,1972.09.21_Rybal_135_BKZ2_(2830-3100)_GZ5_OGZ.las,GZ51,GZ,,SA1,651,0.9985,GZ5,,2824.0,3100.4,824,5816,3,1
RYBAL_135,1972.09.21_Rybal_135_BKZ2_(2830-3100)_GZ5_OGZ.nlgx,1972.09.21_Rybal_135_BKZ2_(2830-3100)_GZ5_OGZ.jpg,1972.09.21_Rybal_135_BKZ2_(2830-3100)_GZ5_OGZ.las,OGZ1,OGZ,,SA2,854,1.0,OGZ,,2824.0,3100.4,824,5816,3,1
RYBAL_135,1972.09.22_Rybal_135_GK-NGK_(2100-3108).nlgx,1972.09.22_Rybal_135_GK-NGK_(2100-3108).jpg,1972.09.22_Rybal_135_GK-NGK_(2100-3108).las,GK1,GK,,SA1,4483,0.9993,GK,0.9121,2100.0,3112.0,824,21404,1,1
RYBAL_135,1972.09.22_Rybal_135_GK-NGK_(2100-3108).nlgx,1972.09.22_Rybal_135_GK-NGK_(2100-3108).jpg,1972.09.22_Rybal_135_GK-NGK_(2100-3108).las,NGK1,NGK,,SA2,4927,0.9925,NGK,0.9293,2100.0,3112.0,824,21404,2,1
RYBAL_135,1972.09.22_Rybal_135_KB_(1680-2730).nlgx,1972.09.22_Rybal_135_KB_(1680-2730).jpg,1972.09.22_Rybal_135_KB_(1680-2730).las,DS1,DS,,SA1,1476,1.0,DS,,1680.0,2750.0,824,9768,1,1
RYBAL_137,1973.04.05_Rybal_137_BKZ1_BKZ2_(1300-1620)_GZ1_GZ2_GZ3_GZ4.nlgx,1973.04.05_Rybal_137_BKZ1_BKZ2_(1300-1620)_GZ1_GZ2_GZ3_GZ4.jpg,1973.04.05_Rybal_137_BKZ1_BKZ2_(1300-1620)_GZ1_GZ2_GZ3_GZ4.las,GZ11,GZ,,SA1,398,0.8819,GZ1,,1300.0,1620.0,824,10056,3,0
RYBAL_137,1973.04.05_Rybal_137_BKZ1_BKZ2_(1300-1620)_GZ1_GZ2_GZ3_GZ4.nlgx,1973.04.05_Rybal_137_BKZ1_BKZ2_(1300-1620)_GZ1_GZ2_GZ3_GZ4.jpg,1973.04.05_Rybal_137_BKZ1_BKZ2_(1300-1620)_GZ1_GZ2_GZ3_GZ4.las,GZ21,GZ,,SA2,331,0.7583,GZ2,,1300.0,1620.0,824,10056,2,0
RYBAL_137,1973.04.05_Rybal_137_BKZ1_BKZ2_(1300-1620)_GZ1_GZ2_GZ3_GZ4.nlgx,1973.04.05_Rybal_137_BKZ1_BKZ2_(1300-1620)_GZ1_GZ2_GZ3_GZ4.jpg,1973.04.05_Rybal_137_BKZ1_BKZ2_(1300-1620)_GZ1_GZ2_GZ3_GZ4.las,GZ31,GZ,,SA3,350,0.9314,GZ3,,1300.0,1620.0,824,10056,4,1
RYBAL_137,1973.04.05_Rybal_137_BKZ1_BKZ2_(1300-1620)_GZ1_GZ2_GZ3_GZ4.nlgx,1973.04.05_Rybal_137_BKZ1_BKZ2_(1300-1620)_GZ1_GZ2_GZ3_GZ4.jpg,1973.04.05_Rybal_137_BKZ1_BKZ2_(1300-1620)_GZ1_GZ2_GZ3_GZ4.las,GZ41,GZ,,SA4,303,0.8152,GZ4,,1300.0,1620.0,824,10056,3,0
RYBAL_137,1973.04.05_Rybal_137_BKZ1_BKZ2_(1300-1620)_GZ1_GZ2_GZ3_GZ4.nlgx,1973.04.05_Rybal_137_BKZ1_BKZ2_(1300-1620)_GZ1_GZ2_GZ3_GZ4.jpg,1973.04.05_Rybal_137_BKZ1_BKZ2_(1300-1620)_GZ1_GZ2_GZ3_GZ4.las,SP1,SP,,SA5,912,0.7643,SP,,1300.0,1620.0,824,10056,1,0
RYBAL_137,1973.04.05_Rybal_137_BKZ1_BKZ2_(1300-1620)_GZ1_GZ2_GZ3_GZ4.nlgx,1973.04.05_Rybal_137_BKZ1_BKZ2_(1300-1620)_GZ1_GZ2_GZ3_GZ4.jpg,1973.04.05_Rybal_137_BKZ1_BKZ2_(1300-1620)_GZ1_GZ2_GZ3_GZ4.las,GZ51,GZ,,SA1,291,0.8763,GZ5,,1300.0,1620.0,824,10056,4,0
RYBAL_137,1973.04.05_Rybal_137_BKZ1_BKZ2_(1300-1620)_GZ1_GZ2_GZ3_GZ4.nlgx,1973.04.05_Rybal_137_BKZ1_BKZ2_(1300-1620)_GZ1_GZ2_GZ3_GZ4.jpg,1973.04.05_Rybal_137_BKZ1_BKZ2_(1300-1620)_GZ1_GZ2_GZ3_GZ4.las,OGZ1,OGZ,,SA2,394,0.6802,OGZ,,1300.0,1620.0,824,10056,4,0
RYBAL_137,1973.04.05_Rybal_137_BKZ1_BKZ2_(1300-1620)_GZ1_GZ2_GZ3_GZ4.nlgx,1973.04.05_Rybal_137_BKZ1_BKZ2_(1300-1620)_GZ1_GZ2_GZ3_GZ4.jpg,1973.04.05_Rybal_137_BKZ1_BKZ2_(1300-1620)_GZ1_GZ2_GZ3_GZ4.las,DS1,DS,,SA3,227,0.9604,DS,,1300.0,1620.0,824,10056,1,1
RYBAL_137,1973.04.05_Rybal_137_IK_(1300-1620).nlgx,1973.04.05_Rybal_137_IK_(1300-1620).jpg,1973.04.05_Rybal_137_IK_(1300-1620).las,IKA1,IKA,,SA1,723,0.9986,IKA,0.0216,1300.0,1690.0,824,8836,3,1
RYBAL_137,1973.04.05_Rybal_137_IK_(1300-1620).nlgx,1973.04.05_Rybal_137_IK_(1300-1620).jpg,1973.04.05_Rybal_137_IK_(1300-1620).las,IKR1,IKR,,SA1,466,0.9914,IKR,0.8292,1300.0,1690.0,824,8836,3,1
RYBAL_137,1973.04.05_Rybal_137_KB_(0280-1680)_500.nlgx,1973.04.05_Rybal_137_KB_(0280-1680)_500.jpg,1973.04.05_Rybal_137_KB_(0280-1680)_500.las,DS1,DS,,SA1,1040,0.5394,DS,0.409,270.0,1677.0,1102,18005,1,0
RYBAL_137,1973.05.21_Rybal_137_BKZ1_BKZ2_(2000-2675)_GZ1_GZ2_GZ3_GZ4.nlgx,1973.05.21_Rybal_137_BKZ1_BKZ2_(2000-2675)_GZ1_GZ2_GZ3_GZ4.jpg,1973.05.21_Rybal_137_BKZ1_BKZ2_(2000-2675)_GZ1_GZ2_GZ3_GZ4.las,GZ11,GZ,,SA1,1645,0.8322,GZ1,,2000.0,2690.0,824,28336,2,0
RYBAL_137,1973.05.21_Rybal_137_BKZ1_BKZ2_(2000-2675)_GZ1_GZ2_GZ3_GZ4.nlgx,1973.05.21_Rybal_137_BKZ1_BKZ2_(2000-2675)_GZ1_GZ2_GZ3_GZ4.jpg,1973.05.21_Rybal_137_BKZ1_BKZ2_(2000-2675)_GZ1_GZ2_GZ3_GZ4.las,GZ21,GZ,,SA2,2066,0.6399,GZ2,,2000.0,2690.0,824,28336,2,0
RYBAL_137,1973.05.21_Rybal_137_BKZ1_BKZ2_(2000-2675)_GZ1_GZ2_GZ3_GZ4.nlgx,1973.05.21_Rybal_137_BKZ1_BKZ2_(2000-2675)_GZ1_GZ2_GZ3_GZ4.jpg,1973.05.21_Rybal_137_BKZ1_BKZ2_(2000-2675)_GZ1_GZ2_GZ3_GZ4.las,GZ31,GZ,,SA3,4471,0.9794,GZ3,,2000.0,2690.0,824,28336,2,1
RYBAL_137,1973.05.21_Rybal_137_BKZ1_BKZ2_(2000-2675)_GZ1_GZ2_GZ3_GZ4.nlgx,1973.05.21_Rybal_137_BKZ1_BKZ2_(2000-2675)_GZ1_GZ2_GZ3_GZ4.jpg,1973.05.21_Rybal_137_BKZ1_BKZ2_(2000-2675)_GZ1_GZ2_GZ3_GZ4.las,GZ41,GZ,,SA4,918,0.8312,GZ4,,2000.0,2690.0,824,28336,2,0
RYBAL_137,1973.05.21_Rybal_137_BKZ1_BKZ2_(2000-2675)_GZ1_GZ2_GZ3_GZ4.nlgx,1973.05.21_Rybal_137_BKZ1_BKZ2_(2000-2675)_GZ1_GZ2_GZ3_GZ4.jpg,1973.05.21_Rybal_137_BKZ1_BKZ2_(2000-2675)_GZ1_GZ2_GZ3_GZ4.las,SP1,SP,,SA5,8331,0.9857,SP,,2000.0,2690.0,824,28336,2,1
RYBAL_137,1973.05.21_Rybal_137_BKZ1_BKZ2_(2000-2675)_GZ1_GZ2_GZ3_GZ4.nlgx,1973.05.21_Rybal_137_BKZ1_BKZ2_(2000-2675)_GZ1_GZ2_GZ3_GZ4.jpg,1973.05.21_Rybal_137_BKZ1_BKZ2_(2000-2675)_GZ1_GZ2_GZ3_GZ4.las,GZ51,GZ,,SA1,943,0.9438,GZ5,,2000.0,2690.0,824,28336,2,1
RYBAL_137,1973.05.21_Rybal_137_BKZ1_BKZ2_(2000-2675)_GZ1_GZ2_GZ3_GZ4.nlgx,1973.05.21_Rybal_137_BKZ1_BKZ2_(2000-2675)_GZ1_GZ2_GZ3_GZ4.jpg,1973.05.21_Rybal_137_BKZ1_BKZ2_(2000-2675)_GZ1_GZ2_GZ3_GZ4.las,OGZ1,OGZ,,SA2,1206,0.7529,OGZ,,2000.0,2690.0,824,28336,2,0
RYBAL_137,1973.05.21_Rybal_137_BKZ1_BKZ2_(2000-2675)_GZ1_GZ2_GZ3_GZ4.nlgx,1973.05.21_Rybal_137_BKZ1_BKZ2_(2000-2675)_GZ1_GZ2_GZ3_GZ4.jpg,1973.05.21_Rybal_137_BKZ1_BKZ2_(2000-2675)_GZ1_GZ2_GZ3_GZ4.las,DS1,DS,,SA3,1824,0.9874,DS,,2000.0,2690.0,824,28336,1,1
RYBAL_137,1973.05.22_Rybal_137_KB-Prof_(1710-2678).nlgx,1973.05.22_Rybal_137_KB-Prof_(1710-2678).jpg,1973.05.22_Rybal_137_KB-Prof_(1710-2678).las,DS1,DS,,SA1,959,0.8874,DS,,1710.0,2660.0,824,8480,1,0
RYBAL_137,1973.05.22_Rybal_137_KB-Prof_(1710-2678).nlgx,1973.05.22_Rybal_137_KB-Prof_(1710-2678).jpg,1973.05.22_Rybal_137_KB-Prof_(1710-2678).las,CAL11,CAL,,SA2,1313,0.9208,CAL1,,1710.0,2660.0,824,8480,1,1
RYBAL_137,1973.05.28_Rybal_137_IK_(2000-2680).nlgx,1973.05.28_Rybal_137_IK_(2000-2680).jpg,1973.05.28_Rybal_137_IK_(2000-2680).las,IKA1,IKA,,SA1,1671,0.9838,IKA,-0.0367,2000.0,2680.0,824,14636,2,1
RYBAL_137,1973.05.28_Rybal_137_IK_(2000-2680).nlgx,1973.05.28_Rybal_137_IK_(2000-2680).jpg,1973.05.28_Rybal_137_IK_(2000-2680).las,IKR1,IKR,,SA1,991,0.9294,IKR,0.1027,2000.0,2680.0,824,14636,2,1
RYBAL_137,1973.06.08_Rybal_137_GK-NGK_(0000-2650).nlgx,1973.06.08_Rybal_137_GK-NGK_(0000-2650).jpg,1973.06.08_Rybal_137_GK-NGK_(0000-2650).las,GK1,GK,,SA1,3935,0.9703,GK,0.2836,0.0,2660.0,824,22452,2,1
RYBAL_137,1973.06.08_Rybal_137_GK-NGK_(0000-2650).nlgx,1973.06.08_Rybal_137_GK-NGK_(0000-2650).jpg,1973.06.08_Rybal_137_GK-NGK_(0000-2650).las,NGK1,NGK,,SA2,1383,0.8698,NGK,0.8074,0.0,2660.0,824,22452,2,0
RYBAL_146,2002.09.19_Rybal_146_BK_MBK_(1210-1756).nlgx,2002.09.19_Rybal_146_BK_MBK_(1210-1756).jpg,2002.09.19_Rybal_146_BK_MBK_(1210-1756).las,BK1,BK,,SA1,1912,0.9984,BK,0.9013,1210.0,1756.0,1299,18665,1,1
RYBAL_146,2002.09.19_Rybal_146_BK_MBK_(1210-1756).nlgx,2002.09.19_Rybal_146_BK_MBK_(1210-1756).jpg,2002.09.19_Rybal_146_BK_MBK_(1210-1756).las,MBK1,MBK,,SA2,2895,0.9637,MBK,0.8797,1210.0,1756.0,1299,18665,1,1
RYBAL_146,2002.09.19_Rybal_146_BKZ1_KB_(1210-1742)_GZ1_GZ2_GZ3_PS.nlgx,2002.09.19_Rybal_146_BKZ1_KB_(1210-1742)_GZ1_GZ2_GZ3_PS.jpg,2002.09.19_Rybal_146_BKZ1_KB_(1210-1742)_GZ1_GZ2_GZ3_PS.las,GZ51,GZ,,SA1,2360,0.9449,GZ5,0.8856,1210.0,1750.0,1280,18123,1,1
RYBAL_146,2002.09.19_Rybal_146_BKZ1_KB_(1210-1742)_GZ1_GZ2_GZ3_PS.nlgx,2002.09.19_Rybal_146_BKZ1_KB_(1210-1742)_GZ1_GZ2_GZ3_PS.jpg,2002.09.19_Rybal_146_BKZ1_KB_(1210-1742)_GZ1_GZ2_GZ3_PS.las,GZ5_21,GZ5_,,SA2,2306,1.0,GZ5_2,0.8623,1210.0,1750.0,1280,18123,1,1
RYBAL_146,2002.09.19_Rybal_146_BKZ1_KB_(1210-1742)_GZ1_GZ2_GZ3_PS.nlgx,2002.09.19_Rybal_146_BKZ1_KB_(1210-1742)_GZ1_GZ2_GZ3_PS.jpg,2002.09.19_Rybal_146_BKZ1_KB_(1210-1742)_GZ1_GZ2_GZ3_PS.las,IKA1,IKA,,SA3,2257,0.977,IKA,0.9505,1210.0,1750.0,1280,18123,1,1
RYBAL_146,2002.09.19_Rybal_146_BKZ1_KB_(1210-1742)_GZ1_GZ2_GZ3_PS.nlgx,2002.09.19_Rybal_146_BKZ1_KB_(1210-1742)_GZ1_GZ2_GZ3_PS.jpg,2002.09.19_Rybal_146_BKZ1_KB_(1210-1742)_GZ1_GZ2_GZ3_PS.las,IKR1,IKR,,SA4,1912,0.9922,IKR,0.8604,1210.0,1750.0,1280,18123,2,1
RYBAL_146,2002.10.02_Rybal_146_BK_(1670-2096)_200.nlgx,2002.10.02_Rybal_146_BK_(1670-2096)_200.jpg,2002.10.02_Rybal_146_BK_(1670-2096)_200.las,BK1,BK,,SA1,2122,0.9552,BK,0.7105,1670.0,2096.0,1278,14725,2,1
RYBAL_146,2003.02.27_Rybal_146_AK_(2686-3588)_200.nlgx,2003.02.27_Rybal_146_AK_(2686-3588)_200.jpg,2003.02.27_Rybal_146_AK_(2686-3588)_200.las,DTP1,DTP,,SA1,3225,0.9941,DTP,0.7724,2684.0,3588.0,1291,29883,3,1
RYBAL_146,2003.02.27_Rybal_146_AK_(2686-3588)_200.nlgx,2003.02.27_Rybal_146_AK_(2686-3588)_200.jpg,2003.02.27_Rybal_146_AK_(2686-3588)_200.las,T11,T,,SA2,2110,0.9991,T1,0.9094,2684.0,3588.0,1291,29883,2,1
RYBAL_146,2003.02.27_Rybal_146_AK_(2686-3588)_200.nlgx,2003.02.27_Rybal_146_AK_(2686-3588)_200.jpg,2003.02.27_Rybal_146_AK_(2686-3588)_200.las,T21,T,,SA3,2103,0.9786,T2,0.8859,2684.0,3588.0,1291,29883,2,1
RYBAL_146,2003.03.25_Rybal_146_BK_MBK_(3468-3736).nlgx,2003.03.25_Rybal_146_BK_MBK_(3468-3736).jpg,2003.03.25_Rybal_146_BK_MBK_(3468-3736).las,BK1,BK,,SA1,1162,0.9191,BK,0.9164,3468.8,3736.0,1254,9696,2,1
RYBAL_146,2003.03.25_Rybal_146_BK_MBK_(3468-3736).nlgx,2003.03.25_Rybal_146_BK_MBK_(3468-3736).jpg,2003.03.25_Rybal_146_BK_MBK_(3468-3736).las,MBK1,MBK,,SA2,1140,0.6596,MBK,0.856,3468.8,3736.0,1254,9696,1,0
RYBAL_146,2003.05.15_Rybal_146_INNK_(3056-3700)_200_1.nlgx,2003.05.15_Rybal_146_INNK_(3056-3700)_200_1.jpg,2003.05.15_Rybal_146_INNK_(3056-3700)_200_1.las,TAU1,TAU,,SA1,3652,0.9942,TAU,0.8783,3056.0,3700.0,1262,21254,1,1
RYBAL_149,2003.03.06_Rybal_149_GK_(0000-0153)_500.nlgx,2003.03.06_Rybal_149_GK_(0000-0153)_500.jpg,2003.03.06_Rybal_149_GK_(0000-0153)_500.las,GK1,GK,,SA1,3453,0.9994,GK,0.9793,0.0,1235.0,1275,19999,1,1
RYBAL_149,2003.04.21_Rybal_149_AK_(1163-2316)_200.nlgx,2003.04.21_Rybal_149_AK_(1163-2316)_200.jpg,2003.04.21_Rybal_149_AK_(1163-2316)_200.las,DT1,DT,,SA1,3692,0.4751,DT,0.7937,1164.0,2314.0,1773,36364,1,0
RYBAL_149,2003.04.21_Rybal_149_BKZ1_KB_(1196-2304)_GZ1_GZ2_GZ3_PS.nlgx,2003.04.21_Rybal_149_BKZ1_KB_(1196-2304)_GZ1_GZ2_GZ3_PS.jpg,2003.04.21_Rybal_149_BKZ1_KB_(1196-2304)_GZ1_GZ2_GZ3_PS.las,GZ11,GZ,,SA1,4103,0.7304,GZ1,0.7421,1196.0,2304.0,1773,35315,2,0
RYBAL_149,2003.04.21_Rybal_149_BKZ1_KB_(1196-2304)_GZ1_GZ2_GZ3_PS.nlgx,2003.04.21_Rybal_149_BKZ1_KB_(1196-2304)_GZ1_GZ2_GZ3_PS.jpg,2003.04.21_Rybal_149_BKZ1_KB_(1196-2304)_GZ1_GZ2_GZ3_PS.las,PS1,PS,,SA2,1768,0.9904,PS,0.9913,1196.0,2304.0,1773,35315,1,1
RYBAL_149,2003.04.21_Rybal_149_BKZ1_KB_(1196-2304)_GZ1_GZ2_GZ3_PS.nlgx,2003.04.21_Rybal_149_BKZ1_KB_(1196-2304)_GZ1_GZ2_GZ3_PS.jpg,2003.04.21_Rybal_149_BKZ1_KB_(1196-2304)_GZ1_GZ2_GZ3_PS.las,DS1,DS,,SA3,8140,0.9776,DS,0.4727,1196.0,2304.0,1773,35315,1,1
RYBAL_149,2003.04.21_Rybal_149_BKZ1_KB_(1196-2304)_GZ1_GZ2_GZ3_PS.nlgx,2003.04.21_Rybal_149_BKZ1_KB_(1196-2304)_GZ1_GZ2_GZ3_PS.jpg,2003.04.21_Rybal_149_BKZ1_KB_(1196-2304)_GZ1_GZ2_GZ3_PS.las,GZ21,GZ,,SA4,4359,0.7128,GZ2,0.822,1196.0,2304.0,1773,35315,2,0
RYBAL_149,2003.04.21_Rybal_149_BKZ1_KB_(1196-2304)_GZ1_GZ2_GZ3_PS.nlgx,2003.04.21_Rybal_149_BKZ1_KB_(1196-2304)_GZ1_GZ2_GZ3_PS.jpg,2003.04.21_Rybal_149_BKZ1_KB_(1196-2304)_GZ1_GZ2_GZ3_PS.las,GZ31,GZ,,SA5,2993,0.9766,GZ3,0.8727,1196.0,2304.0,1773,35315,2,1
RYBAL_149,2003.04.21_Rybal_149_BKZ2_IK_(1204-2312)_GZ4_GZ5.nlgx,2003.04.21_Rybal_149_BKZ2_IK_(1204-2312)_GZ4_GZ5.jpg,2003.04.21_Rybal_149_BKZ2_IK_(1204-2312)_GZ4_GZ5.las,GZ41,GZ,,SA1,2886,0.2672,GZ4,0.1981,1204.0,2312.0,1773,35097,1,0
RYBAL_149,2003.04.21_Rybal_149_BKZ2_IK_(1204-2312)_GZ4_GZ5.nlgx,2003.04.21_Rybal_149_BKZ2_IK_(1204-2312)_GZ4_GZ5.jpg,2003.04.21_Rybal_149_BKZ2_IK_(1204-2312)_GZ4_GZ5.las,GZ51,GZ,,SA2,2408,0.7359,GZ5,0.2242,1204.0,2312.0,1773,35097,2,0
RYBAL_149,2003.04.21_Rybal_149_BKZ2_IK_(1204-2312)_GZ4_GZ5.nlgx,2003.04.21_Rybal_149_BKZ2_IK_(1204-2312)_GZ4_GZ5.jpg,2003.04.21_Rybal_149_BKZ2_IK_(1204-2312)_GZ4_GZ5.las,IKA1,IKA,,SA3,3774,0.0996,IKA,0.8455,1204.0,2312.0,1773,35097,2,0
RYBAL_149,2003.04.21_Rybal_149_BKZ2_IK_(1204-2312)_GZ4_GZ5.nlgx,2003.04.21_Rybal_149_BKZ2_IK_(1204-2312)_GZ4_GZ5.jpg,2003.04.21_Rybal_149_BKZ2_IK_(1204-2312)_GZ4_GZ5.las,IKR1,IKR,,SA4,8742,0.0104,IKR,0.9423,1204.0,2312.0,1773,35097,2,0
RYBAL_149,2003.04.21_Rybal_149_GK_NGK_(1112-2320)_200.nlgx,2003.04.21_Rybal_149_GK_NGK_(1112-2320)_200.jpg,2003.04.21_Rybal_149_GK_NGK_(1112-2320)_200.las,GK1,GK,,SA1,5513,0.5775,GK,0.8919,1112.0,2320.0,1773,38725,2,0
RYBAL_149,2003.04.21_Rybal_149_GK_NGK_(1112-2320)_200.nlgx,2003.04.21_Rybal_149_GK_NGK_(1112-2320)_200.jpg,2003.04.21_Rybal_149_GK_NGK_(1112-2320)_200.las,NGK1,NGK,,SA2,6964,0.9686,NGK,0.8259,1112.0,2320.0,1773,38725,1,1
RYBAL_149,2003.05.21_Rybal_149_AK_(2232-2748)_500.nlgx,2003.05.21_Rybal_149_AK_(2232-2748)_500.jpg,2003.05.21_Rybal_149_AK_(2232-2748)_500.las,DT1,DT,,SA1,1784,0.0017,DT,0.749,2232.0,2752.0,1275,17753,2,0
RYBAL_149,2003.05.21_Rybal_149_BKZ1_KB_(2234-2748)_GZ1_GZ2_GZ3_PS.nlgx,2003.05.21_Rybal_149_BKZ1_KB_(2234-2748)_GZ1_GZ2_GZ3_PS.jpg,2003.05.21_Rybal_149_BKZ1_KB_(2234-2748)_GZ1_GZ2_GZ3_PS.las,GZ11,GZ,,SA1,2198,0.7634,GZ1,0.9224,2234.0,2748.0,1275,17101,2,0
RYBAL_149,2003.05.21_Rybal_149_BKZ1_KB_(2234-2748)_GZ1_GZ2_GZ3_PS.nlgx,2003.05.21_Rybal_149_BKZ1_KB_(2234-2748)_GZ1_GZ2_GZ3_PS.jpg,2003.05.21_Rybal_149_BKZ1_KB_(2234-2748)_GZ1_GZ2_GZ3_PS.las,PS1,PS,,SA2,1856,1.0,PS,0.9678,2234.0,2748.0,1275,17101,1,1
RYBAL_149,2003.05.21_Rybal_149_BKZ1_KB_(2234-2748)_GZ1_GZ2_GZ3_PS.nlgx,2003.05.21_Rybal_149_BKZ1_KB_(2234-2748)_GZ1_GZ2_GZ3_PS.jpg,2003.05.21_Rybal_149_BKZ1_KB_(2234-2748)_GZ1_GZ2_GZ3_PS.las,DS1,DS,,SA3,1571,0.9905,DS,0.7472,2234.0,2748.0,1275,17101,1,1
RYBAL_149,2003.05.21_Rybal_149_BKZ1_KB_(2234-2748)_GZ1_GZ2_GZ3_PS.nlgx,2003.05.21_Rybal_149_BKZ1_KB_(2234-2748)_GZ1_GZ2_GZ3_PS.jpg,2003.05.21_Rybal_149_BKZ1_KB_(2234-2748)_GZ1_GZ2_GZ3_PS.las,GZ21,GZ,,SA4,1995,0.3769,GZ2,0.9618,2234.0,2748.0,1275,17101,3,0
RYBAL_149,2003.05.21_Rybal_149_BKZ1_KB_(2234-2748)_GZ1_GZ2_GZ3_PS.nlgx,2003.05.21_Rybal_149_BKZ1_KB_(2234-2748)_GZ1_GZ2_GZ3_PS.jpg,2003.05.21_Rybal_149_BKZ1_KB_(2234-2748)_GZ1_GZ2_GZ3_PS.las,GZ31,GZ,,SA5,2239,0.9075,GZ3,0.966,2234.0,2748.0,1275,17101,3,1
RYBAL_149,2003.05.21_Rybal_149_Prof_(0119-2750).nlgx,2003.05.21_Rybal_149_Prof_(0119-2750).jpg,2003.05.21_Rybal_149_Prof_(0119-2750).las,DS1,DS,,SA1,1945,0.3193,DS,0.4311,1190.0,2750.0,1275,20796,1,0
RYBAL_149,2003.05.31_Rybal_149_BK_MBK_(1328-2758).nlgx,2003.05.31_Rybal_149_BK_MBK_(1328-2758).jpg,2003.05.31_Rybal_149_BK_MBK_(1328-2758).las,MBK1,MBK,,SA1,6554,0.837,MBK,0.6198,1328.0,2758.0,1785,44542,2,0
RYBAL_149,2003.05.31_Rybal_149_BK_MBK_(1328-2758).nlgx,2003.05.31_Rybal_149_BK_MBK_(1328-2758).jpg,2003.05.31_Rybal_149_BK_MBK_(1328-2758).las,BK2,BK,,SA1,2445,0.9468,BK,0.7274,1328.0,2758.0,1785,44542,2,1
RYBAL_149,2003.05.31_Rybal_149_BKZ2_IK_(2227-2748)_GZ4_GZ5.nlgx,2003.05.31_Rybal_149_BKZ2_IK_(2227-2748)_GZ4_GZ5.jpg,2003.05.31_Rybal_149_BKZ2_IK_(2227-2748)_GZ4_GZ5.las,GZ41,GZ,,SA1,1599,0.5478,GZ4,0.8913,2228.0,2746.0,1275,17608,3,0
RYBAL_149,2003.05.31_Rybal_149_BKZ2_IK_(2227-2748)_GZ4_GZ5.nlgx,2003.05.31_Rybal_149_BKZ2_IK_(2227-2748)_GZ4_GZ5.jpg,2003.05.31_Rybal_149_BKZ2_IK_(2227-2748)_GZ4_GZ5.las,GZ51,GZ,,SA2,1540,0.9565,GZ5,0.8443,2228.0,2746.0,1275,17608,2,1
RYBAL_149,2003.05.31_Rybal_149_BKZ2_IK_(2227-2748)_GZ4_GZ5.nlgx,2003.05.31_Rybal_149_BKZ2_IK_(2227-2748)_GZ4_GZ5.jpg,2003.05.31_Rybal_149_BKZ2_IK_(2227-2748)_GZ4_GZ5.las,IKA1,IKA,,SA3,2463,0.6991,IKA,0.9326,2228.0,2746.0,1275,17608,2,0
RYBAL_149,2003.05.31_Rybal_149_BKZ2_IK_(2227-2748)_GZ4_GZ5.nlgx,2003.05.31_Rybal_149_BKZ2_IK_(2227-2748)_GZ4_GZ5.jpg,2003.05.31_Rybal_149_BKZ2_IK_(2227-2748)_GZ4_GZ5.las,IKR1,IKR,,SA4,1353,0.1441,IKR,0.976,2228.0,2746.0,1275,17608,2,0
RYBAL_149,2003.05.31_Rybal_149_GK_NGK_(2127-2758)_200.nlgx,2003.05.31_Rybal_149_GK_NGK_(2127-2758)_200.jpg,2003.05.31_Rybal_149_GK_NGK_(2127-2758)_200.las,GK1,GK,,SA1,5058,0.4964,GK,,2128.0,2758.0,1275,21158,2,0
RYBAL_149,2003.05.31_Rybal_149_GK_NGK_(2127-2758)_200.nlgx,2003.05.31_Rybal_149_GK_NGK_(2127-2758)_200.jpg,2003.05.31_Rybal_149_GK_NGK_(2127-2758)_200.las,NGK1,NGK,,SA2,4550,0.9668,NGK,,2128.0,2758.0,1275,21158,1,1
RYBAL_149,2003.08.20_Rybal_149_AK_(3010-3380)_200.nlgx,2003.08.20_Rybal_149_AK_(3010-3380)_200.jpg,2003.08.20_Rybal_149_AK_(3010-3380)_200.las,DT1,DT,,SA1,1313,0.981,DT,0.3037,3016.0,3381.2,1275,12971,1,1
RYBAL_149,2003.08.20_Rybal_149_BK_MBK_(3020-3384).nlgx,2003.08.20_Rybal_149_BK_MBK_(3020-3384).jpg,2003.08.20_Rybal_149_BK_MBK_(3020-3384).las,BK1,BK,,SA1,1222,0.7357,BK,0.9123,3022.0,3384.0,1275,12463,2,0
RYBAL_149,2003.08.20_Rybal_149_BK_MBK_(3020-3384).nlgx,2003.08.20_Rybal_149_BK_MBK_(3020-3384).jpg,2003.08.20_Rybal_149_BK_MBK_(3020-3384).las,MBK1,MBK,,SA2,1508,0.4867,MBK,0.8956,3022.0,3384.0,1275,12463,1,0
RYBAL_149,2003.08.20_Rybal_149_BKZ1_KB_(3010-3380)_GZ1_GZ2_GZ3_PS.nlgx,2003.08.20_Rybal_149_BKZ1_KB_(3010-3380)_GZ1_GZ2_GZ3_PS.jpg,2003.08.20_Rybal_149_BKZ1_KB_(3010-3380)_GZ1_GZ2_GZ3_PS.las,GZ11,GZ,,SA1,1335,0.439,GZ1,0.8048,3010.0,3380.0,1275,12898,1,0
RYBAL_149,2003.08.20_Rybal_149_BKZ1_KB_(3010-3380)_GZ1_GZ2_GZ3_PS.nlgx,2003.08.20_Rybal_149_BKZ1_KB_(3010-3380)_GZ1_GZ2_GZ3_PS.jpg,2003.08.20_Rybal_149_BKZ1_KB_(3010-3380)_GZ1_GZ2_GZ3_PS.las,PS1,PS,,SA2,1020,0.9882,PS,0.9551,3010.0,3380.0,1275,12898,1,1
RYBAL_149,2003.08.20_Rybal_149_BKZ1_KB_(3010-3380)_GZ1_GZ2_GZ3_PS.nlgx,2003.08.20_Rybal_149_BKZ1_KB_(3010-3380)_GZ1_GZ2_GZ3_PS.jpg,2003.08.20_Rybal_149_BKZ1_KB_(3010-3380)_GZ1_GZ2_GZ3_PS.las,DS1,DS,,SA3,1598,0.9768,DS,0.8225,3010.0,3380.0,1275,12898,1,1
RYBAL_149,2003.08.20_Rybal_149_BKZ1_KB_(3010-3380)_GZ1_GZ2_GZ3_PS.nlgx,2003.08.20_Rybal_149_BKZ1_KB_(3010-3380)_GZ1_GZ2_GZ3_PS.jpg,2003.08.20_Rybal_149_BKZ1_KB_(3010-3380)_GZ1_GZ2_GZ3_PS.las,GZ21,GZ,,SA4,1690,0.103,GZ2,0.9345,3010.0,3380.0,1275,12898,2,0
RYBAL_149,2003.08.20_Rybal_149_BKZ1_KB_(3010-3380)_GZ1_GZ2_GZ3_PS.nlgx,2003.08.20_Rybal_149_BKZ1_KB_(3010-3380)_GZ1_GZ2_GZ3_PS.jpg,2003.08.20_Rybal_149_BKZ1_KB_(3010-3380)_GZ1_GZ2_GZ3_PS.las,GZ31,GZ,,SA5,1750,0.564,GZ3,0.9836,3010.0,3380.0,1275,12898,2,0
RYBAL_149,2003.08.20_Rybal_149_BKZ2_IK_(3026-3380)_GZ4_GZ5.nlgx,2003.08.20_Rybal_149_BKZ2_IK_(3026-3380)_GZ4_GZ5.jpg,2003.08.20_Rybal_149_BKZ2_IK_(3026-3380)_GZ4_GZ5.las,GZ41,GZ,,SA1,1294,0.8423,GZ4,0.9886,3026.0,3384.0,1275,12463,3,0
RYBAL_149,2003.08.20_Rybal_149_BKZ2_IK_(3026-3380)_GZ4_GZ5.nlgx,2003.08.20_Rybal_149_BKZ2_IK_(3026-3380)_GZ4_GZ5.jpg,2003.08.20_Rybal_149_BKZ2_IK_(3026-3380)_GZ4_GZ5.las,GZ51,GZ,,SA3,1309,0.9847,GZ5,0.9822,3026.0,3384.0,1275,12463,3,1
RYBAL_149,2003.08.20_Rybal_149_BKZ2_IK_(3026-3380)_GZ4_GZ5.nlgx,2003.08.20_Rybal_149_BKZ2_IK_(3026-3380)_GZ4_GZ5.jpg,2003.08.20_Rybal_149_BKZ2_IK_(3026-3380)_GZ4_GZ5.las,IKA1,IKA,,SA2,2064,0.9826,IKA,0.986,3026.0,3384.0,1275,12463,1,1
RYBAL_149,2003.08.20_Rybal_149_BKZ2_IK_(3026-3380)_GZ4_GZ5.nlgx,2003.08.20_Rybal_149_BKZ2_IK_(3026-3380)_GZ4_GZ5.jpg,2003.08.20_Rybal_149_BKZ2_IK_(3026-3380)_GZ4_GZ5.las,IKR1,IKR,,SA4,2006,0.6002,IKR,0.9606,3026.0,3384.0,1275,12463,2,0
RYBAL_149,2003.08.20_Rybal_149_GK_NGK_(3016-3388)_200.nlgx,2003.08.20_Rybal_149_GK_NGK_(3016-3388)_200.jpg,2003.08.20_Rybal_149_GK_NGK_(3016-3388)_200.las,NGK1,NGK,,SA1,2096,0.6231,NGK,0.8524,3016.0,3388.0,1275,12971,1,0
RYBAL_149,2003.08.20_Rybal_149_GK_NGK_(3016-3388)_200.nlgx,2003.08.20_Rybal_149_GK_NGK_(3016-3388)_200.jpg,2003.08.20_Rybal_149_GK_NGK_(3016-3388)_200.las,GK1,GK,,SA2,1952,0.6726,GK,0.9336,3016.0,3388.0,1275,12971,1,0
RYBAL_149,2003.08.20_Rybal_149_Prof_(2740-3385).nlgx,2003.08.20_Rybal_149_Prof_(2740-3385).jpg,2003.08.20_Rybal_149_Prof_(2740-3385).las,DS1,DS,,SA1,989,0.7695,DS,0.5507,2740.0,3385.0,1275,9433,1,0
RYBAL_168,1980.02.02_Rybal_168_IK_(1280-2731)_200.nlgx,1980.02.02_Rybal_168_IK_(1280-2731)_200.jpg,1980.02.02_Rybal_168_IK_(1280-2731)_200.las,IK1,IK,,SA1,4944,0.9824,IK,0.9738,1280.0,2732.0,1034,60904,3,1
RYBAL_168,1980.07.15_Rybal_168_KB_(0041-0968)_500.nlgx,1980.07.15_Rybal_168_KB_(0041-0968)_500.jpg,1980.07.15_Rybal_168_KB_(0041-0968)_500.las,DS1,DS,,SA1,795,0.9962,DS,0.9601,30.0,970.0,1437,17224,1,1
RYBAL_168,1980.07.15_Rybal_168_ST_(0041-3660).nlgx,1980.07.15_Rybal_168_ST_(0041-3660).jpg,1980.07.15_Rybal_168_ST_(0041-3660).las,GZ1,GZ,,SA1,2753,0.138,GZ,0.9856,40.0,3660.0,746,45000,2,0
RYBAL_168,1980.07.15_Rybal_168_ST_(0041-3660).nlgx,1980.07.15_Rybal_168_ST_(0041-3660).jpg,1980.07.15_Rybal_168_ST_(0041-3660).las,PS1,PS,,SA2,501,0.6986,PS,0.9994,40.0,3660.0,746,45000,1,0
RYBAL_168,1980.07.15_Rybal_168_ST_(0041-3660).nlgx,1980.07.15_Rybal_168_ST_(0041-3660).jpg,1980.07.15_Rybal_168_ST_(0041-3660).las,PZ1,PZ,,SA3,863,0.9977,PZ,0.9444,40.0,3660.0,746,45000,2,1
RYBAL_168,1980.07.15_Rybal_168_ST_(0041-3660).nlgx,1980.07.15_Rybal_168_ST_(0041-3660).jpg,1980.07.15_Rybal_168_ST_(0041-3660).las,GZ1,GZ,,SA4,3766,0.5202,,,40.0,3660.0,746,45000,3,0
RYBAL_168,1980.07.15_Rybal_168_ST_(0041-3660).nlgx,1980.07.15_Rybal_168_ST_(0041-3660).jpg,1980.07.15_Rybal_168_ST_(0041-3660).las,PS1,PS,,SA5,3423,0.6576,,,40.0,3660.0,746,45000,4,0
RYBAL_168,1980.07.15_Rybal_168_ST_(0041-3660).nlgx,1980.07.15_Rybal_168_ST_(0041-3660).jpg,1980.07.15_Rybal_168_ST_(0041-3660).las,PZ1,PZ,,SA6,4031,0.9998,,,40.0,3660.0,746,45000,3,1
RYBAL_168,1980.08.07_Rybal_168_GK_NGK_(0000-1317)_500.nlgx,1980.08.07_Rybal_168_GK_NGK_(0000-1317)_500.jpg,1980.08.07_Rybal_168_GK_NGK_(0000-1317)_500.las,GK1,GK,,SA1,2106,0.9991,GK,0.9887,0.0,1320.0,1032,23174,1,1
RYBAL_168,1980.09.02_Rybal_168_BK_(1280-2727)_200.nlgx,1980.09.02_Rybal_168_BK_(1280-2727)_200.jpg,1980.09.02_Rybal_168_BK_(1280-2727)_200.las,BK1,BK,,SA1,9132,0.9791,BK,0.5716,1280.0,2740.0,1015,60596,2,1
RYBAL_168,1980.09.02_Rybal_168_BKZ1_(1280-2724)_GZ1_GZ2_GZ3_GZ4_PS.nlgx,1980.09.02_Rybal_168_BKZ1_(1280-2724)_GZ1_GZ2_GZ3_GZ4_PS.jpg,1980.09.02_Rybal_168_BKZ1_(1280-2724)_GZ1_GZ2_GZ3_GZ4_PS.las,GZ11,GZ,,SA1,6315,0.9375,GZ1,0.7537,1280.0,2724.0,1390,59920,2,1
RYBAL_168,1980.09.02_Rybal_168_BKZ1_(1280-2724)_GZ1_GZ2_GZ3_GZ4_PS.nlgx,1980.09.02_Rybal_168_BKZ1_(1280-2724)_GZ1_GZ2_GZ3_GZ4_PS.jpg,1980.09.02_Rybal_168_BKZ1_(1280-2724)_GZ1_GZ2_GZ3_GZ4_PS.las,GZ21,GZ,,SA2,6222,0.8517,GZ2,0.8574,1280.0,2724.0,1390,59920,3,0
RYBAL_168,1980.09.02_Rybal_168_BKZ1_(1280-2724)_GZ1_GZ2_GZ3_GZ4_PS.nlgx,1980.09.02_Rybal_168_BKZ1_(1280-2724)_GZ1_GZ2_GZ3_GZ4_PS.jpg,1980.09.02_Rybal_168_BKZ1_(1280-2724)_GZ1_GZ2_GZ3_GZ4_PS.las,GZ31,GZ,,SA3,5485,0.8809,GZ3,0.8831,1280.0,2724.0,1390,59920,3,0
RYBAL_168,1980.09.02_Rybal_168_BKZ1_(1280-2724)_GZ1_GZ2_GZ3_GZ4_PS.nlgx,1980.09.02_Rybal_168_BKZ1_(1280-2724)_GZ1_GZ2_GZ3_GZ4_PS.jpg,1980.09.02_Rybal_168_BKZ1_(1280-2724)_GZ1_GZ2_GZ3_GZ4_PS.las,GZ41,GZ,,SA4,3862,0.7408,GZ4,0.8357,1280.0,2724.0,1390,59920,3,0
RYBAL_168,1980.09.02_Rybal_168_BKZ1_(1280-2724)_GZ1_GZ2_GZ3_GZ4_PS.nlgx,1980.09.02_Rybal_168_BKZ1_(1280-2724)_GZ1_GZ2_GZ3_GZ4_PS.jpg,1980.09.02_Rybal_168_BKZ1_(1280-2724)_GZ1_GZ2_GZ3_GZ4_PS.las,PS1,PS,,SA5,4623,0.5271,PS,0.9675,1280.0,2724.0,1390,59920,1,0
RYBAL_168,1980.09.02_Rybal_168_BKZ2_(1280-2724)_GZ5_OGZ_KB.nlgx,1980.09.02_Rybal_168_BKZ2_(1280-2724)_GZ5_OGZ_KB.jpg,1980.09.02_Rybal_168_BKZ2_(1280-2724)_GZ5_OGZ_KB.las,GZ51,GZ,,SA1,4559,0.9996,GZ5,0.561,1280.0,2720.0,1408,60075,2,1
RYBAL_168,1980.09.02_Rybal_168_BKZ2_(1280-2724)_GZ5_OGZ_KB.nlgx,1980.09.02_Rybal_168_BKZ2_(1280-2724)_GZ5_OGZ_KB.jpg,1980.09.02_Rybal_168_BKZ2_(1280-2724)_GZ5_OGZ_KB.las,OGZ1,OGZ,,SA2,4726,0.9342,OGZ,0.7689,1280.0,2720.0,1408,60075,3,1
RYBAL_168,1980.09.02_Rybal_168_BKZ2_(1280-2724)_GZ5_OGZ_KB.nlgx,1980.09.02_Rybal_168_BKZ2_(1280-2724)_GZ5_OGZ_KB.jpg,1980.09.02_Rybal_168_BKZ2_(1280-2724)_GZ5_OGZ_KB.las,DS1,DS,,SA3,6894,0.993,DS,0.6336,1280.0,2720.0,1408,60075,1,1
RYBAL_168,1980.09.02_Rybal_168_KB_Prof_(0980-2720)_500.nlgx,1980.09.02_Rybal_168_KB_Prof_(0980-2720)_500.jpg,1980.09.02_Rybal_168_KB_Prof_(0980-2720)_500.las,DS1,DS,,SA1,3684,0.9777,DS,0.582,970.0,2720.0,1417,30101,1,1
RYBAL_168,1980.11.04_Rybal_168_GK_NGK_(1280-2738)_200.nlgx,1980.11.04_Rybal_168_GK_NGK_(1280-2738)_200.jpg,1980.11.04_Rybal_168_GK_NGK_(1280-2738)_200.las,GK1,GK,,SA1,8818,0.9619,GK,0.9277,1280.0,2740.0,1433,60330,2,1
RYBAL_168,1980.11.04_Rybal_168_GK_NGK_(1280-2738)_200.nlgx,1980.11.04_Rybal_168_GK_NGK_(1280-2738)_200.jpg,1980.11.04_Rybal_168_GK_NGK_(1280-2738)_200.las,NGK1,NGK,,SA2,9369,0.8793,NGK,0.8087,1280.0,2740.0,1433,60330,3,0
RYBAL_168,1980.11.05_Rybal_168_BK_(2748-3064)_200.nlgx,1980.11.05_Rybal_168_BK_(2748-3064)_200.jpg,1980.11.05_Rybal_168_BK_(2748-3064)_200.las,BK1,BK,,SA1,2101,0.9724,BK,0.6877,2748.0,3064.0,1000,14965,2,1
RYBAL_168,1980.11.05_Rybal_168_BKZ1_(2746-3080)_GZ1_GZ2_GZ3_GZ4_PS.nlgx,1980.11.05_Rybal_168_BKZ1_(2746-3080)_GZ1_GZ2_GZ3_GZ4_PS.jpg,1980.11.05_Rybal_168_BKZ1_(2746-3080)_GZ1_GZ2_GZ3_GZ4_PS.las,GZ11,GZ,,SA1,1758,0.8481,GZ1,0.6805,2744.0,3084.0,1399,15644,1,0
RYBAL_168,1980.11.05_Rybal_168_BKZ1_(2746-3080)_GZ1_GZ2_GZ3_GZ4_PS.nlgx,1980.11.05_Rybal_168_BKZ1_(2746-3080)_GZ1_GZ2_GZ3_GZ4_PS.jpg,1980.11.05_Rybal_168_BKZ1_(2746-3080)_GZ1_GZ2_GZ3_GZ4_PS.las,GZ21,GZ,,SA2,1804,0.7295,GZ2,0.7808,2744.0,3084.0,1399,15644,2,0
RYBAL_168,1980.11.05_Rybal_168_BKZ1_(2746-3080)_GZ1_GZ2_GZ3_GZ4_PS.nlgx,1980.11.05_Rybal_168_BKZ1_(2746-3080)_GZ1_GZ2_GZ3_GZ4_PS.jpg,1980.11.05_Rybal_168_BKZ1_(2746-3080)_GZ1_GZ2_GZ3_GZ4_PS.las,GZ31,GZ,,SA3,1435,0.8801,GZ3,0.8479,2744.0,3084.0,1399,15644,3,0
RYBAL_168,1980.11.05_Rybal_168_BKZ1_(2746-3080)_GZ1_GZ2_GZ3_GZ4_PS.nlgx,1980.11.05_Rybal_168_BKZ1_(2746-3080)_GZ1_GZ2_GZ3_GZ4_PS.jpg,1980.11.05_Rybal_168_BKZ1_(2746-3080)_GZ1_GZ2_GZ3_GZ4_PS.las,GZ41,GZ,,SA4,5508,0.8079,GZ4,0.84,2744.0,3084.0,1399,15644,3,0
RYBAL_168,1980.11.05_Rybal_168_BKZ1_(2746-3080)_GZ1_GZ2_GZ3_GZ4_PS.nlgx,1980.11.05_Rybal_168_BKZ1_(2746-3080)_GZ1_GZ2_GZ3_GZ4_PS.jpg,1980.11.05_Rybal_168_BKZ1_(2746-3080)_GZ1_GZ2_GZ3_GZ4_PS.las,PS1,PS,,SA5,1108,0.861,PS,0.9386,2744.0,3084.0,1399,15644,1,0
RYBAL_168,1980.11.05_Rybal_168_BKZ2_(2746-3080)_GZ5_OGZ.nlgx,1980.11.05_Rybal_168_BKZ2_(2746-3080)_GZ5_OGZ.jpg,1980.11.05_Rybal_168_BKZ2_(2746-3080)_GZ5_OGZ.las,GZ51,GZ,,SA1,1202,0.9276,GZ5,0.9661,2748.0,3076.0,1386,15400,2,1
RYBAL_168,1980.11.05_Rybal_168_BKZ2_(2746-3080)_GZ5_OGZ.nlgx,1980.11.05_Rybal_168_BKZ2_(2746-3080)_GZ5_OGZ.jpg,1980.11.05_Rybal_168_BKZ2_(2746-3080)_GZ5_OGZ.las,OGZ1,OGZ,,SA2,1571,0.8771,OGZ,0.9781,2748.0,3076.0,1386,15400,3,0
RYBAL_168,1980.12.18_Rybal_168_BKZ1_(3000-3472)_GZ1_GZ2_GZ3_GZ4_PS.nlgx,1980.12.18_Rybal_168_BKZ1_(3000-3472)_GZ1_GZ2_GZ3_GZ4_PS.jpg,1980.12.18_Rybal_168_BKZ1_(3000-3472)_GZ1_GZ2_GZ3_GZ4_PS.las,GZ11,GZ,,SA1,2286,0.8399,GZ1,,2996.0,3476.0,1424,21055,2,0
RYBAL_168,1980.12.18_Rybal_168_BKZ1_(3000-3472)_GZ1_GZ2_GZ3_GZ4_PS.nlgx,1980.12.18_Rybal_168_BKZ1_(3000-3472)_GZ1_GZ2_GZ3_GZ4_PS.jpg,1980.12.18_Rybal_168_BKZ1_(3000-3472)_GZ1_GZ2_GZ3_GZ4_PS.las,GZ21,GZ,,SA2,2376,0.7689,GZ2,,2996.0,3476.0,1424,21055,2,0
RYBAL_168,1980.12.18_Rybal_168_BKZ1_(3000-3472)_GZ1_GZ2_GZ3_GZ4_PS.nlgx,1980.12.18_Rybal_168_BKZ1_(3000-3472)_GZ1_GZ2_GZ3_GZ4_PS.jpg,1980.12.18_Rybal_168_BKZ1_(3000-3472)_GZ1_GZ2_GZ3_GZ4_PS.las,GZ31,GZ,,SA3,2221,0.9072,GZ3,,2996.0,3476.0,1424,21055,3,1
RYBAL_168,1980.12.18_Rybal_168_BKZ1_(3000-3472)_GZ1_GZ2_GZ3_GZ4_PS.nlgx,1980.12.18_Rybal_168_BKZ1_(3000-3472)_GZ1_GZ2_GZ3_GZ4_PS.jpg,1980.12.18_Rybal_168_BKZ1_(3000-3472)_GZ1_GZ2_GZ3_GZ4_PS.las,GZ41,GZ,,SA4,2034,0.7886,GZ4,,2996.0,3476.0,1424,21055,3,0
RYBAL_168,1980.12.18_Rybal_168_BKZ1_(3000-3472)_GZ1_GZ2_GZ3_GZ4_PS.nlgx,1980.12.18_Rybal_168_BKZ1_(3000-3472)_GZ1_GZ2_GZ3_GZ4_PS.jpg,1980.12.18_Rybal_168_BKZ1_(3000-3472)_GZ1_GZ2_GZ3_GZ4_PS.las,PS1,PS,,SA5,926,0.4644,PS,,2996.0,3476.0,1424,21055,1,0
RYBAL_168,1980.12.18_Rybal_168_BKZ2_(3000-3473)_GZ5_OGZ_KB.nlgx,1980.12.18_Rybal_168_BKZ2_(3000-3473)_GZ5_OGZ_KB.jpg,1980.12.18_Rybal_168_BKZ2_(3000-3473)_GZ5_OGZ_KB.las,GZ51,GZ,,SA1,1929,0.9497,GZ5,0.972,2996.0,3476.0,1392,20883,3,1
RYBAL_168,1980.12.18_Rybal_168_BKZ2_(3000-3473)_GZ5_OGZ_KB.nlgx,1980.12.18_Rybal_168_BKZ2_(3000-3473)_GZ5_OGZ_KB.jpg,1980.12.18_Rybal_168_BKZ2_(3000-3473)_GZ5_OGZ_KB.las,OGZ1,OGZ,,SA2,2284,0.8809,OGZ,0.9622,2996.0,3476.0,1392,20883,3,0
RYBAL_168,1980.12.18_Rybal_168_BKZ2_(3000-3473)_GZ5_OGZ_KB.nlgx,1980.12.18_Rybal_168_BKZ2_(3000-3473)_GZ5_OGZ_KB.jpg,1980.12.18_Rybal_168_BKZ2_(3000-3473)_GZ5_OGZ_KB.las,DS1,DS,,SA3,2724,0.942,DS,0.9064,2996.0,3476.0,1392,20883,1,1
RYBAL_168,1980.12.19_Rybal_168_BK_(3000-3478)_200.nlgx,1980.12.19_Rybal_168_BK_(3000-3478)_200.jpg,1980.12.19_Rybal_168_BK_(3000-3478)_200.las,BK1,BK,,SA1,2795,0.8766,BK,0.8108,3000.0,3480.0,982,21636,2,0
RYBAL_168,1980.12.19_Rybal_168_MBK_(3000-3476)_200.nlgx,1980.12.19_Rybal_168_MBK_(3000-3476)_200.jpg,1980.12.19_Rybal_168_MBK_(3000-3476)_200.las,MBK1,MBK,,SA1,2369,0.3968,MBK,0.8328,2996.0,3480.0,1070,21126,3,0
RYBAL_168,1981.01.09_Rybal_168_IK_(2746-3533)_200.nlgx,1981.01.09_Rybal_168_IK_(2746-3533)_200.jpg,1981.01.09_Rybal_168_IK_(2746-3533)_200.las,IK1,IK,,SA1,2696,0.6191,IK,0.9601,2744.0,3536.0,1015,34178,3,0
RYBAL_168,1981.01.21_Rybal_168_BKZ1_(3420-3660)_GZ1_GZ2_GZ3_GZ4_PS.nlgx,1981.01.21_Rybal_168_BKZ1_(3420-3660)_GZ1_GZ2_GZ3_GZ4_PS.jpg,1981.01.21_Rybal_168_BKZ1_(3420-3660)_GZ1_GZ2_GZ3_GZ4_PS.las,GZ11,GZ,,SA1,1348,0.632,GZ1,0.8762,3416.0,3664.0,1413,11773,2,0
RYBAL_168,1981.01.21_Rybal_168_BKZ1_(3420-3660)_GZ1_GZ2_GZ3_GZ4_PS.nlgx,1981.01.21_Rybal_168_BKZ1_(3420-3660)_GZ1_GZ2_GZ3_GZ4_PS.jpg,1981.01.21_Rybal_168_BKZ1_(3420-3660)_GZ1_GZ2_GZ3_GZ4_PS.las,GZ21,GZ,,SA2,4540,0.5731,GZ2,0.8675,3416.0,3664.0,1413,11773,3,0
RYBAL_168,1981.01.21_Rybal_168_BKZ1_(3420-3660)_GZ1_GZ2_GZ3_GZ4_PS.nlgx,1981.01.21_Rybal_168_BKZ1_(3420-3660)_GZ1_GZ2_GZ3_GZ4_PS.jpg,1981.01.21_Rybal_168_BKZ1_(3420-3660)_GZ1_GZ2_GZ3_GZ4_PS.las,GZ31,GZ,,SA3,4877,0.7484,GZ3,0.9245,3416.0,3664.0,1413,11773,3,0
RYBAL_168,1981.01.21_Rybal_168_BKZ1_(3420-3660)_GZ1_GZ2_GZ3_GZ4_PS.nlgx,1981.01.21_Rybal_168_BKZ1_(3420-3660)_GZ1_GZ2_GZ3_GZ4_PS.jpg,1981.01.21_Rybal_168_BKZ1_(3420-3660)_GZ1_GZ2_GZ3_GZ4_PS.las,GZ41,GZ,,SA4,4598,0.6749,GZ4,0.9585,3416.0,3664.0,1413,11773,3,0
RYBAL_168,1981.01.21_Rybal_168_BKZ1_(3420-3660)_GZ1_GZ2_GZ3_GZ4_PS.nlgx,1981.01.21_Rybal_168_BKZ1_(3420-3660)_GZ1_GZ2_GZ3_GZ4_PS.jpg,1981.01.21_Rybal_168_BKZ1_(3420-3660)_GZ1_GZ2_GZ3_GZ4_PS.las,PS1,PS,,SA5,926,0.4244,PS,0.9865,3416.0,3664.0,1413,11773,1,0
RYBAL_168,1981.01.21_Rybal_168_BKZ2_(3420-3660)_GZ5_OGZ_KB.nlgx,1981.01.21_Rybal_168_BKZ2_(3420-3660)_GZ5_OGZ_KB.jpg,1981.01.21_Rybal_168_BKZ2_(3420-3660)_GZ5_OGZ_KB.las,GZ51,GZ,,SA1,5420,0.6493,GZ5,0.9896,3416.0,3664.0,1407,11612,3,0
RYBAL_168,1981.01.21_Rybal_168_BKZ2_(3420-3660)_GZ5_OGZ_KB.nlgx,1981.01.21_Rybal_168_BKZ2_(3420-3660)_GZ5_OGZ_KB.jpg,1981.01.21_Rybal_168_BKZ2_(3420-3660)_GZ5_OGZ_KB.las,OGZ1,OGZ,,SA2,1152,0.6146,OGZ,0.9713,3416.0,3664.0,1407,11612,3,0
RYBAL_168,1981.01.21_Rybal_168_BKZ2_(3420-3660)_GZ5_OGZ_KB.nlgx,1981.01.21_Rybal_168_BKZ2_(3420-3660)_GZ5_OGZ_KB.jpg,1981.01.21_Rybal_168_BKZ2_(3420-3660)_GZ5_OGZ_KB.las,DS1,DS,,SA3,1227,0.621,DS,0.9486,3416.0,3664.0,1407,11612,1,0
RYBAL_168,1981.01.24_Rybal_168_BK_(3404-3660)_200.nlgx,1981.01.24_Rybal_168_BK_(3404-3660)_200.jpg,1981.01.24_Rybal_168_BK_(3404-3660)_200.las,BK1,BK,,SA1,1414,0.4993,BK,0.7137,3404.0,3664.0,1019,13198,2,0
RYBAL_168,1981.01.24_Rybal_168_GK_NGK_(2680-3662)_200.nlgx,1981.01.24_Rybal_168_GK_NGK_(2680-3662)_200.jpg,1981.01.24_Rybal_168_GK_NGK_(2680-3662)_200.las,GK1,GK,,SA1,4970,0.928,GK,0.9074,2680.0,3664.0,1425,41326,2,1
RYBAL_168,1981.01.24_Rybal_168_GK_NGK_(2680-3662)_200.nlgx,1981.01.24_Rybal_168_GK_NGK_(2680-3662)_200.jpg,1981.01.24_Rybal_168_GK_NGK_(2680-3662)_200.las,NGK1,NGK,,SA2,5485,0.9183,NGK,0.9638,2680.0,3664.0,1425,41326,3,1
RYBAL_168,1981.01.24_Rybal_168_IK_(3480-3662)_200.nlgx,1981.01.24_Rybal_168_IK_(3480-3662)_200.jpg,1981.01.24_Rybal_168_IK_(3480-3662)_200.las,IK1,IK,,SA1,522,0.7337,IK,0.9958,3480.0,3664.0,1019,9758,2,0
RYBAL_168,1981.11.21_Rybal_168_KB_(2749-3610)_500.nlgx,1981.11.21_Rybal_168_KB_(2749-3610)_500.jpg,1981.11.21_Rybal_168_KB_(2749-3610)_500.las,DS1,DS,,SA1,2407,0.8853,DS,0.907,2740.0,3610.0,1374,16147,1,0
RYBAL_179,1993.07.16_Rybal_179_BK_MBK_PS_KB_MKB_(1096-1580)_200.nlgx,1993.07.16_Rybal_179_BK_MBK_PS_KB_MKB_(1096-1580)_200.jpg,1993.07.16_Rybal_179_BK_MBK_PS_KB_MKB_(1096-1580)_200.las,MBK1,MBK,,SA1,2846,0.1704,MBK,,1096.0,1580.0,1798,15884,1,0
RYBAL_179,1993.07.16_Rybal_179_BK_MBK_PS_KB_MKB_(1096-1580)_200.nlgx,1993.07.16_Rybal_179_BK_MBK_PS_KB_MKB_(1096-1580)_200.jpg,1993.07.16_Rybal_179_BK_MBK_PS_KB_MKB_(1096-1580)_200.las,BK2,BK,,SA1,2287,0.2256,BK,,1096.0,1580.0,1798,15884,1,0
RYBAL_179,1993.07.16_Rybal_179_BK_MBK_PS_KB_MKB_(1096-1580)_200.nlgx,1993.07.16_Rybal_179_BK_MBK_PS_KB_MKB_(1096-1580)_200.jpg,1993.07.16_Rybal_179_BK_MBK_PS_KB_MKB_(1096-1580)_200.las,DS1,DS,,SA1,1750,0.2971,DS,,1096.0,1580.0,1798,15884,1,0
RYBAL_179,1993.07.16_Rybal_179_BKZ1_(1100-1575)_GZ1_GZ2_GZ3_GZ6_PS.nlgx,1993.07.16_Rybal_179_BKZ1_(1100-1575)_GZ1_GZ2_GZ3_GZ6_PS.jpg,1993.07.16_Rybal_179_BKZ1_(1100-1575)_GZ1_GZ2_GZ3_GZ6_PS.las,GZ11,GZ,,SA1,2919,0.1096,GZ1,0.6736,1100.0,1576.0,3552,31120,1,0
RYBAL_179,1993.07.16_Rybal_179_BKZ1_(1100-1575)_GZ1_GZ2_GZ3_GZ6_PS.nlgx,1993.07.16_Rybal_179_BKZ1_(1100-1575)_GZ1_GZ2_GZ3_GZ6_PS.jpg,1993.07.16_Rybal_179_BKZ1_(1100-1575)_GZ1_GZ2_GZ3_GZ6_PS.las,GZ21,GZ,,SA2,1427,0.4716,GZ2,0.8617,1100.0,1576.0,3552,31120,1,0
RYBAL_179,1993.07.16_Rybal_179_BKZ1_(1100-1575)_GZ1_GZ2_GZ3_GZ6_PS.nlgx,1993.07.16_Rybal_179_BKZ1_(1100-1575)_GZ1_GZ2_GZ3_GZ6_PS.jpg,1993.07.16_Rybal_179_BKZ1_(1100-1575)_GZ1_GZ2_GZ3_GZ6_PS.las,GZ61,GZ,,SA3,988,0.5071,GZ6,0.8923,1100.0,1576.0,3552,31120,1,0
RYBAL_179,1993.07.16_Rybal_179_BKZ1_(1100-1575)_GZ1_GZ2_GZ3_GZ6_PS.nlgx,1993.07.16_Rybal_179_BKZ1_(1100-1575)_GZ1_GZ2_GZ3_GZ6_PS.jpg,1993.07.16_Rybal_179_BKZ1_(1100-1575)_GZ1_GZ2_GZ3_GZ6_PS.las,GZ31,GZ,,SA4,1754,0.3763,GZ3,0.8083,1100.0,1576.0,3552,31120,1,0
RYBAL_179,1993.07.16_Rybal_179_BKZ1_(1100-1575)_GZ1_GZ2_GZ3_GZ6_PS.nlgx,1993.07.16_Rybal_179_BKZ1_(1100-1575)_GZ1_GZ2_GZ3_GZ6_PS.jpg,1993.07.16_Rybal_179_BKZ1_(1100-1575)_GZ1_GZ2_GZ3_GZ6_PS.las,PS1,PS,,SA5,1380,0.1333,PS,0.9484,1100.0,1576.0,3552,31120,1,0
RYBAL_179,1993.07.16_Rybal_179_BKZ2_(1103-1580)_GZ4_GZ5_OGZ.nlgx,1993.07.16_Rybal_179_BKZ2_(1103-1580)_GZ4_GZ5_OGZ.jpg,1993.07.16_Rybal_179_BKZ2_(1103-1580)_GZ4_GZ5_OGZ.las,GZ41,GZ,,SA1,2680,0.1362,GZ4,0.9328,1100.0,1580.0,3555,31543,1,0
RYBAL_179,1993.07.16_Rybal_179_BKZ2_(1103-1580)_GZ4_GZ5_OGZ.nlgx,1993.07.16_Rybal_179_BKZ2_(1103-1580)_GZ4_GZ5_OGZ.jpg,1993.07.16_Rybal_179_BKZ2_(1103-1580)_GZ4_GZ5_OGZ.las,GZ51,GZ,,SA2,2876,0.8884,GZ5,0.8165,1100.0,1580.0,3555,31543,1,0
RYBAL_179,1993.07.16_Rybal_179_BKZ2_(1103-1580)_GZ4_GZ5_OGZ.nlgx,1993.07.16_Rybal_179_BKZ2_(1103-1580)_GZ4_GZ5_OGZ.jpg,1993.07.16_Rybal_179_BKZ2_(1103-1580)_GZ4_GZ5_OGZ.las,OGZ1,OGZ,,SA3,3060,0.6252,OGZ,0.8996,1100.0,1580.0,3555,31543,1,0
RYBAL_179,1993.07.16_Rybal_179_IK_(1096-1585)_200.nlgx,1993.07.16_Rybal_179_IK_(1096-1585)_200.jpg,1993.07.16_Rybal_179_IK_(1096-1585)_200.las,IKA1,IKA,,SA1,4857,0.1536,IKA,0.7962,1100.0,1584.0,3606,31773,1,0
RYBAL_179,1993.07.16_Rybal_179_IK_(1096-1585)_200.nlgx,1993.07.16_Rybal_179_IK_(1096-1585)_200.jpg,1993.07.16_Rybal_179_IK_(1096-1585)_200.las,IKR1,IKR,,SA2,4366,0.1576,IKR,0.9034,1100.0,1584.0,3606,31773,1,0
RYBAL_179,1993.07.17_Rybal_179_AK_(1088-1597)_200.nlgx,1993.07.17_Rybal_179_AK_(1088-1597)_200.jpg,1993.07.17_Rybal_179_AK_(1088-1597)_200.las,DT1,DT,,SA1,4217,0.8866,DT,0.9765,1088.0,1598.0,2997,28283,2,0
RYBAL_179,1993.07.17_Rybal_179_AK_(1473-2326)_200.nlgx,1993.07.17_Rybal_179_AK_(1473-2326)_200.jpg,1993.07.17_Rybal_179_AK_(1473-2326)_200.las,DT1,DT,,SA1,7336,0.6118,DT,0.8131,1472.0,2324.0,2972,44933,2,0
RYBAL_179,1993.07.18_Rybal_179_GK_NGK_(0003-1591)_200.nlgx,1993.07.18_Rybal_179_GK_NGK_(0003-1591)_200.jpg,1993.07.18_Rybal_179_GK_NGK_(0003-1591)_200.las,GK1,GK,,SA1,9400,0.0409,GK,0.6608,0.0,1592.0,1207,32844,1,0
RYBAL_179,1993.07.18_Rybal_179_GK_NGK_(0003-1591)_200.nlgx,1993.07.18_Rybal_179_GK_NGK_(0003-1591)_200.jpg,1993.07.18_Rybal_179_GK_NGK_(0003-1591)_200.las,NGK1,NGK,,SA2,10095,0.1475,NGK,0.6944,0.0,1592.0,1207,32844,1,0
RYBAL_179,1993.08.16_Rybal_179_BK_MBK_KB_(1416-2332)_200.nlgx,1993.08.16_Rybal_179_BK_MBK_KB_(1416-2332)_200.jpg,1993.08.16_Rybal_179_BK_MBK_KB_(1416-2332)_200.las,BK1,BK,,SA1,3871,0.6148,BK,0.8469,1416.0,2332.0,1840,28833,1,0
RYBAL_179,1993.08.16_Rybal_179_BK_MBK_KB_(1416-2332)_200.nlgx,1993.08.16_Rybal_179_BK_MBK_KB_(1416-2332)_200.jpg,1993.08.16_Rybal_179_BK_MBK_KB_(1416-2332)_200.las,MBK1,MBK,,SA1,6555,0.5794,MBK,0.7269,1416.0,2332.0,1840,28833,1,0
RYBAL_179,1993.08.16_Rybal_179_BK_MBK_KB_(1416-2332)_200.nlgx,1993.08.16_Rybal_179_BK_MBK_KB_(1416-2332)_200.jpg,1993.08.16_Rybal_179_BK_MBK_KB_(1416-2332)_200.las,DS1,DS,,SA1,5666,0.6576,DS,0.2571,1416.0,2332.0,1840,28833,1,0
RYBAL_179,1993.08.16_Rybal_179_BKZ1_KB_(1472-2320)_GZ1_GZ2_GZ3_GZ6_PS.nlgx,1993.08.16_Rybal_179_BKZ1_KB_(1472-2320)_GZ1_GZ2_GZ3_GZ6_PS.jpg,1993.08.16_Rybal_179_BKZ1_KB_(1472-2320)_GZ1_GZ2_GZ3_GZ6_PS.las,GZ11,GZ,,SA1,7776,0.1833,GZ1,0.7565,1472.0,2320.0,3549,53544,1,0
RYBAL_179,1993.08.16_Rybal_179_BKZ1_KB_(1472-2320)_GZ1_GZ2_GZ3_GZ6_PS.nlgx,1993.08.16_Rybal_179_BKZ1_KB_(1472-2320)_GZ1_GZ2_GZ3_GZ6_PS.jpg,1993.08.16_Rybal_179_BKZ1_KB_(1472-2320)_GZ1_GZ2_GZ3_GZ6_PS.las,GZ21,GZ,,SA2,5748,0.8299,GZ2,0.8848,1472.0,2320.0,3549,53544,2,0
RYBAL_179,1993.08.16_Rybal_179_BKZ1_KB_(1472-2320)_GZ1_GZ2_GZ3_GZ6_PS.nlgx,1993.08.16_Rybal_179_BKZ1_KB_(1472-2320)_GZ1_GZ2_GZ3_GZ6_PS.jpg,1993.08.16_Rybal_179_BKZ1_KB_(1472-2320)_GZ1_GZ2_GZ3_GZ6_PS.las,GZ31,GZ,,SA3,5670,0.645,GZ3,0.9138,1472.0,2320.0,3549,53544,2,0
RYBAL_179,1993.08.16_Rybal_179_BKZ1_KB_(1472-2320)_GZ1_GZ2_GZ3_GZ6_PS.nlgx,1993.08.16_Rybal_179_BKZ1_KB_(1472-2320)_GZ1_GZ2_GZ3_GZ6_PS.jpg,1993.08.16_Rybal_179_BKZ1_KB_(1472-2320)_GZ1_GZ2_GZ3_GZ6_PS.las,GZ61,GZ,,SA4,4739,0.9074,GZ6,0.9124,1472.0,2320.0,3549,53544,1,1
RYBAL_179,1993.08.16_Rybal_179_BKZ1_KB_(1472-2320)_GZ1_GZ2_GZ3_GZ6_PS.nlgx,1993.08.16_Rybal_179_BKZ1_KB_(1472-2320)_GZ1_GZ2_GZ3_GZ6_PS.jpg,1993.08.16_Rybal_179_BKZ1_KB_(1472-2320)_GZ1_GZ2_GZ3_GZ6_PS.las,DS1,DS,,SA5,4096,0.3899,DS,0.5534,1472.0,2320.0,3549,53544,1,0
RYBAL_179,1993.08.16_Rybal_179_BKZ1_KB_(1472-2320)_GZ1_GZ2_GZ3_GZ6_PS.nlgx,1993.08.16_Rybal_179_BKZ1_KB_(1472-2320)_GZ1_GZ2_GZ3_GZ6_PS.jpg,1993.08.16_Rybal_179_BKZ1_KB_(1472-2320)_GZ1_GZ2_GZ3_GZ6_PS.las,PS1,PS,,SA6,8086,0.4054,PS,0.9689,1472.0,2320.0,3549,53544,1,0
RYBAL_179,1993.08.16_Rybal_179_BKZ2_(1456-2320)_GZ4_GZ5_OGZ.nlgx,1993.08.16_Rybal_179_BKZ2_(1456-2320)_GZ4_GZ5_OGZ.jpg,1993.08.16_Rybal_179_BKZ2_(1456-2320)_GZ4_GZ5_OGZ.las,GZ41,GZ,,SA1,7063,0.2148,GZ4,0.4381,1456.0,2320.0,3474,55800,2,0
RYBAL_179,1993.08.16_Rybal_179_BKZ2_(1456-2320)_GZ4_GZ5_OGZ.nlgx,1993.08.16_Rybal_179_BKZ2_(1456-2320)_GZ4_GZ5_OGZ.jpg,1993.08.16_Rybal_179_BKZ2_(1456-2320)_GZ4_GZ5_OGZ.las,GZ1,GZ,,SA2,8184,0.9613,GZ,0.3837,1456.0,2320.0,3474,55800,2,1
RYBAL_179,1993.08.16_Rybal_179_BKZ2_(1456-2320)_GZ4_GZ5_OGZ.nlgx,1993.08.16_Rybal_179_BKZ2_(1456-2320)_GZ4_GZ5_OGZ.jpg,1993.08.16_Rybal_179_BKZ2_(1456-2320)_GZ4_GZ5_OGZ.las,OGZ1,OGZ,,SA3,6423,0.773,OGZ,0.5031,1456.0,2320.0,3474,55800,2,0
RYBAL_179,1993.08.16_Rybal_179_IK_(1456-2330)_200.nlgx,1993.08.16_Rybal_179_IK_(1456-2330)_200.jpg,1993.08.16_Rybal_179_IK_(1456-2330)_200.las,IK1,IK,,SA1,5186,0.7865,IK,0.1988,1456.0,2328.0,3567,56600,1,0
RYBAL_179,1993.08.16_Rybal_179_IK_(1456-2330)_200.nlgx,1993.08.16_Rybal_179_IK_(1456-2330)_200.jpg,1993.08.16_Rybal_179_IK_(1456-2330)_200.las,IK21,IK,,SA1,6825,0.5538,IK2,0.0623,1456.0,2328.0,3567,56600,1,0
RYBAL_179,1993.08.17_Rybal_179_GK_NGK_(1489-2330)_200.nlgx,1993.08.17_Rybal_179_GK_NGK_(1489-2330)_200.jpg,1993.08.17_Rybal_179_GK_NGK_(1489-2330)_200.las,NGK1,NGK,,SA1,9450,0.858,NGK,0.6359,1488.0,2330.0,2975,44492,1,0
RYBAL_179,1993.08.17_Rybal_179_GK_NGK_(1489-2330)_200.nlgx,1993.08.17_Rybal_179_GK_NGK_(1489-2330)_200.jpg,1993.08.17_Rybal_179_GK_NGK_(1489-2330)_200.las,GK1,GK,,SA2,9446,0.6734,GK,0.8767,1488.0,2330.0,2975,44492,1,0
RYBAL_179,1993.09.22_Rybal_179_BKZ1_KB_(2224-2710)_GZ1_GZ2_GZ3_GZ6_PS.nlgx,1993.09.22_Rybal_179_BKZ1_KB_(2224-2710)_GZ1_GZ2_GZ3_GZ6_PS.jpg,1993.09.22_Rybal_179_BKZ1_KB_(2224-2710)_GZ1_GZ2_GZ3_GZ6_PS.las,GZ11,GZ,,SA1,3717,0.2351,GZ1,0.7245,2224.0,2710.0,2960,26692,1,0
RYBAL_179,1993.09.22_Rybal_179_BKZ1_KB_(2224-2710)_GZ1_GZ2_GZ3_GZ6_PS.nlgx,1993.09.22_Rybal_179_BKZ1_KB_(2224-2710)_GZ1_GZ2_GZ3_GZ6_PS.jpg,1993.09.22_Rybal_179_BKZ1_KB_(2224-2710)_GZ1_GZ2_GZ3_GZ6_PS.las,DS1,DS,,SA2,2729,0.5551,DS,0.8127,2224.0,2710.0,2960,26692,1,0
RYBAL_179,1993.09.22_Rybal_179_BKZ1_KB_(2224-2710)_GZ1_GZ2_GZ3_GZ6_PS.nlgx,1993.09.22_Rybal_179_BKZ1_KB_(2224-2710)_GZ1_GZ2_GZ3_GZ6_PS.jpg,1993.09.22_Rybal_179_BKZ1_KB_(2224-2710)_GZ1_GZ2_GZ3_GZ6_PS.las,GZ21,GZ,,SA3,3210,0.6545,GZ2,0.7918,2224.0,2710.0,2960,26692,2,0
RYBAL_179,1993.09.22_Rybal_179_BKZ1_KB_(2224-2710)_GZ1_GZ2_GZ3_GZ6_PS.nlgx,1993.09.22_Rybal_179_BKZ1_KB_(2224-2710)_GZ1_GZ2_GZ3_GZ6_PS.jpg,1993.09.22_Rybal_179_BKZ1_KB_(2224-2710)_GZ1_GZ2_GZ3_GZ6_PS.las,GZ61,GZ,,SA4,2643,0.8426,GZ6,0.8685,2224.0,2710.0,2960,26692,2,0
RYBAL_179,1993.09.22_Rybal_179_BKZ1_KB_(2224-2710)_GZ1_GZ2_GZ3_GZ6_PS.nlgx,1993.09.22_Rybal_179_BKZ1_KB_(2224-2710)_GZ1_GZ2_GZ3_GZ6_PS.jpg,1993.09.22_Rybal_179_BKZ1_KB_(2224-2710)_GZ1_GZ2_GZ3_GZ6_PS.las,GZ31,GZ,,SA5,2948,0.3894,GZ3,0.8638,2224.0,2710.0,2960,26692,3,0
RYBAL_179,1993.09.22_Rybal_179_BKZ1_KB_(2224-2710)_GZ1_GZ2_GZ3_GZ6_PS.nlgx,1993.09.22_Rybal_179_BKZ1_KB_(2224-2710)_GZ1_GZ2_GZ3_GZ6_PS.jpg,1993.09.22_Rybal_179_BKZ1_KB_(2224-2710)_GZ1_GZ2_GZ3_GZ6_PS.las,PS1,PS,,SA6,3502,0.2125,PS,0.9353,2224.0,2710.0,2960,26692,1,0
RYBAL_179,1993.09.22_Rybal_179_BKZ2_(2230-2716)_GZ4_GZ5_OGZ.nlgx,1993.09.22_Rybal_179_BKZ2_(2230-2716)_GZ4_GZ5_OGZ.jpg,1993.09.22_Rybal_179_BKZ2_(2230-2716)_GZ4_GZ5_OGZ.las,GZ41,GZ,,SA1,3418,0.2063,GZ4,0.8132,2228.0,2712.0,2953,26497,3,0
RYBAL_179,1993.09.22_Rybal_179_BKZ2_(2230-2716)_GZ4_GZ5_OGZ.nlgx,1993.09.22_Rybal_179_BKZ2_(2230-2716)_GZ4_GZ5_OGZ.jpg,1993.09.22_Rybal_179_BKZ2_(2230-2716)_GZ4_GZ5_OGZ.las,GZ51,GZ,,SA2,2916,0.7819,GZ5,0.6687,2228.0,2712.0,2953,26497,3,0
RYBAL_179,1993.09.22_Rybal_179_BKZ2_(2230-2716)_GZ4_GZ5_OGZ.nlgx,1993.09.22_Rybal_179_BKZ2_(2230-2716)_GZ4_GZ5_OGZ.jpg,1993.09.22_Rybal_179_BKZ2_(2230-2716)_GZ4_GZ5_OGZ.las,OGZ1,OGZ,,SA3,3624,0.3825,OGZ,0.7846,2228.0,2712.0,2953,26497,3,0
RYBAL_179,1993.10.08_Rybal_179_AK_(2245-2708)_200.nlgx,1993.10.08_Rybal_179_AK_(2245-2708)_200.jpg,1993.10.08_Rybal_179_AK_(2245-2708)_200.las,DT1,DT,,SA1,5179,0.8878,DT,0.6116,2244.0,2708.0,2972,26000,1,0
RYBAL_179,1993.10.08_Rybal_179_BK_MBK_PS_KB_MKB_(2228-2714)_200.nlgx,1993.10.08_Rybal_179_BK_MBK_PS_KB_MKB_(2228-2714)_200.jpg,1993.10.08_Rybal_179_BK_MBK_PS_KB_MKB_(2228-2714)_200.las,MBK1,MBK,,SA1,5578,0.6355,MBK,0.6374,2228.0,2712.0,2972,26800,1,0
RYBAL_179,1993.10.08_Rybal_179_BK_MBK_PS_KB_MKB_(2228-2714)_200.nlgx,1993.10.08_Rybal_179_BK_MBK_PS_KB_MKB_(2228-2714)_200.jpg,1993.10.08_Rybal_179_BK_MBK_PS_KB_MKB_(2228-2714)_200.las,BK1,BK,,SA2,4529,0.6781,BK,0.7809,2228.0,2712.0,2972,26800,1,0
RYBAL_179,1993.10.08_Rybal_179_BK_MBK_PS_KB_MKB_(2228-2714)_200.nlgx,1993.10.08_Rybal_179_BK_MBK_PS_KB_MKB_(2228-2714)_200.jpg,1993.10.08_Rybal_179_BK_MBK_PS_KB_MKB_(2228-2714)_200.las,DS1,DS,,SA3,3154,0.3722,DS,0.6946,2228.0,2712.0,2972,26800,1,0
Semeguniv_020,Semeguniv_20_BK+MBK_3080_3520_200_D1.nlgx,Semeguniv_20_BK+MBK_3080_3520_200_D1.jpg,Semeguniv_20_BK+MBK_3080_3520_200_D1.las,BK1,BK,,SA1,13019,0.9999,BK,0.9842,3068.0,3524.0,1261,16868,4,1
Semeguniv_020,Semeguniv_20_BK+MBK_3080_3520_200_D1.nlgx,Semeguniv_20_BK+MBK_3080_3520_200_D1.jpg,Semeguniv_20_BK+MBK_3080_3520_200_D1.las,MBK1,MBK,,SA2,12114,0.9998,MBK,0.949,3068.0,3524.0,1261,16868,4,1
Semeguniv_020,Semeguniv_20_BK+MBK_3080_3520_200_D1.nlgx,Semeguniv_20_BK+MBK_3080_3520_200_D1.jpg,Semeguniv_20_BK+MBK_3080_3520_200_D1.las,BK2,BK,,SA1,4560,0.7456,BK1,0.9826,3068.0,3524.0,1261,16868,4,0
Semeguniv_020,Semeguniv_20_BK+MBK_3080_3520_200_D1.nlgx,Semeguniv_20_BK+MBK_3080_3520_200_D1.jpg,Semeguniv_20_BK+MBK_3080_3520_200_D1.las,MBK2,MBK,,SA2,4560,0.7735,MBK1,0.9511,3068.0,3524.0,1261,16868,3,0
Semeguniv_020,Semeguniv_20_BK+MBK_3690_4100_200_D1.nlgx,Semeguniv_20_BK+MBK_3690_4100_200_D1.jpg,Semeguniv_20_BK+MBK_3690_4100_200_D1.las,MBK1,MBK,,SA1,8292,0.9999,MBK,0.9882,3688.0,4104.0,1257,16610,3,1
Semeguniv_020,Semeguniv_20_BK+MBK_3690_4100_200_D1.nlgx,Semeguniv_20_BK+MBK_3690_4100_200_D1.jpg,Semeguniv_20_BK+MBK_3690_4100_200_D1.las,BK1,BK,,SA2,12145,1.0,BK,0.9926,3688.0,4104.0,1257,16610,2,1
Semeguniv_020,Semeguniv_20_BK+MBK_4350_4610_200_D1.nlgx,Semeguniv_20_BK+MBK_4350_4610_200_D1.jpg,Semeguniv_20_BK+MBK_4350_4610_200_D1.las,BK1,BK,,SA1,6219,0.9998,BK,0.9844,4348.0,4612.0,1234,11891,4,1
Semeguniv_020,Semeguniv_20_BK+MBK_4350_4610_200_D1.nlgx,Semeguniv_20_BK+MBK_4350_4610_200_D1.jpg,Semeguniv_20_BK+MBK_4350_4610_200_D1.las,MBK1,MBK,,SA2,6574,0.9998,MBK,0.9887,4348.0,4612.0,1234,11891,4,1
Semeguniv_020,Semeguniv_20_BKZ_3770_4040_200_D1.nlgx,Semeguniv_20_BKZ_3770_4040_200_D1.jpg,Semeguniv_20_BKZ_3770_4040_200_D1.las,GZ11,GZ,,SA1,8018,0.9988,GZ1,0.9776,3760.0,4036.0,1240,11735,1,1
Semeguniv_020,Semeguniv_20_BKZ_3770_4040_200_D1.nlgx,Semeguniv_20_BKZ_3770_4040_200_D1.jpg,Semeguniv_20_BKZ_3770_4040_200_D1.las,GZ21,GZ,,SA2,7561,0.9989,GZ2,0.9801,3760.0,4036.0,1240,11735,1,1
Semeguniv_020,Semeguniv_20_BKZ_3770_4040_200_D1.nlgx,Semeguniv_20_BKZ_3770_4040_200_D1.jpg,Semeguniv_20_BKZ_3770_4040_200_D1.las,GZ31,GZ,,SA3,7710,1.0,GZ3,0.9957,3760.0,4036.0,1240,11735,2,1
Semeguniv_020,Semeguniv_20_BKZ_3770_4040_200_D1.nlgx,Semeguniv_20_BKZ_3770_4040_200_D1.jpg,Semeguniv_20_BKZ_3770_4040_200_D1.las,GZ41,GZ,,SA4,618,0.9984,GZ4,0.9971,3760.0,4036.0,1240,11735,2,1
Semeguniv_020,Semeguniv_20_BKZ_3770_4040_200_D1.nlgx,Semeguniv_20_BKZ_3770_4040_200_D1.jpg,Semeguniv_20_BKZ_3770_4040_200_D1.las,SP1,SP,,SA5,226,0.9912,SP,0.9992,3760.0,4036.0,1240,11735,1,1
Semeguniv_020,Semeguniv_20_BKZ_3770_4040_200_D2.nlgx,Semeguniv_20_BKZ_3770_4040_200_D2.jpg,Semeguniv_20_BKZ_3770_4040_200_D2.las,GZ51,GZ,,SA1,8164,1.0,GZ5,0.9981,3764.0,4044.0,1242,11272,2,1
Semeguniv_020,Semeguniv_20_BKZ_3770_4040_200_D2.nlgx,Semeguniv_20_BKZ_3770_4040_200_D2.jpg,Semeguniv_20_BKZ_3770_4040_200_D2.las,OGZ1,OGZ,,SA2,605,0.995,OGZ,0.9988,3764.0,4044.0,1242,11272,2,1
Semeguniv_020,Semeguniv_20_BKZ_3770_4040_200_D2.nlgx,Semeguniv_20_BKZ_3770_4040_200_D2.jpg,Semeguniv_20_BKZ_3770_4040_200_D2.las,GZ61,GZ,,SA3,8264,1.0,GZ6,0.9955,3764.0,4044.0,1242,11272,3,1
Semeguniv_020,Semeguniv_20_BKZ_4080_4360_200_D1.nlgx,Semeguniv_20_BKZ_4080_4360_200_D1.jpg,Semeguniv_20_BKZ_4080_4360_200_D1.las,GZ11,GZ,,SA1,794,0.9987,GZ1,0.9956,4080.0,4360.0,1232,14577,2,1
Semeguniv_020,Semeguniv_20_BKZ_4080_4360_200_D1.nlgx,Semeguniv_20_BKZ_4080_4360_200_D1.jpg,Semeguniv_20_BKZ_4080_4360_200_D1.las,DS1,DS,,SA2,544,0.9945,DS,0.9989,4080.0,4360.0,1232,14577,1,1
Semeguniv_020,Semeguniv_20_BKZ_4080_4360_200_D1.nlgx,Semeguniv_20_BKZ_4080_4360_200_D1.jpg,Semeguniv_20_BKZ_4080_4360_200_D1.las,GZ31,GZ,,SA3,1539,1.0,GZ3,0.9993,4080.0,4360.0,1232,14577,3,1
Semeguniv_020,Semeguniv_20_BKZ_4080_4360_200_D1.nlgx,Semeguniv_20_BKZ_4080_4360_200_D1.jpg,Semeguniv_20_BKZ_4080_4360_200_D1.las,GZ21,GZ,,SA4,709,1.0,GZ2,0.9984,4080.0,4360.0,1232,14577,3,1
Semeguniv_020,Semeguniv_20_BKZ_4080_4360_200_D1.nlgx,Semeguniv_20_BKZ_4080_4360_200_D1.jpg,Semeguniv_20_BKZ_4080_4360_200_D1.las,SP1,SP,,SA5,388,1.0,SP,0.9983,4080.0,4360.0,1232,14577,1,1
Semeguniv_020,Semeguniv_20_BKZ_4080_4360_200_D2.nlgx,Semeguniv_20_BKZ_4080_4360_200_D2.jpg,Semeguniv_20_BKZ_4080_4360_200_D2.las,GZ41,GZ,,SA1,1458,1.0,GZ4,0.9966,4080.0,4364.0,1230,14508,4,1
Semeguniv_020,Semeguniv_20_BKZ_4080_4360_200_D2.nlgx,Semeguniv_20_BKZ_4080_4360_200_D2.jpg,Semeguniv_20_BKZ_4080_4360_200_D2.las,OGZ1,OGZ,,SA2,624,0.9856,OGZ,0.9875,4080.0,4364.0,1230,14508,4,1
Semeguniv_020,Semeguniv_20_BKZ_4080_4360_200_D2.nlgx,Semeguniv_20_BKZ_4080_4360_200_D2.jpg,Semeguniv_20_BKZ_4080_4360_200_D2.las,GZ51,GZ,,SA3,585,1.0,GZ5,0.9984,4080.0,4364.0,1230,14508,4,1
Semeguniv_020,Semeguniv_20_MK_3080_3520_200_D1.nlgx,Semeguniv_20_MK_3080_3520_200_D1.jpg,Semeguniv_20_MK_3080_3520_200_D1.las,MGZ1,MGZ,,SA1,1963,0.9297,MGZ,0.9637,3070.0,3522.0,819,19202,3,1
Semeguniv_020,Semeguniv_20_MK_3080_3520_200_D1.nlgx,Semeguniv_20_MK_3080_3520_200_D1.jpg,Semeguniv_20_MK_3080_3520_200_D1.las,MPZ1,MPZ,,SA2,3482,0.9997,MPZ,0.9517,3070.0,3522.0,819,19202,3,1
Semeguniv_020,Semeguniv_20_MK_3720_4100_200_D1.nlgx,Semeguniv_20_MK_3720_4100_200_D1.jpg,Semeguniv_20_MK_3720_4100_200_D1.las,MPZ1,MPZ,,SA1,1368,1.0,MPZ,0.9558,3720.0,4104.0,838,17071,2,1
Semeguniv_020,Semeguniv_20_MK_3720_4100_200_D1.nlgx,Semeguniv_20_MK_3720_4100_200_D1.jpg,Semeguniv_20_MK_3720_4100_200_D1.las,MGZ1,MGZ,,SA2,2163,0.9584,MGZ,0.92,3720.0,4104.0,838,17071,2,1
SKVORTS_012_2,SKVORTS_012_AK_2982-3325_200_1993-07-28_D_11.nlgx,SKVORTS_012_AK_2982-3325_200_1993-07-28_D_11.jpg,SKVORTS_012_AK_2982-3325_200_1993-07-28_D_11.las,T11,T,,SA1,662,0.8263,T1,,2974.0,3328.0,3571,23061,1,0
SKVORTS_012_2,SKVORTS_012_AK_2982-3325_200_1993-07-28_D_11.nlgx,SKVORTS_012_AK_2982-3325_200_1993-07-28_D_11.jpg,SKVORTS_012_AK_2982-3325_200_1993-07-28_D_11.las,T21,T,,SA2,792,0.8384,T2,,2974.0,3328.0,3571,23061,1,0
SKVORTS_012_2,SKVORTS_012_AK_2982-3325_200_1993-07-28_D_11.nlgx,SKVORTS_012_AK_2982-3325_200_1993-07-28_D_11.jpg,SKVORTS_012_AK_2982-3325_200_1993-07-28_D_11.las,DTP1,DTP,,SA3,1353,0.7857,DTP,,2974.0,3328.0,3571,23061,3,0
SKVORTS_012_2,SKVORTS_012_AK_2982-3325_200_1993-07-28_D_11.nlgx,SKVORTS_012_AK_2982-3325_200_1993-07-28_D_11.jpg,SKVORTS_012_AK_2982-3325_200_1993-07-28_D_11.las,AL1,AL,,SA4,1701,0.6978,AL,,2974.0,3328.0,3571,23061,3,0
SKVORTS_012_2,SKVORTS_012_AK_3270-3374_200_1993-08-03_D_1.nlgx,SKVORTS_012_AK_3270-3374_200_1993-08-03_D_1.jpg,SKVORTS_012_AK_3270-3374_200_1993-08-03_D_1.las,T11,T,,SA1,645,0.9535,T1,0.9051,3264.0,3376.0,2551,9400,1,1
SKVORTS_012_2,SKVORTS_012_AK_3270-3374_200_1993-08-03_D_1.nlgx,SKVORTS_012_AK_3270-3374_200_1993-08-03_D_1.jpg,SKVORTS_012_AK_3270-3374_200_1993-08-03_D_1.las,T21,T,,SA2,567,0.9735,T2,0.9093,3264.0,3376.0,2551,9400,1,1
SKVORTS_012_2,SKVORTS_012_AK_3270-3374_200_1993-08-03_D_1.nlgx,SKVORTS_012_AK_3270-3374_200_1993-08-03_D_1.jpg,SKVORTS_012_AK_3270-3374_200_1993-08-03_D_1.las,DTP1,DTP,,SA3,1270,0.9929,DTP,0.9597,3264.0,3376.0,2551,9400,1,1
SKVORTS_012_2,SKVORTS_012_AK_3270-3374_200_1993-08-03_D_1.nlgx,SKVORTS_012_AK_3270-3374_200_1993-08-03_D_1.jpg,SKVORTS_012_AK_3270-3374_200_1993-08-03_D_1.las,A21,A,,SA1,1103,0.9973,A2,0.8702,3264.0,3376.0,2551,9400,1,1
SKVORTS_012_2,SKVORTS_012_AK_3270-3374_200_1993-08-03_D_1.nlgx,SKVORTS_012_AK_3270-3374_200_1993-08-03_D_1.jpg,SKVORTS_012_AK_3270-3374_200_1993-08-03_D_1.las,A11,A,,SA2,992,0.9788,A1,0.9106,3264.0,3376.0,2551,9400,1,1
SKVORTS_012_2,SKVORTS_012_AK_3270-3374_200_1993-08-03_D_1.nlgx,SKVORTS_012_AK_3270-3374_200_1993-08-03_D_1.jpg,SKVORTS_012_AK_3270-3374_200_1993-08-03_D_1.las,AL1,AL,,SA3,487,0.9897,AL,0.3156,3264.0,3376.0,2551,9400,1,1
SKVORTS_012_2,SKVORTS_012_BK_2493-2748_200_1993-04-28_D_1.nlgx,SKVORTS_012_BK_2493-2748_200_1993-04-28_D_1.jpg,SKVORTS_012_BK_2493-2748_200_1993-04-28_D_1.las,BK1,BK,,SA1,2865,0.9773,BK,0.9051,2492.0,2748.0,2607,18093,1,1
SKVORTS_012_2,SKVORTS_012_BK_2780-3060_200_1993-05-18_D_1.nlgx,SKVORTS_012_BK_2780-3060_200_1993-05-18_D_1.jpg,SKVORTS_012_BK_2780-3060_200_1993-05-18_D_1.las,BK1,BK,,SA1,1296,0.9823,BK,0.9076,2780.0,3068.0,2561,20178,1,1
SKVORTS_012_2,SKVORTS_012_BK_3150-3324_200_1993-07-27_D_1.nlgx,SKVORTS_012_BK_3150-3324_200_1993-07-27_D_1.jpg,SKVORTS_012_BK_3150-3324_200_1993-07-27_D_1.las,BK1,BK,,SA1,896,0.9989,BK,,3148.0,3328.0,2653,12877,1,1
SKVORTS_012_2,SKVORTS_012_BKZ_2492-2844_200_1993-05-03_D_11.nlgx,SKVORTS_012_BKZ_2492-2844_200_1993-05-03_D_11.jpg,SKVORTS_012_BKZ_2492-2844_200_1993-05-03_D_11.las,GZ11,GZ,,SA1,2465,0.9671,GZ1,0.9717,2490.0,2844.0,2596,24571,2,1
SKVORTS_012_2,SKVORTS_012_BKZ_2492-2844_200_1993-05-03_D_11.nlgx,SKVORTS_012_BKZ_2492-2844_200_1993-05-03_D_11.jpg,SKVORTS_012_BKZ_2492-2844_200_1993-05-03_D_11.las,GZ21,GZ,,SA2,2165,0.9543,GZ2,0.988,2490.0,2844.0,2596,24571,2,1
SKVORTS_012_2,SKVORTS_012_BKZ_2492-2844_200_1993-05-03_D_11.nlgx,SKVORTS_012_BKZ_2492-2844_200_1993-05-03_D_11.jpg,SKVORTS_012_BKZ_2492-2844_200_1993-05-03_D_11.las,GZ31,GZ,,SA3,1540,0.9857,GZ3,0.9912,2490.0,2844.0,2596,24571,2,1
SKVORTS_012_2,SKVORTS_012_BKZ_2492-2844_200_1993-05-03_D_11.nlgx,SKVORTS_012_BKZ_2492-2844_200_1993-05-03_D_11.jpg,SKVORTS_012_BKZ_2492-2844_200_1993-05-03_D_11.las,GZ41,GZ,,SA4,1076,0.948,GZ4,0.9923,2490.0,2844.0,2596,24571,3,1
SKVORTS_012_2,SKVORTS_012_BKZ_2492-2844_200_1993-05-03_D_11.nlgx,SKVORTS_012_BKZ_2492-2844_200_1993-05-03_D_11.jpg,SKVORTS_012_BKZ_2492-2844_200_1993-05-03_D_11.las,SP1,SP,,SA5,1745,0.9582,SP,0.9944,2490.0,2844.0,2596,24571,1,1
SKVORTS_012_2,SKVORTS_012_BKZ_2780-3060_200_1993-05-18_D_11.nlgx,SKVORTS_012_BKZ_2780-3060_200_1993-05-18_D_11.jpg,SKVORTS_012_BKZ_2780-3060_200_1993-05-18_D_11.las,GZ21,GZ,,SA1,868,0.826,GZ2,0.9836,2780.0,3064.0,2530,20468,1,0
SKVORTS_012_2,SKVORTS_012_BKZ_2780-3060_200_1993-05-18_D_11.nlgx,SKVORTS_012_BKZ_2780-3060_200_1993-05-18_D_11.jpg,SKVORTS_012_BKZ_2780-3060_200_1993-05-18_D_11.las,GZ41,GZ,,SA2,1505,0.9037,GZ4,0.9963,2780.0,3064.0,2530,20468,2,1
SKVORTS_012_2,SKVORTS_012_BKZ_2780-3060_200_1993-05-18_D_11.nlgx,SKVORTS_012_BKZ_2780-3060_200_1993-05-18_D_11.jpg,SKVORTS_012_BKZ_2780-3060_200_1993-05-18_D_11.las,GZ31,GZ,,SA3,659,0.9848,GZ3,0.9955,2780.0,3064.0,2530,20468,2,1
SKVORTS_012_2,SKVORTS_012_BKZ_2780-3060_200_1993-05-18_D_11.nlgx,SKVORTS_012_BKZ_2780-3060_200_1993-05-18_D_11.jpg,SKVORTS_012_BKZ_2780-3060_200_1993-05-18_D_11.las,SP1,SP,,SA4,313,0.9968,SP,0.9964,2780.0,3064.0,2530,20468,1,1
SKVORTS_012_2,SKVORTS_012_BKZ_3000-3208_200_1993-06-30_D_11.nlgx,SKVORTS_012_BKZ_3000-3208_200_1993-06-30_D_11.jpg,SKVORTS_012_BKZ_3000-3208_200_1993-06-30_D_11.las,GZ11,GZ,,SA1,1303,0.9962,GZ1,0.9912,3000.0,3210.0,2559,16169,1,1
SKVORTS_012_2,SKVORTS_012_BKZ_3000-3208_200_1993-06-30_D_11.nlgx,SKVORTS_012_BKZ_3000-3208_200_1993-06-30_D_11.jpg,SKVORTS_012_BKZ_3000-3208_200_1993-06-30_D_11.las,GZ21,GZ,,SA2,2795,0.9725,GZ2,0.9901,3000.0,3210.0,2559,16169,2,1
SKVORTS_012_2,SKVORTS_012_BKZ_3000-3208_200_1993-06-30_D_11.nlgx,SKVORTS_012_BKZ_3000-3208_200_1993-06-30_D_11.jpg,SKVORTS_012_BKZ_3000-3208_200_1993-06-30_D_11.las,SP1,SP,,SA3,755,0.9974,SP,0.999,3000.0,3210.0,2559,16169,1,1
SKVORTS_012_2,SKVORTS_012_BKZ_3000-3208_200_1993-06-30_D_11.nlgx,SKVORTS_012_BKZ_3000-3208_200_1993-06-30_D_11.jpg,SKVORTS_012_BKZ_3000-3208_200_1993-06-30_D_11.las,GZ31,GZ,,SA4,1411,0.9865,GZ3,0.991,3000.0,3210.0,2559,16169,2,1
SKVORTS_012_2,SKVORTS_012_BKZ_3000-3208_200_1993-06-30_D_11.nlgx,SKVORTS_012_BKZ_3000-3208_200_1993-06-30_D_11.jpg,SKVORTS_012_BKZ_3000-3208_200_1993-06-30_D_11.las,GZ41,GZ,,SA5,2212,0.9263,GZ4,0.9933,3000.0,3210.0,2559,16169,2,1
SKVORTS_012_2,SKVORTS_012_BKZ_3148-3320_200_1993-07-27_D_11.nlgx,SKVORTS_012_BKZ_3148-3320_200_1993-07-27_D_11.jpg,SKVORTS_012_BKZ_3148-3320_200_1993-07-27_D_11.las,GZ11,GZ,,SA1,919,0.9902,GZ1,0.9785,3148.0,3320.0,2588,13244,1,1
SKVORTS_012_2,SKVORTS_012_BKZ_3148-3320_200_1993-07-27_D_11.nlgx,SKVORTS_012_BKZ_3148-3320_200_1993-07-27_D_11.jpg,SKVORTS_012_BKZ_3148-3320_200_1993-07-27_D_11.las,GZ21,GZ,,SA2,683,0.978,GZ2,0.9924,3148.0,3320.0,2588,13244,1,1
SKVORTS_012_2,SKVORTS_012_BKZ_3148-3320_200_1993-07-27_D_11.nlgx,SKVORTS_012_BKZ_3148-3320_200_1993-07-27_D_11.jpg,SKVORTS_012_BKZ_3148-3320_200_1993-07-27_D_11.las,GZ31,GZ,,SA3,1234,0.9911,GZ3,0.9957,3148.0,3320.0,2588,13244,2,1
SKVORTS_012_2,SKVORTS_012_BKZ_3148-3320_200_1993-07-27_D_11.nlgx,SKVORTS_012_BKZ_3148-3320_200_1993-07-27_D_11.jpg,SKVORTS_012_BKZ_3148-3320_200_1993-07-27_D_11.las,GZ41,GZ,,SA4,1819,0.9098,GZ4,0.9939,3148.0,3320.0,2588,13244,3,1
SKVORTS_012_2,SKVORTS_012_BKZ_3148-3320_200_1993-07-27_D_11.nlgx,SKVORTS_012_BKZ_3148-3320_200_1993-07-27_D_11.jpg,SKVORTS_012_BKZ_3148-3320_200_1993-07-27_D_11.las,SP1,SP,,SA5,254,1.0,SP,0.9953,3148.0,3320.0,2588,13244,1,1
SKVORTS_012_2,SKVORTS_012_BKZ_3270-3370_200_1993-08-04_D_11.nlgx,SKVORTS_012_BKZ_3270-3370_200_1993-08-04_D_11.jpg,SKVORTS_012_BKZ_3270-3370_200_1993-08-04_D_11.las,GZ11,GZ,,SA1,420,1.0,GZ1,0.9641,3270.0,3370.0,2553,9268,1,1
SKVORTS_012_2,SKVORTS_012_BKZ_3270-3370_200_1993-08-04_D_11.nlgx,SKVORTS_012_BKZ_3270-3370_200_1993-08-04_D_11.jpg,SKVORTS_012_BKZ_3270-3370_200_1993-08-04_D_11.las,GZ21,GZ,,SA2,1292,0.9745,GZ2,0.9949,3270.0,3370.0,2553,9268,1,1
SKVORTS_012_2,SKVORTS_012_BKZ_3270-3370_200_1993-08-04_D_11.nlgx,SKVORTS_012_BKZ_3270-3370_200_1993-08-04_D_11.jpg,SKVORTS_012_BKZ_3270-3370_200_1993-08-04_D_11.las,GZ31,GZ,,SA3,470,1.0,GZ3,0.9952,3270.0,3370.0,2553,9268,1,1
SKVORTS_012_2,SKVORTS_012_BKZ_3270-3370_200_1993-08-04_D_11.nlgx,SKVORTS_012_BKZ_3270-3370_200_1993-08-04_D_11.jpg,SKVORTS_012_BKZ_3270-3370_200_1993-08-04_D_11.las,GZ41,GZ,,SA4,323,0.9474,GZ4,0.9914,3270.0,3370.0,2553,9268,1,1
SKVORTS_012_2,SKVORTS_012_BKZ_3270-3370_200_1993-08-04_D_11.nlgx,SKVORTS_012_BKZ_3270-3370_200_1993-08-04_D_11.jpg,SKVORTS_012_BKZ_3270-3370_200_1993-08-04_D_11.las,SP1,SP,,SA5,389,0.9974,SP,0.9991,3270.0,3370.0,2553,9268,1,1
SKVORTS_012_2,SKVORTS_012_GGK_3060-3370_200_1993-08-04_D_1.nlgx,SKVORTS_012_GGK_3060-3370_200_1993-08-04_D_1.jpg,SKVORTS_012_GGK_3060-3370_200_1993-08-04_D_1.las,GGK1,GGK,,SA1,789,0.9937,GGK,,3054.0,3370.0,1597,21615,1,1
SKVORTS_012_2,SKVORTS_012_IK_2492-2737_200_1993-04-28_D_1.nlgx,SKVORTS_012_IK_2492-2737_200_1993-04-28_D_1.jpg,SKVORTS_012_IK_2492-2737_200_1993-04-28_D_1.las,IKR1,IKR,,SA1,2450,0.9616,IKR,0.9969,2492.0,2740.0,1744,18424,3,1
SKVORTS_012_2,SKVORTS_012_IK_2492-2737_200_1993-04-28_D_1.nlgx,SKVORTS_012_IK_2492-2737_200_1993-04-28_D_1.jpg,SKVORTS_012_IK_2492-2737_200_1993-04-28_D_1.las,IKA1,IKA,,SA2,1151,0.8462,IKA,0.9807,2492.0,2740.0,1744,18424,2,0
SKVORTS_012_2,SKVORTS_012_IK_2750-3064_200_1993-05-18_D_1.nlgx,SKVORTS_012_IK_2750-3064_200_1993-05-18_D_1.jpg,SKVORTS_012_IK_2750-3064_200_1993-05-18_D_1.las,IKR1,IKR,,SA1,905,0.958,IKR,0.988,2748.0,3064.0,1701,22481,3,1
SKVORTS_012_2,SKVORTS_012_IK_2750-3064_200_1993-05-18_D_1.nlgx,SKVORTS_012_IK_2750-3064_200_1993-05-18_D_1.jpg,SKVORTS_012_IK_2750-3064_200_1993-05-18_D_1.las,IKA1,IKA,,SA2,1270,0.9031,IKA,0.9877,2748.0,3064.0,1701,22481,2,1
SKVORTS_012_2,SKVORTS_012_IK_3270-3373_200_1993-08-04_D_1.nlgx,SKVORTS_012_IK_3270-3373_200_1993-08-04_D_1.jpg,SKVORTS_012_IK_3270-3373_200_1993-08-04_D_1.las,IKR1,IKR,,SA1,793,1.0,IKR,0.2824,3270.0,3378.0,1756,9773,1,1
SKVORTS_012_2,SKVORTS_012_IK_3270-3373_200_1993-08-04_D_1.nlgx,SKVORTS_012_IK_3270-3373_200_1993-08-04_D_1.jpg,SKVORTS_012_IK_3270-3373_200_1993-08-04_D_1.las,IKA1,IKA,,SA2,1283,0.9782,IKA,0.2433,3270.0,3378.0,1756,9773,1,1
SKVORTS_012_2,"SKVORTS_012_MBK, MDS_2700-2824_200_1993-05-03_D_1.nlgx","SKVORTS_012_MBK, MDS_2700-2824_200_1993-05-03_D_1.jpg","SKVORTS_012_MBK, MDS_2700-2824_200_1993-05-03_D_1.las",MBK1,MBK,,SA1,2440,0.9975,MBK,,2696.0,2824.0,2497,10526,3,1
SKVORTS_012_2,"SKVORTS_012_MBK, MDS_2700-2824_200_1993-05-03_D_1.nlgx","SKVORTS_012_MBK, MDS_2700-2824_200_1993-05-03_D_1.jpg","SKVORTS_012_MBK, MDS_2700-2824_200_1993-05-03_D_1.las",MCAL²1,MCAL²,,SA2,633,0.9921,MCAL²,,2696.0,2824.0,2497,10526,1,1
SKVORTS_012_2,"SKVORTS_012_MBK, MDS_3000-3325_200_1993-07-27_D_1.nlgx","SKVORTS_012_MBK, MDS_3000-3325_200_1993-07-27_D_1.jpg","SKVORTS_012_MBK, MDS_3000-3325_200_1993-07-27_D_1.las",MBK1,MBK,,SA1,4124,0.9525,MBK,0.9716,3000.0,3324.0,2555,22022,3,1
SKVORTS_012_2,"SKVORTS_012_MBK, MDS_3000-3325_200_1993-07-27_D_1.nlgx","SKVORTS_012_MBK, MDS_3000-3325_200_1993-07-27_D_1.jpg","SKVORTS_012_MBK, MDS_3000-3325_200_1993-07-27_D_1.las",MCALI1,MCALI,,SA2,2694,0.9722,MCALI,0.9362,3000.0,3324.0,2555,22022,1,1
SKVORTS_012_2,SKVORTS_012_MK_2492-2740_200_1993-04-28_D_1.nlgx,SKVORTS_012_MK_2492-2740_200_1993-04-28_D_1.jpg,SKVORTS_012_MK_2492-2740_200_1993-04-28_D_1.las,MGZ1,MGZ,,SA1,2017,0.9048,MGZ,0.849,2490.0,2740.0,1723,18707,2,1
SKVORTS_012_2,SKVORTS_012_MK_2492-2740_200_1993-04-28_D_1.nlgx,SKVORTS_012_MK_2492-2740_200_1993-04-28_D_1.jpg,SKVORTS_012_MK_2492-2740_200_1993-04-28_D_1.las,MPZ1,MPZ,,SA2,1848,0.8003,MPZ,0.831,2490.0,2740.0,1723,18707,2,0
SKVORTS_012_2,SKVORTS_012_NNK-T_3000-3370_200_1993-08-05_D_1.nlgx,SKVORTS_012_NNK-T_3000-3370_200_1993-08-05_D_1.jpg,SKVORTS_012_NNK-T_3000-3370_200_1993-08-05_D_1.las,NNKM1,NNKM,,SA1,3181,0.9987,NNKM,0.9672,2996.0,3372.0,2660,25607,1,1
SKVORTS_012_2,SKVORTS_012_NNK-T_3000-3370_200_1993-08-05_D_1.nlgx,SKVORTS_012_NNK-T_3000-3370_200_1993-08-05_D_1.jpg,SKVORTS_012_NNK-T_3000-3370_200_1993-08-05_D_1.las,NNKB1,NNKB,,SA2,2734,0.996,NNKB,0.9708,2996.0,3372.0,2660,25607,1,1
SKVORTS_012_2,SKVORTS_012_RK_2450-3060_200_1993-05-17_D_1.nlgx,SKVORTS_012_RK_2450-3060_200_1993-05-17_D_1.jpg,SKVORTS_012_RK_2450-3060_200_1993-05-17_D_1.las,GK1,GK,,SA1,3915,0.9995,GK,0.7101,2450.0,3062.0,2589,39524,2,1
SKVORTS_012_2,SKVORTS_012_RK_2450-3060_200_1993-05-17_D_1.nlgx,SKVORTS_012_RK_2450-3060_200_1993-05-17_D_1.jpg,SKVORTS_012_RK_2450-3060_200_1993-05-17_D_1.las,NGK1,NGK,,SA2,4443,0.9986,NGK,0.7549,2450.0,3062.0,2589,39524,2,1
Stanulska_002,Stanulska_2_AK_115_1810_200_D1.nlgx,Stanulska_2_AK_115_1810_200_D1.jpg,Stanulska_2_AK_115_1810_200_D1.las,DT1,DT,,SA1,8989,0.9996,DT,0.8231,96.0,1820.0,679,30000,3,1
Stanulska_002,Stanulska_2_AK_1750_2775_200_D1.nlgx,Stanulska_2_AK_1750_2775_200_D1.jpg,Stanulska_2_AK_1750_2775_200_D1.las,DT1,DT,,SA1,4836,0.9998,DT,0.3533,1740.0,2780.0,1093,30000,2,1
Stanulska_002,Stanulska_2_BK+IK_115_626_200_D1.nlgx,Stanulska_2_BK+IK_115_626_200_D1.jpg,Stanulska_2_BK+IK_115_626_200_D1.las,BK1,BK,,SA1,1401,1.0,BK,0.8956,110.0,630.0,1250,18815,1,1
Stanulska_002,Stanulska_2_BK+IK_115_626_200_D1.nlgx,Stanulska_2_BK+IK_115_626_200_D1.jpg,Stanulska_2_BK+IK_115_626_200_D1.las,IK1,IK,,SA2,2189,0.9995,IK,0.786,110.0,630.0,1250,18815,2,1
Stanulska_002,Stanulska_2_BK+IK_2666_3140_200_D1.nlgx,Stanulska_2_BK+IK_2666_3140_200_D1.jpg,Stanulska_2_BK+IK_2666_3140_200_D1.las,BK1,BK,,SA1,2608,0.9996,BK,0.8852,2616.0,3140.0,1248,20586,1,1
Stanulska_002,Stanulska_2_BK+IK_2666_3140_200_D1.nlgx,Stanulska_2_BK+IK_2666_3140_200_D1.jpg,Stanulska_2_BK+IK_2666_3140_200_D1.las,IK1,IK,,SA1,3024,0.998,IK,0.1384,2616.0,3140.0,1248,20586,2,1
Stanulska_002,Stanulska_2_BK+IK_3050_3410_200_D1.nlgx,Stanulska_2_BK+IK_3050_3410_200_D1.jpg,Stanulska_2_BK+IK_3050_3410_200_D1.las,BK1,BK,,SA1,1620,0.9994,BK,0.8374,3020.0,3400.0,1284,16792,1,1
Stanulska_002,Stanulska_2_BK+IK_3050_3410_200_D1.nlgx,Stanulska_2_BK+IK_3050_3410_200_D1.jpg,Stanulska_2_BK+IK_3050_3410_200_D1.las,IK1,IK,,SA1,1563,0.9974,IK,0.4851,3020.0,3400.0,1284,16792,2,1
Stanulska_002,Stanulska_2_BK+IK_3300_3895_200_D1.nlgx,Stanulska_2_BK+IK_3300_3895_200_D1.jpg,Stanulska_2_BK+IK_3300_3895_200_D1.las,BK1,BK,,SA1,2616,0.9992,BK,0.7769,3240.0,3900.0,1428,24386,1,1
Stanulska_002,Stanulska_2_BK+IK_3300_3895_200_D1.nlgx,Stanulska_2_BK+IK_3300_3895_200_D1.jpg,Stanulska_2_BK+IK_3300_3895_200_D1.las,IK1,IK,,SA1,3208,1.0,IK,0.2923,3240.0,3900.0,1428,24386,1,1
Stanulska_002,Stanulska_2_BK+IK_530_1094_200_D1.nlgx,Stanulska_2_BK+IK_530_1094_200_D1.jpg,Stanulska_2_BK+IK_530_1094_200_D1.las,BK1,BK,,SA1,2598,1.0,BK,0.9334,530.0,1084.0,1328,19800,1,1
Stanulska_002,Stanulska_2_BK+IK_530_1094_200_D1.nlgx,Stanulska_2_BK+IK_530_1094_200_D1.jpg,Stanulska_2_BK+IK_530_1094_200_D1.las,IK1,IK,,SA1,4511,0.9993,IK,-0.5708,530.0,1084.0,1328,19800,2,1
Stanulska_002,Stanulska_2_BK_1980_4440_200_D1.nlgx,Stanulska_2_BK_1980_4440_200_D1.jpg,Stanulska_2_BK_1980_4440_200_D1.las,BK1,BK,,SA1,6089,0.9665,BK,0.9348,1980.0,4436.0,456,29999,2,1
Stanulska_002,Stanulska_2_BK_990_1890_200_D1.nlgx,Stanulska_2_BK_990_1890_200_D1.jpg,Stanulska_2_BK_990_1890_200_D1.las,BK1,BK,,SA1,4114,1.0,BK,0.7711,980.0,1890.0,1021,30000,2,1
Stanulska_002,Stanulska_2_BKZ_115_620_200_D1.nlgx,Stanulska_2_BKZ_115_620_200_D1.jpg,Stanulska_2_BKZ_115_620_200_D1.las,GZ11,GZ,,SA1,1637,1.0,GZ1,0.9788,112.0,620.0,1237,18278,1,1
Stanulska_002,Stanulska_2_BKZ_115_620_200_D1.nlgx,Stanulska_2_BKZ_115_620_200_D1.jpg,Stanulska_2_BKZ_115_620_200_D1.las,MDS1,MDS,,SA2,2815,0.9659,MDS,0.9615,112.0,620.0,1237,18278,1,1
Stanulska_002,Stanulska_2_BKZ_115_620_200_D1.nlgx,Stanulska_2_BKZ_115_620_200_D1.jpg,Stanulska_2_BKZ_115_620_200_D1.las,GZ21,GZ,,SA3,1963,1.0,GZ2,0.9436,112.0,620.0,1237,18278,2,1
Stanulska_002,Stanulska_2_BKZ_115_620_200_D1.nlgx,Stanulska_2_BKZ_115_620_200_D1.jpg,Stanulska_2_BKZ_115_620_200_D1.las,GZ31,GZ,,SA4,8793,1.0,GZ3,0.9929,112.0,620.0,1237,18278,2,1
Stanulska_002,Stanulska_2_BKZ_115_620_200_D1.nlgx,Stanulska_2_BKZ_115_620_200_D1.jpg,Stanulska_2_BKZ_115_620_200_D1.las,SP1,SP,,SA5,848,0.967,SP,0.9928,112.0,620.0,1237,18278,1,1
Stanulska_002,Stanulska_2_BKZ_115_620_200_D2.nlgx,Stanulska_2_BKZ_115_620_200_D2.jpg,Stanulska_2_BKZ_115_620_200_D2.las,GZ41,GZ,,SA1,1420,0.9993,GZ4,0.9992,112.0,624.0,1232,18341,3,1
Stanulska_002,Stanulska_2_BKZ_115_620_200_D2.nlgx,Stanulska_2_BKZ_115_620_200_D2.jpg,Stanulska_2_BKZ_115_620_200_D2.las,OGZ1,OGZ,,SA1,1491,0.9993,OGZ,0.9954,112.0,624.0,1232,18341,2,1
Stanulska_002,Stanulska_2_BKZ_115_620_200_D2.nlgx,Stanulska_2_BKZ_115_620_200_D2.jpg,Stanulska_2_BKZ_115_620_200_D2.las,GZ51,GZ,,SA2,1293,1.0,GZ5,0.9964,112.0,624.0,1232,18341,3,1
Stanulska_002,Stanulska_2_BKZ_1775_2432_200_D1.nlgx,Stanulska_2_BKZ_1775_2432_200_D1.jpg,Stanulska_2_BKZ_1775_2432_200_D1.las,GZ11,GZ,,SA1,1248,1.0,GZ1,0.9425,1776.0,2444.0,1255,22812,1,1
Stanulska_002,Stanulska_2_BKZ_1775_2432_200_D1.nlgx,Stanulska_2_BKZ_1775_2432_200_D1.jpg,Stanulska_2_BKZ_1775_2432_200_D1.las,MDS1,MDS,,SA2,2493,0.9651,MDS,0.9699,1776.0,2444.0,1255,22812,1,1
Stanulska_002,Stanulska_2_BKZ_1775_2432_200_D1.nlgx,Stanulska_2_BKZ_1775_2432_200_D1.jpg,Stanulska_2_BKZ_1775_2432_200_D1.las,GZ21,GZ,,SA3,1788,1.0,GZ2,0.9835,1776.0,2444.0,1255,22812,1,1
Stanulska_002,Stanulska_2_BKZ_1775_2432_200_D1.nlgx,Stanulska_2_BKZ_1775_2432_200_D1.jpg,Stanulska_2_BKZ_1775_2432_200_D1.las,GZ31,GZ,,SA4,2861,1.0,GZ3,0.9845,1776.0,2444.0,1255,22812,2,1
Stanulska_002,Stanulska_2_BKZ_1775_2432_200_D1.nlgx,Stanulska_2_BKZ_1775_2432_200_D1.jpg,Stanulska_2_BKZ_1775_2432_200_D1.las,SP1,SP,,SA5,1110,0.8279,SP,0.9319,1776.0,2444.0,1255,22812,1,0
Stanulska_002,Stanulska_2_BKZ_1775_2432_200_D2.nlgx,Stanulska_2_BKZ_1775_2432_200_D2.jpg,Stanulska_2_BKZ_1775_2432_200_D2.las,GZ41,GZ,,SA1,1664,1.0,GZ4,0.997,1772.0,2432.0,1238,23229,3,1
Stanulska_002,Stanulska_2_BKZ_1775_2432_200_D2.nlgx,Stanulska_2_BKZ_1775_2432_200_D2.jpg,Stanulska_2_BKZ_1775_2432_200_D2.las,OGZ1,OGZ,,SA2,1479,1.0,OGZ,0.9821,1772.0,2432.0,1238,23229,2,1
Stanulska_002,Stanulska_2_BKZ_1775_2432_200_D2.nlgx,Stanulska_2_BKZ_1775_2432_200_D2.jpg,Stanulska_2_BKZ_1775_2432_200_D2.las,GZ51,GZ,,SA3,865,1.0,GZ5,0.9978,1772.0,2432.0,1238,23229,3,1
Stanulska_002,Stanulska_2_BKZ_2380_2760_200_D1.nlgx,Stanulska_2_BKZ_2380_2760_200_D1.jpg,Stanulska_2_BKZ_2380_2760_200_D1.las,GZ11,GZ,,SA1,1353,1.0,GZ1,0.6691,2356.0,2760.0,1269,15119,1,1
Stanulska_002,Stanulska_2_BKZ_2380_2760_200_D1.nlgx,Stanulska_2_BKZ_2380_2760_200_D1.jpg,Stanulska_2_BKZ_2380_2760_200_D1.las,SP1,SP,,SA2,758,0.9301,SP,0.743,2356.0,2760.0,1269,15119,1,1
Stanulska_002,Stanulska_2_BKZ_2380_2760_200_D1.nlgx,Stanulska_2_BKZ_2380_2760_200_D1.jpg,Stanulska_2_BKZ_2380_2760_200_D1.las,GZ21,GZ,,SA3,1023,1.0,GZ2,0.8997,2356.0,2760.0,1269,15119,1,1
Stanulska_002,Stanulska_2_BKZ_2380_2760_200_D1.nlgx,Stanulska_2_BKZ_2380_2760_200_D1.jpg,Stanulska_2_BKZ_2380_2760_200_D1.las,GZ31,GZ,,SA4,1550,1.0,GZ3,0.9354,2356.0,2760.0,1269,15119,2,1
Stanulska_002,Stanulska_2_BKZ_2380_2760_200_D2.nlgx,Stanulska_2_BKZ_2380_2760_200_D2.jpg,Stanulska_2_BKZ_2380_2760_200_D2.las,OGZ1,OGZ,,SA1,9740,0.9999,OGZ,0.7651,2356.0,2760.0,1239,15254,2,1
Stanulska_002,Stanulska_2_BKZ_2380_2760_200_D2.nlgx,Stanulska_2_BKZ_2380_2760_200_D2.jpg,Stanulska_2_BKZ_2380_2760_200_D2.las,GZ41,GZ,,SA2,1614,1.0,GZ4,0.8905,2356.0,2760.0,1239,15254,3,1
Stanulska_002,Stanulska_2_BKZ_2380_2760_200_D2.nlgx,Stanulska_2_BKZ_2380_2760_200_D2.jpg,Stanulska_2_BKZ_2380_2760_200_D2.las,GZ51,GZ,,SA3,609,1.0,GZ5,0.7864,2356.0,2760.0,1239,15254,3,1
Stanulska_002,Stanulska_2_BKZ_2664_3135_200_D1.nlgx,Stanulska_2_BKZ_2664_3135_200_D1.jpg,Stanulska_2_BKZ_2664_3135_200_D1.las,MDS1,MDS,,SA1,3620,0.9837,MDS,0.9362,2624.0,3136.0,1247,20298,1,1
Stanulska_002,Stanulska_2_BKZ_2664_3135_200_D1.nlgx,Stanulska_2_BKZ_2664_3135_200_D1.jpg,Stanulska_2_BKZ_2664_3135_200_D1.las,GZ11,GZ,,SA2,1281,1.0,GZ1,0.9376,2624.0,3136.0,1247,20298,1,1
Stanulska_002,Stanulska_2_BKZ_2664_3135_200_D1.nlgx,Stanulska_2_BKZ_2664_3135_200_D1.jpg,Stanulska_2_BKZ_2664_3135_200_D1.las,GZ21,GZ,,SA3,2087,0.9995,GZ2,0.9624,2624.0,3136.0,1247,20298,1,1
Stanulska_002,Stanulska_2_BKZ_2664_3135_200_D1.nlgx,Stanulska_2_BKZ_2664_3135_200_D1.jpg,Stanulska_2_BKZ_2664_3135_200_D1.las,GZ31,GZ,,SA4,1834,1.0,GZ3,0.9765,2624.0,3136.0,1247,20298,2,1
Stanulska_002,Stanulska_2_BKZ_2664_3135_200_D1.nlgx,Stanulska_2_BKZ_2664_3135_200_D1.jpg,Stanulska_2_BKZ_2664_3135_200_D1.las,SP1,SP,,SA5,848,0.9458,SP,0.9889,2624.0,3136.0,1247,20298,1,1
Stanulska_002,Stanulska_2_BKZ_2664_3135_200_D2.nlgx,Stanulska_2_BKZ_2664_3135_200_D2.jpg,Stanulska_2_BKZ_2664_3135_200_D2.las,GZ41,GZ,,SA1,13971,0.0898,GZ4,0.9113,2652.0,3136.0,1344,17828,3,0
Stanulska_002,Stanulska_2_BKZ_2664_3135_200_D2.nlgx,Stanulska_2_BKZ_2664_3135_200_D2.jpg,Stanulska_2_BKZ_2664_3135_200_D2.las,OGZ1,OGZ,,SA2,13480,0.0676,OGZ,0.9261,2652.0,3136.0,1344,17828,2,0
Stanulska_002,Stanulska_2_BKZ_2664_3135_200_D2.nlgx,Stanulska_2_BKZ_2664_3135_200_D2.jpg,Stanulska_2_BKZ_2664_3135_200_D2.las,GZ51,GZ,,SA3,14041,0.0897,GZ5,0.9638,2652.0,3136.0,1344,17828,3,0
Stanulska_002,Stanulska_2_BKZ_3050_3410_200_D1.nlgx,Stanulska_2_BKZ_3050_3410_200_D1.jpg,Stanulska_2_BKZ_3050_3410_200_D1.las,GZ41,GZ,,SA1,1191,1.0,GZ4,0.7435,3028.0,3412.0,1304,16116,2,1
Stanulska_002,Stanulska_2_BKZ_3050_3410_200_D1.nlgx,Stanulska_2_BKZ_3050_3410_200_D1.jpg,Stanulska_2_BKZ_3050_3410_200_D1.las,OGZ1,OGZ,,SA2,1352,0.9993,OGZ,0.584,3028.0,3412.0,1304,16116,2,1
Stanulska_002,Stanulska_2_BKZ_3050_3410_200_D1.nlgx,Stanulska_2_BKZ_3050_3410_200_D1.jpg,Stanulska_2_BKZ_3050_3410_200_D1.las,GZ51,GZ,,SA3,523,1.0,GZ5,0.7278,3028.0,3412.0,1304,16116,3,1
Stanulska_002,Stanulska_2_BKZ_3050_3410_200_D2.nlgx,Stanulska_2_BKZ_3050_3410_200_D2.jpg,Stanulska_2_BKZ_3050_3410_200_D2.las,GZ11,GZ,,SA1,2282,1.0,GZ1,0.8458,3016.0,3408.0,1313,15877,1,1
Stanulska_002,Stanulska_2_BKZ_3050_3410_200_D2.nlgx,Stanulska_2_BKZ_3050_3410_200_D2.jpg,Stanulska_2_BKZ_3050_3410_200_D2.las,MDS1,MDS,,SA2,1312,0.9573,MDS,0.7997,3016.0,3408.0,1313,15877,1,1
Stanulska_002,Stanulska_2_BKZ_3050_3410_200_D2.nlgx,Stanulska_2_BKZ_3050_3410_200_D2.jpg,Stanulska_2_BKZ_3050_3410_200_D2.las,GZ21,GZ,,SA3,714,1.0,GZ2,0.5557,3016.0,3408.0,1313,15877,1,1
Stanulska_002,Stanulska_2_BKZ_3050_3410_200_D2.nlgx,Stanulska_2_BKZ_3050_3410_200_D2.jpg,Stanulska_2_BKZ_3050_3410_200_D2.las,GZ31,GZ,,SA4,858,1.0,GZ3,0.2402,3016.0,3408.0,1313,15877,2,1
Stanulska_002,Stanulska_2_BKZ_3050_3410_200_D2.nlgx,Stanulska_2_BKZ_3050_3410_200_D2.jpg,Stanulska_2_BKZ_3050_3410_200_D2.las,SP1,SP,,SA5,375,0.9573,SP,0.7388,3016.0,3408.0,1313,15877,1,1
Stanulska_002,Stanulska_2_BKZ_3300_3890_200_D1.nlgx,Stanulska_2_BKZ_3300_3890_200_D1.jpg,Stanulska_2_BKZ_3300_3890_200_D1.las,GZ41,GZ,,SA1,0,0.0,GZ4,0.9771,3248.0,3892.0,23065,1318,2,0
Stanulska_002,Stanulska_2_BKZ_3300_3890_200_D1.nlgx,Stanulska_2_BKZ_3300_3890_200_D1.jpg,Stanulska_2_BKZ_3300_3890_200_D1.las,OGZ1,OGZ,,SA2,0,0.0,OGZ,0.9881,3248.0,3892.0,23065,1318,2,0
Stanulska_002,Stanulska_2_BKZ_3300_3890_200_D1.nlgx,Stanulska_2_BKZ_3300_3890_200_D1.jpg,Stanulska_2_BKZ_3300_3890_200_D1.las,GZ51,GZ,,SA3,0,0.0,GZ5,0.9926,3248.0,3892.0,23065,1318,2,0
Stanulska_002,Stanulska_2_BKZ_3300_3890_200_D2.nlgx,Stanulska_2_BKZ_3300_3890_200_D2.jpg,Stanulska_2_BKZ_3300_3890_200_D2.las,GZ41,GZ,,SA1,0,0.0,GZ4,0.7529,3228.0,3892.0,23782,1293,1,0
Stanulska_002,Stanulska_2_BKZ_3300_3890_200_D2.nlgx,Stanulska_2_BKZ_3300_3890_200_D2.jpg,Stanulska_2_BKZ_3300_3890_200_D2.las,MDS1,MDS,,SA2,0,0.0,MDS,0.8811,3228.0,3892.0,23782,1293,1,0
Stanulska_002,Stanulska_2_BKZ_3300_3890_200_D2.nlgx,Stanulska_2_BKZ_3300_3890_200_D2.jpg,Stanulska_2_BKZ_3300_3890_200_D2.las,GZ21,GZ,,SA3,0,0.0,GZ2,0.9505,3228.0,3892.0,23782,1293,1,0
Stanulska_002,Stanulska_2_BKZ_3300_3890_200_D2.nlgx,Stanulska_2_BKZ_3300_3890_200_D2.jpg,Stanulska_2_BKZ_3300_3890_200_D2.las,GZ31,GZ,,SA4,0,0.0,GZ3,0.975,3228.0,3892.0,23782,1293,2,0
Stanulska_002,Stanulska_2_BKZ_3300_3890_200_D2.nlgx,Stanulska_2_BKZ_3300_3890_200_D2.jpg,Stanulska_2_BKZ_3300_3890_200_D2.las,SP1,SP,,SA5,0,0.0,SP,0.8966,3228.0,3892.0,23782,1293,1,0
Stanulska_002,Stanulska_2_BKZ_3776_4294_200_D1.nlgx,Stanulska_2_BKZ_3776_4294_200_D1.jpg,Stanulska_2_BKZ_3776_4294_200_D1.las,MDS1,MDS,,SA1,2073,0.9952,MDS,0.9803,3768.0,4296.0,1251,19033,1,1
Stanulska_002,Stanulska_2_BKZ_3776_4294_200_D1.nlgx,Stanulska_2_BKZ_3776_4294_200_D1.jpg,Stanulska_2_BKZ_3776_4294_200_D1.las,GZ11,GZ,,SA2,2204,1.0,GZ1,0.9277,3768.0,4296.0,1251,19033,1,1
Stanulska_002,Stanulska_2_BKZ_3776_4294_200_D1.nlgx,Stanulska_2_BKZ_3776_4294_200_D1.jpg,Stanulska_2_BKZ_3776_4294_200_D1.las,SP1,SP,,SA3,262,0.8931,SP,0.9992,3768.0,4296.0,1251,19033,1,0
Stanulska_002,Stanulska_2_BKZ_3776_4294_200_D1.nlgx,Stanulska_2_BKZ_3776_4294_200_D1.jpg,Stanulska_2_BKZ_3776_4294_200_D1.las,GZ21,GZ,,SA4,2335,1.0,GZ2,0.9915,3768.0,4296.0,1251,19033,1,1
Stanulska_002,Stanulska_2_BKZ_3776_4294_200_D1.nlgx,Stanulska_2_BKZ_3776_4294_200_D1.jpg,Stanulska_2_BKZ_3776_4294_200_D1.las,GZ31,GZ,,SA5,1198,1.0,GZ3,0.9949,3768.0,4296.0,1251,19033,1,1
Stanulska_002,Stanulska_2_BKZ_3776_4294_200_D2.nlgx,Stanulska_2_BKZ_3776_4294_200_D2.jpg,Stanulska_2_BKZ_3776_4294_200_D2.las,OGZ1,OGZ,,SA1,1517,1.0,OGZ,0.9981,3772.0,4292.0,1230,19364,1,1
Stanulska_002,Stanulska_2_BKZ_3776_4294_200_D2.nlgx,Stanulska_2_BKZ_3776_4294_200_D2.jpg,Stanulska_2_BKZ_3776_4294_200_D2.las,GZ41,GZ,,SA2,1697,1.0,GZ4,0.9918,3772.0,4292.0,1230,19364,2,1
Stanulska_002,Stanulska_2_BKZ_3776_4294_200_D2.nlgx,Stanulska_2_BKZ_3776_4294_200_D2.jpg,Stanulska_2_BKZ_3776_4294_200_D2.las,GZ51,GZ,,SA3,968,1.0,GZ5,0.9944,3772.0,4292.0,1230,19364,2,1
Stanulska_002,Stanulska_2_BKZ_540_1090_200_D1.nlgx,Stanulska_2_BKZ_540_1090_200_D1.jpg,Stanulska_2_BKZ_540_1090_200_D1.las,MDS1,MDS,,SA1,8948,0.9822,MDS,0.9667,488.0,1088.0,1233,21184,1,1
Stanulska_002,Stanulska_2_BKZ_540_1090_200_D1.nlgx,Stanulska_2_BKZ_540_1090_200_D1.jpg,Stanulska_2_BKZ_540_1090_200_D1.las,GZ11,GZ,,SA2,1223,1.0,GZ1,0.9862,488.0,1088.0,1233,21184,1,1
Stanulska_002,Stanulska_2_BKZ_540_1090_200_D1.nlgx,Stanulska_2_BKZ_540_1090_200_D1.jpg,Stanulska_2_BKZ_540_1090_200_D1.las,GZ21,GZ,,SA3,1249,1.0,GZ2,0.9927,488.0,1088.0,1233,21184,2,1
Stanulska_002,Stanulska_2_BKZ_540_1090_200_D1.nlgx,Stanulska_2_BKZ_540_1090_200_D1.jpg,Stanulska_2_BKZ_540_1090_200_D1.las,GZ31,GZ,,SA4,3653,0.9992,GZ3,0.9911,488.0,1088.0,1233,21184,3,1
Stanulska_002,Stanulska_2_BKZ_540_1090_200_D1.nlgx,Stanulska_2_BKZ_540_1090_200_D1.jpg,Stanulska_2_BKZ_540_1090_200_D1.las,SP1,SP,,SA5,5347,0.9458,SP,0.9964,488.0,1088.0,1233,21184,1,1
Stanulska_002,Stanulska_2_BKZ_540_1090_200_D2.nlgx,Stanulska_2_BKZ_540_1090_200_D2.jpg,Stanulska_2_BKZ_540_1090_200_D2.las,GZ41,GZ,,SA1,760,0.9987,GZ4,0.9974,536.0,1092.0,1235,20826,3,1
Stanulska_002,Stanulska_2_BKZ_540_1090_200_D2.nlgx,Stanulska_2_BKZ_540_1090_200_D2.jpg,Stanulska_2_BKZ_540_1090_200_D2.las,OGZ1,OGZ,,SA2,3992,0.998,OGZ,0.9959,536.0,1092.0,1235,20826,3,1
Stanulska_002,Stanulska_2_BKZ_540_1090_200_D2.nlgx,Stanulska_2_BKZ_540_1090_200_D2.jpg,Stanulska_2_BKZ_540_1090_200_D2.las,GZ51,GZ,,SA3,635,1.0,GZ5,0.9965,536.0,1092.0,1235,20826,2,1
Stanulska_002,Stanulska_2_BKZ_985_1880_200_D1.nlgx,Stanulska_2_BKZ_985_1880_200_D1.jpg,Stanulska_2_BKZ_985_1880_200_D1.las,GZ11,GZ,,SA1,1702,1.0,GZ1,0.9573,980.0,1884.0,1240,29529,1,1
Stanulska_002,Stanulska_2_BKZ_985_1880_200_D1.nlgx,Stanulska_2_BKZ_985_1880_200_D1.jpg,Stanulska_2_BKZ_985_1880_200_D1.las,MDS1,MDS,,SA2,3018,0.9848,MDS,0.9544,980.0,1884.0,1240,29529,1,1
Stanulska_002,Stanulska_2_BKZ_985_1880_200_D1.nlgx,Stanulska_2_BKZ_985_1880_200_D1.jpg,Stanulska_2_BKZ_985_1880_200_D1.las,GZ21,GZ,,SA3,3707,1.0,GZ2,0.9814,980.0,1884.0,1240,29529,1,1
Stanulska_002,Stanulska_2_BKZ_985_1880_200_D1.nlgx,Stanulska_2_BKZ_985_1880_200_D1.jpg,Stanulska_2_BKZ_985_1880_200_D1.las,GZ31,GZ,,SA4,3115,0.999,GZ3,0.9777,980.0,1884.0,1240,29529,2,1
Stanulska_002,Stanulska_2_BKZ_985_1880_200_D1.nlgx,Stanulska_2_BKZ_985_1880_200_D1.jpg,Stanulska_2_BKZ_985_1880_200_D1.las,SP1,SP,,SA5,1664,0.9742,SP,0.9754,980.0,1884.0,1240,29529,1,1
Stanulska_002,Stanulska_2_BKZ_985_1880_200_D2.nlgx,Stanulska_2_BKZ_985_1880_200_D2.jpg,Stanulska_2_BKZ_985_1880_200_D2.las,GZ41,GZ,,SA1,1979,1.0,GZ4,0.9709,980.0,1885.0,1234,29529,3,1
Stanulska_002,Stanulska_2_BKZ_985_1880_200_D2.nlgx,Stanulska_2_BKZ_985_1880_200_D2.jpg,Stanulska_2_BKZ_985_1880_200_D2.las,GZ31,GZ,,SA2,2101,0.9995,GZ3,0.9433,980.0,1885.0,1234,29529,2,1
Stanulska_002,Stanulska_2_BKZ_985_1880_200_D2.nlgx,Stanulska_2_BKZ_985_1880_200_D2.jpg,Stanulska_2_BKZ_985_1880_200_D2.las,GZ51,GZ,,SA3,1268,1.0,GZ5,0.984,980.0,1885.0,1234,29529,3,1
Stanulska_002,Stanulska_2_BMK+MK_115_627_200_D1.nlgx,Stanulska_2_BMK+MK_115_627_200_D1.jpg,Stanulska_2_BMK+MK_115_627_200_D1.las,MBK1,MBK,,SA1,3764,0.9981,MBK,0.7947,112.0,628.0,1239,18963,1,1
Stanulska_002,Stanulska_2_BMK+MK_115_627_200_D1.nlgx,Stanulska_2_BMK+MK_115_627_200_D1.jpg,Stanulska_2_BMK+MK_115_627_200_D1.las,MPZ1,MPZ,,SA2,2596,1.0,MPZ,0.8386,112.0,628.0,1239,18963,1,1
Stanulska_002,Stanulska_2_BMK+MK_115_627_200_D1.nlgx,Stanulska_2_BMK+MK_115_627_200_D1.jpg,Stanulska_2_BMK+MK_115_627_200_D1.las,MGZ1,MGZ,,SA3,3201,1.0,MGZ,0.7024,112.0,628.0,1239,18963,1,1
Stanulska_002,Stanulska_2_DS_100_1900_500_D1.nlgx,Stanulska_2_DS_100_1900_500_D1.jpg,Stanulska_2_DS_100_1900_500_D1.las,DS1,DS,,SA1,3520,1.0,DS,0.4918,100.0,1900.0,1328,25872,1,1
Stanulska_002,Stanulska_2_IK_1785_2437_200_D1.nlgx,Stanulska_2_IK_1785_2437_200_D1.jpg,Stanulska_2_IK_1785_2437_200_D1.las,IK1,IK,,SA1,3129,1.0,IK,0.9249,1780.0,2440.0,823,22862,2,1
Stanulska_002,Stanulska_2_IK_2344_2787_200_D1.nlgx,Stanulska_2_IK_2344_2787_200_D1.jpg,Stanulska_2_IK_2344_2787_200_D1.las,IK1,IK,,SA1,2387,0.9992,IK,0.8928,2344.0,2788.0,823,16439,1,1
Stanulska_002,Stanulska_2_IK_3768_4252_200_D1.nlgx,Stanulska_2_IK_3768_4252_200_D1.jpg,Stanulska_2_IK_3768_4252_200_D1.las,IK1,IK,,SA1,12992,0.9995,IK,0.7215,3768.0,4252.0,887,17267,2,1
Stanulska_002,Stanulska_2_IK_980_1880_200_D1.nlgx,Stanulska_2_IK_980_1880_200_D1.jpg,Stanulska_2_IK_980_1880_200_D1.las,IK1,IK,,SA1,21225,0.9996,IK,0.657,978.0,1884.0,997,29621,2,1
Stanulska_002,Stanulska_2_MBK+MK_2648_3140_200_D1.nlgx,Stanulska_2_MBK+MK_2648_3140_200_D1.jpg,Stanulska_2_MBK+MK_2648_3140_200_D1.las,MBK1,MBK,,SA1,9549,0.9975,MBK,0.8647,2648.0,3140.0,1262,17547,3,1
Stanulska_002,Stanulska_2_MBK+MK_2648_3140_200_D1.nlgx,Stanulska_2_MBK+MK_2648_3140_200_D1.jpg,Stanulska_2_MBK+MK_2648_3140_200_D1.las,MPZ1,MPZ,,SA2,4119,0.9981,MPZ,0.7202,2648.0,3140.0,1262,17547,1,1
Stanulska_002,Stanulska_2_MBK+MK_2648_3140_200_D1.nlgx,Stanulska_2_MBK+MK_2648_3140_200_D1.jpg,Stanulska_2_MBK+MK_2648_3140_200_D1.las,MGZ1,MGZ,,SA3,1949,1.0,MGZ,0.7645,2648.0,3140.0,1262,17547,1,1
Stanulska_002,Stanulska_2_MBK_1772_2772_200_D1.nlgx,Stanulska_2_MBK_1772_2772_200_D1.jpg,Stanulska_2_MBK_1772_2772_200_D1.las,MBK1,MBK,,SA1,6116,0.9979,MBK,0.8525,1772.0,2772.0,729,29984,3,1
Stanulska_002,Stanulska_2_MBK_536_1094_200_D1.nlgx,Stanulska_2_MBK_536_1094_200_D1.jpg,Stanulska_2_MBK_536_1094_200_D1.las,MBK1,MBK,,SA1,15787,0.9989,MBK,0.6643,530.0,1096.0,826,20896,2,1
Stanulska_002,Stanulska_2_MBK_990_1890_200_D1.nlgx,Stanulska_2_MBK_990_1890_200_D1.jpg,Stanulska_2_MBK_990_1890_200_D1.las,MBK1,MBK,,SA1,5644,1.0,MBK,0.9448,988.0,1890.0,831,29989,1,1
Stanulska_002,Stanulska_2_MK_1784_2438_200.nlgx,Stanulska_2_MK_1784_2438_200.jpg,Stanulska_2_MK_1784_2438_200.las,MGZ1,MGZ,,SA1,2412,0.9631,MGZ,0.822,1780.0,2440.0,863,24206,1,1
Stanulska_002,Stanulska_2_MK_1784_2438_200.nlgx,Stanulska_2_MK_1784_2438_200.jpg,Stanulska_2_MK_1784_2438_200.las,MPZ1,MPZ,,SA2,2954,1.0,MPZ,0.8155,1780.0,2440.0,863,24206,1,1
Stanulska_002,Stanulska_2_MK_2354_2787_200_D1.nlgx,Stanulska_2_MK_2354_2787_200_D1.jpg,Stanulska_2_MK_2354_2787_200_D1.las,MPZ1,MPZ,,SA1,12620,0.9982,MPZ,0.6619,2350.0,2790.0,826,16420,2,1
Stanulska_002,Stanulska_2_MK_2354_2787_200_D1.nlgx,Stanulska_2_MK_2354_2787_200_D1.jpg,Stanulska_2_MK_2354_2787_200_D1.las,MGZ1,MGZ,,SA2,13092,0.9648,MGZ,0.8151,2350.0,2790.0,826,16420,2,1
Stanulska_002,Stanulska_2_MK_550_1094_200_D1.nlgx,Stanulska_2_MK_550_1094_200_D1.jpg,Stanulska_2_MK_550_1094_200_D1.las,MPZ1,MPZ,,SA1,2466,1.0,MPZ,0.6923,550.0,1098.0,821,19737,1,1
Stanulska_002,Stanulska_2_MK_550_1094_200_D1.nlgx,Stanulska_2_MK_550_1094_200_D1.jpg,Stanulska_2_MK_550_1094_200_D1.las,MGZ1,MGZ,,SA2,5808,1.0,MGZ,0.5124,550.0,1098.0,821,19737,1,1
Stanulska_002,Stanulska_2_MK_993_1890_200_D1.nlgx,Stanulska_2_MK_993_1890_200_D1.jpg,Stanulska_2_MK_993_1890_200_D1.las,MPZ1,MPZ,,SA1,5561,1.0,MPZ,0.8519,990.0,1880.0,1241,29529,1,1
Stanulska_002,Stanulska_2_MK_993_1890_200_D1.nlgx,Stanulska_2_MK_993_1890_200_D1.jpg,Stanulska_2_MK_993_1890_200_D1.las,MGZ1,MGZ,,SA2,5214,0.9996,MGZ,0.822,990.0,1880.0,1241,29529,1,1
Stanulska_002,Stanulska_2_RK_0_2352_500_D1.nlgx,Stanulska_2_RK_0_2352_500_D1.jpg,Stanulska_2_RK_0_2352_500_D1.las,GK1,GK,,SA1,15237,0.9981,GK,0.8356,0.0,2350.0,968,29989,2,1
Stanulska_002,Stanulska_2_RK_0_2352_500_D1.nlgx,Stanulska_2_RK_0_2352_500_D1.jpg,Stanulska_2_RK_0_2352_500_D1.las,NGK1,NGK,,SA2,5209,0.9988,NGK,0.9295,0.0,2350.0,968,29989,3,1
Stanulska_002,Stanulska_2_RK_2180_2762_500_D1.nlgx,Stanulska_2_RK_2180_2762_500_D1.jpg,Stanulska_2_RK_2180_2762_500_D1.las,GK1,GK,,SA1,1097,0.9964,GK,,2180.0,2770.0,1042,9904,2,1
Stanulska_002,Stanulska_2_RK_2180_2762_500_D1.nlgx,Stanulska_2_RK_2180_2762_500_D1.jpg,Stanulska_2_RK_2180_2762_500_D1.las,NGK1,NGK,,SA2,1191,0.9992,NGK,,2180.0,2770.0,1042,9904,2,1
Stanulska_002,Stanulska_2_RK_2660_3152_500_D1.nlgx,Stanulska_2_RK_2660_3152_500_D1.jpg,Stanulska_2_RK_2660_3152_500_D1.las,GK1,GK,,SA1,1000,0.997,GK,0.9532,2650.0,3160.0,1236,8516,2,1
Stanulska_002,Stanulska_2_RK_2660_3152_500_D1.nlgx,Stanulska_2_RK_2660_3152_500_D1.jpg,Stanulska_2_RK_2660_3152_500_D1.las,NGK1,NGK,,SA2,1003,1.0,NGK,0.9671,2650.0,3160.0,1236,8516,2,1
VESELOG_002_1,VESELOG_002_AK_1420-1700_200_2005-04-21_D_1.nlgx,VESELOG_002_AK_1420-1700_200_2005-04-21_D_1.jpg,VESELOG_002_AK_1420-1700_200_2005-04-21_D_1.las,DTP1,DTP,,SA1,2173,1.0,DTP,0.9916,1420.0,1702.0,2509,19717,1,1
VESELOG_002_1,VESELOG_002_AK_1420-1700_200_2005-04-21_D_1.nlgx,VESELOG_002_AK_1420-1700_200_2005-04-21_D_1.jpg,VESELOG_002_AK_1420-1700_200_2005-04-21_D_1.las,T11,T,,SA2,1321,1.0,T1,0.9978,1420.0,1702.0,2509,19717,1,1
VESELOG_002_1,VESELOG_002_AK_1420-1700_200_2005-04-21_D_1.nlgx,VESELOG_002_AK_1420-1700_200_2005-04-21_D_1.jpg,VESELOG_002_AK_1420-1700_200_2005-04-21_D_1.las,T21,T,,SA3,1197,1.0,T2,0.9984,1420.0,1702.0,2509,19717,1,1
VESELOG_002_1,VESELOG_002_AK_2000-2366_200_2005-06-02_D_1.nlgx,VESELOG_002_AK_2000-2366_200_2005-06-02_D_1.jpg,VESELOG_002_AK_2000-2366_200_2005-06-02_D_1.las,DTP1,DTP,,SA1,1625,0.9532,DTP,0.9975,2000.0,2370.0,2599,24976,1,1
VESELOG_002_1,VESELOG_002_AK_2000-2366_200_2005-06-02_D_1.nlgx,VESELOG_002_AK_2000-2366_200_2005-06-02_D_1.jpg,VESELOG_002_AK_2000-2366_200_2005-06-02_D_1.las,T11,T,,SA2,1015,1.0,T1,0.9989,2000.0,2370.0,2599,24976,1,1
VESELOG_002_1,VESELOG_002_AK_2000-2366_200_2005-06-02_D_1.nlgx,VESELOG_002_AK_2000-2366_200_2005-06-02_D_1.jpg,VESELOG_002_AK_2000-2366_200_2005-06-02_D_1.las,T21,T,,SA3,892,1.0,T2,0.9985,2000.0,2370.0,2599,24976,1,1
VESELOG_002_1,VESELOG_002_AK_2580-2868_200_2005-07-10_D_1.nlgx,VESELOG_002_AK_2580-2868_200_2005-07-10_D_1.jpg,VESELOG_002_AK_2580-2868_200_2005-07-10_D_1.las,DTP1,DTP,,SA1,1364,0.9824,DTP,,2580.0,2870.0,2496,19910,1,1
VESELOG_002_1,VESELOG_002_AK_2580-2868_200_2005-07-10_D_1.nlgx,VESELOG_002_AK_2580-2868_200_2005-07-10_D_1.jpg,VESELOG_002_AK_2580-2868_200_2005-07-10_D_1.las,T11,T,,SA2,1246,1.0,T1,,2580.0,2870.0,2496,19910,1,1
VESELOG_002_1,VESELOG_002_AK_2580-2868_200_2005-07-10_D_1.nlgx,VESELOG_002_AK_2580-2868_200_2005-07-10_D_1.jpg,VESELOG_002_AK_2580-2868_200_2005-07-10_D_1.las,T21,T,,SA3,987,1.0,T2,,2580.0,2870.0,2496,19910,1,1
VESELOG_002_1,VESELOG_002_AK_3050-3365_200_2005-09-08_D_1.nlgx,VESELOG_002_AK_3050-3365_200_2005-09-08_D_1.jpg,VESELOG_002_AK_3050-3365_200_2005-09-08_D_1.las,DT1,DT,,SA1,2472,0.9976,DT,0.9804,3050.0,3365.0,2498,21400,1,1
VESELOG_002_1,VESELOG_002_AK_3050-3365_200_2005-09-08_D_1.nlgx,VESELOG_002_AK_3050-3365_200_2005-09-08_D_1.jpg,VESELOG_002_AK_3050-3365_200_2005-09-08_D_1.las,T11,T,,SA2,1609,0.9969,T1,0.9962,3050.0,3365.0,2498,21400,1,1
VESELOG_002_1,VESELOG_002_AK_3050-3365_200_2005-09-08_D_1.nlgx,VESELOG_002_AK_3050-3365_200_2005-09-08_D_1.jpg,VESELOG_002_AK_3050-3365_200_2005-09-08_D_1.las,T21,T,,SA3,1630,0.9325,T2,0.997,3050.0,3365.0,2498,21400,1,1
VESELOG_002_1,"VESELOG_002_BK, IK_1650-2059_200_2005-05-11_D_1.nlgx","VESELOG_002_BK, IK_1650-2059_200_2005-05-11_D_1.jpg","VESELOG_002_BK, IK_1650-2059_200_2005-05-11_D_1.las",BK1,BK,,SA1,1253,0.9904,BK,0.648,1650.0,2060.0,2485,27288,1,1
VESELOG_002_1,"VESELOG_002_BK, IK_1650-2059_200_2005-05-11_D_1.nlgx","VESELOG_002_BK, IK_1650-2059_200_2005-05-11_D_1.jpg","VESELOG_002_BK, IK_1650-2059_200_2005-05-11_D_1.las",IKA1,IKA,,SA2,770,0.9571,IKA,0.9388,1650.0,2060.0,2485,27288,1,1
VESELOG_002_1,"VESELOG_002_BK, IK_1650-2059_200_2005-05-11_D_1.nlgx","VESELOG_002_BK, IK_1650-2059_200_2005-05-11_D_1.jpg","VESELOG_002_BK, IK_1650-2059_200_2005-05-11_D_1.las",IKR1,IKR,,SA3,598,0.8662,IKR,0.9718,1650.0,2060.0,2485,27288,1,0
VESELOG_002_1,"VESELOG_002_BK, IK_2320-2620_200_2005-06-22_D_1.nlgx","VESELOG_002_BK, IK_2320-2620_200_2005-06-22_D_1.jpg","VESELOG_002_BK, IK_2320-2620_200_2005-06-22_D_1.las",BK1,BK,,SA1,2177,1.0,BK,0.9845,2320.0,2627.0,2531,21143,1,1
VESELOG_002_1,"VESELOG_002_BK, IK_2320-2620_200_2005-06-22_D_1.nlgx","VESELOG_002_BK, IK_2320-2620_200_2005-06-22_D_1.jpg","VESELOG_002_BK, IK_2320-2620_200_2005-06-22_D_1.las",IKA1,IKA,,SA1,1516,1.0,IKA,0.9914,2320.0,2627.0,2531,21143,1,1
VESELOG_002_1,"VESELOG_002_BK, IK_2320-2620_200_2005-06-22_D_1.nlgx","VESELOG_002_BK, IK_2320-2620_200_2005-06-22_D_1.jpg","VESELOG_002_BK, IK_2320-2620_200_2005-06-22_D_1.las",IKR1,IKR,,SA1,293,0.9727,IKR,0.9966,2320.0,2627.0,2531,21143,1,1
VESELOG_002_1,"VESELOG_002_BK, IK_2820-3110_200_2005-08-01_D_1.nlgx","VESELOG_002_BK, IK_2820-3110_200_2005-08-01_D_1.jpg","VESELOG_002_BK, IK_2820-3110_200_2005-08-01_D_1.las",IKA1,IKA,,SA1,903,0.1694,IKA,0.9898,2820.0,3115.0,2523,20210,1,0
VESELOG_002_1,"VESELOG_002_BK, IK_2820-3110_200_2005-08-01_D_1.nlgx","VESELOG_002_BK, IK_2820-3110_200_2005-08-01_D_1.jpg","VESELOG_002_BK, IK_2820-3110_200_2005-08-01_D_1.las",BK1,BK,,SA2,972,0.9825,BK,0.9914,2820.0,3115.0,2523,20210,1,1
VESELOG_002_1,"VESELOG_002_BK, MBK_2000-2365_200_2005-06-02_D_1.nlgx","VESELOG_002_BK, MBK_2000-2365_200_2005-06-02_D_1.jpg","VESELOG_002_BK, MBK_2000-2365_200_2005-06-02_D_1.las",BK1,BK,,SA1,2439,0.984,BK,,2000.0,2370.0,2510,24952,1,1
VESELOG_002_1,"VESELOG_002_BK, MBK_2000-2365_200_2005-06-02_D_1.nlgx","VESELOG_002_BK, MBK_2000-2365_200_2005-06-02_D_1.jpg","VESELOG_002_BK, MBK_2000-2365_200_2005-06-02_D_1.las",MBK1,MBK,,SA1,2125,0.9454,MBK,,2000.0,2370.0,2510,24952,1,1
VESELOG_002_1,"VESELOG_002_BK, MBK_2580-2865_200_2005-07-10_D_1.nlgx","VESELOG_002_BK, MBK_2580-2865_200_2005-07-10_D_1.jpg","VESELOG_002_BK, MBK_2580-2865_200_2005-07-10_D_1.las",BK1,BK,,SA1,1703,1.0,BK,0.9881,2580.0,2870.0,2529,20018,1,1
VESELOG_002_1,"VESELOG_002_BK, MBK_2580-2865_200_2005-07-10_D_1.nlgx","VESELOG_002_BK, MBK_2580-2865_200_2005-07-10_D_1.jpg","VESELOG_002_BK, MBK_2580-2865_200_2005-07-10_D_1.las",MBK1,MBK,,SA1,1944,0.9943,MBK,0.9824,2580.0,2870.0,2529,20018,1,1
VESELOG_002_1,VESELOG_002_BK_1603-2058_MBK_1427-2037_200_2005-05-11_D_1.nlgx,VESELOG_002_BK_1603-2058_MBK_1427-2037_200_2005-05-11_D_1.jpg,VESELOG_002_BK_1603-2058_MBK_1427-2037_200_2005-05-11_D_1.las,MBK1,MBK,,SA1,2472,0.9422,MBK,0.7717,1420.0,2060.0,2523,40834,1,1
VESELOG_002_1,VESELOG_002_BK_1603-2058_MBK_1427-2037_200_2005-05-11_D_1.nlgx,VESELOG_002_BK_1603-2058_MBK_1427-2037_200_2005-05-11_D_1.jpg,VESELOG_002_BK_1603-2058_MBK_1427-2037_200_2005-05-11_D_1.las,BK1,BK,,SA2,1565,0.9725,BK,0.6594,1420.0,2060.0,2523,40834,1,1
VESELOG_002_1,VESELOG_002_BKZ_1426-1697_200_2005-04-21_D_1.nlgx,VESELOG_002_BKZ_1426-1697_200_2005-04-21_D_1.jpg,VESELOG_002_BKZ_1426-1697_200_2005-04-21_D_1.las,GZ11,GZ,,SA1,714,0.993,GZ1,0.991,1420.0,1702.0,2487,19743,2,1
VESELOG_002_1,VESELOG_002_BKZ_1426-1697_200_2005-04-21_D_1.nlgx,VESELOG_002_BKZ_1426-1697_200_2005-04-21_D_1.jpg,VESELOG_002_BKZ_1426-1697_200_2005-04-21_D_1.las,GZ21,GZ,,SA2,745,0.9946,GZ2,0.99,1420.0,1702.0,2487,19743,2,1
VESELOG_002_1,VESELOG_002_BKZ_1426-1697_200_2005-04-21_D_1.nlgx,VESELOG_002_BKZ_1426-1697_200_2005-04-21_D_1.jpg,VESELOG_002_BKZ_1426-1697_200_2005-04-21_D_1.las,GZ31,GZ,,SA1,565,0.9699,GZ3,0.5651,1420.0,1702.0,2487,19743,2,1
VESELOG_002_1,VESELOG_002_BKZ_1426-1697_200_2005-04-21_D_1.nlgx,VESELOG_002_BKZ_1426-1697_200_2005-04-21_D_1.jpg,VESELOG_002_BKZ_1426-1697_200_2005-04-21_D_1.las,OGZ1,OGZ,,SA2,636,0.9434,OGZ,0.5846,1420.0,1702.0,2487,19743,2,1
VESELOG_002_1,VESELOG_002_BKZ_1426-1697_200_2005-04-21_D_1.nlgx,VESELOG_002_BKZ_1426-1697_200_2005-04-21_D_1.jpg,VESELOG_002_BKZ_1426-1697_200_2005-04-21_D_1.las,GZ41,GZ,,SA1,552,0.9312,GZ4,0.5878,1420.0,1702.0,2487,19743,2,1
VESELOG_002_1,VESELOG_002_BKZ_1426-1697_200_2005-04-21_D_1.nlgx,VESELOG_002_BKZ_1426-1697_200_2005-04-21_D_1.jpg,VESELOG_002_BKZ_1426-1697_200_2005-04-21_D_1.las,GZ51,GZ,,SA2,428,0.9509,GZ5,0.5725,1420.0,1702.0,2487,19743,2,1
VESELOG_002_1,VESELOG_002_BKZ_2000-2370_200_2005-06-02_D_1.nlgx,VESELOG_002_BKZ_2000-2370_200_2005-06-02_D_1.jpg,VESELOG_002_BKZ_2000-2370_200_2005-06-02_D_1.las,GZ11,GZ,,SA1,2797,0.9921,GZ1,0.9756,2000.0,2370.0,2499,25141,2,1
VESELOG_002_1,VESELOG_002_BKZ_2000-2370_200_2005-06-02_D_1.nlgx,VESELOG_002_BKZ_2000-2370_200_2005-06-02_D_1.jpg,VESELOG_002_BKZ_2000-2370_200_2005-06-02_D_1.las,GZ21,GZ,,SA2,2971,0.9976,GZ2,0.9746,2000.0,2370.0,2499,25141,3,1
VESELOG_002_1,VESELOG_002_BKZ_2000-2370_200_2005-06-02_D_1.nlgx,VESELOG_002_BKZ_2000-2370_200_2005-06-02_D_1.jpg,VESELOG_002_BKZ_2000-2370_200_2005-06-02_D_1.las,GZ31,GZ,,SA1,2401,0.9992,GZ3,-0.6185,2000.0,2370.0,2499,25141,3,1
VESELOG_002_1,VESELOG_002_BKZ_2000-2370_200_2005-06-02_D_1.nlgx,VESELOG_002_BKZ_2000-2370_200_2005-06-02_D_1.jpg,VESELOG_002_BKZ_2000-2370_200_2005-06-02_D_1.las,OGZ1,OGZ,,SA2,1835,0.9864,OGZ,0.9537,2000.0,2370.0,2499,25141,3,1
VESELOG_002_1,VESELOG_002_BKZ_2000-2370_200_2005-06-02_D_1.nlgx,VESELOG_002_BKZ_2000-2370_200_2005-06-02_D_1.jpg,VESELOG_002_BKZ_2000-2370_200_2005-06-02_D_1.las,GZ41,GZ,,SA1,1671,0.9964,GZ4,-0.1239,2000.0,2370.0,2499,25141,3,1
VESELOG_002_1,VESELOG_002_BKZ_2000-2370_200_2005-06-02_D_1.nlgx,VESELOG_002_BKZ_2000-2370_200_2005-06-02_D_1.jpg,VESELOG_002_BKZ_2000-2370_200_2005-06-02_D_1.las,GZ51,GZ,,SA1,1754,1.0,GZ5,0.1171,2000.0,2370.0,2499,25141,3,1
VESELOG_002_1,VESELOG_002_BKZ_2580-2870_200_2005-07-10_D_1.nlgx,VESELOG_002_BKZ_2580-2870_200_2005-07-10_D_1.jpg,VESELOG_002_BKZ_2580-2870_200_2005-07-10_D_1.las,GZ11,GZ,,SA1,1206,1.0,GZ1,0.9882,2580.0,2870.0,2495,20089,1,1
VESELOG_002_1,VESELOG_002_BKZ_2580-2870_200_2005-07-10_D_1.nlgx,VESELOG_002_BKZ_2580-2870_200_2005-07-10_D_1.jpg,VESELOG_002_BKZ_2580-2870_200_2005-07-10_D_1.las,GZ21,GZ,,SA2,1634,1.0,GZ2,0.9974,2580.0,2870.0,2495,20089,2,1
VESELOG_002_1,VESELOG_002_BKZ_2580-2870_200_2005-07-10_D_1.nlgx,VESELOG_002_BKZ_2580-2870_200_2005-07-10_D_1.jpg,VESELOG_002_BKZ_2580-2870_200_2005-07-10_D_1.las,GZ31,GZ,,SA1,1204,1.0,GZ3,-0.5364,2580.0,2870.0,2495,20089,2,1
VESELOG_002_1,VESELOG_002_BKZ_2580-2870_200_2005-07-10_D_1.nlgx,VESELOG_002_BKZ_2580-2870_200_2005-07-10_D_1.jpg,VESELOG_002_BKZ_2580-2870_200_2005-07-10_D_1.las,OGZ1,OGZ,,SA2,1113,1.0,OGZ,0.9281,2580.0,2870.0,2495,20089,2,1
VESELOG_002_1,VESELOG_002_BKZ_2580-2870_200_2005-07-10_D_1.nlgx,VESELOG_002_BKZ_2580-2870_200_2005-07-10_D_1.jpg,VESELOG_002_BKZ_2580-2870_200_2005-07-10_D_1.las,GZ41,GZ,,SA1,1025,1.0,GZ4,-0.3943,2580.0,2870.0,2495,20089,2,1
VESELOG_002_1,VESELOG_002_BKZ_2580-2870_200_2005-07-10_D_1.nlgx,VESELOG_002_BKZ_2580-2870_200_2005-07-10_D_1.jpg,VESELOG_002_BKZ_2580-2870_200_2005-07-10_D_1.las,GZ51,GZ,,SA2,691,1.0,GZ5,0.8404,2580.0,2870.0,2495,20089,2,1
VESELOG_002_1,VESELOG_002_BKZ_3050-3360_200_2005-09-08_D_11.nlgx,VESELOG_002_BKZ_3050-3360_200_2005-09-08_D_11.jpg,VESELOG_002_BKZ_3050-3360_200_2005-09-08_D_11.las,CALI1,CALI,,SA1,1448,0.9993,CALI,0.8343,3050.0,3370.0,2485,22084,1,1
VESELOG_002_1,VESELOG_002_BKZ_3050-3360_200_2005-09-08_D_11.nlgx,VESELOG_002_BKZ_3050-3360_200_2005-09-08_D_11.jpg,VESELOG_002_BKZ_3050-3360_200_2005-09-08_D_11.las,GZ11,GZ,,SA2,2027,1.0,GZ1,0.899,3050.0,3370.0,2485,22084,1,1
VESELOG_002_1,VESELOG_002_BKZ_3050-3360_200_2005-09-08_D_11.nlgx,VESELOG_002_BKZ_3050-3360_200_2005-09-08_D_11.jpg,VESELOG_002_BKZ_3050-3360_200_2005-09-08_D_11.las,SP1,SP,,SA3,321,0.9844,SP,0.9861,3050.0,3370.0,2485,22084,1,1
VESELOG_002_1,VESELOG_002_BKZ_3050-3360_200_2005-09-08_D_11.nlgx,VESELOG_002_BKZ_3050-3360_200_2005-09-08_D_11.jpg,VESELOG_002_BKZ_3050-3360_200_2005-09-08_D_11.las,GZ21,GZ,,SA1,1549,0.9981,GZ2,0.6028,3050.0,3370.0,2485,22084,2,1
VESELOG_002_1,VESELOG_002_BKZ_3050-3360_200_2005-09-08_D_11.nlgx,VESELOG_002_BKZ_3050-3360_200_2005-09-08_D_11.jpg,VESELOG_002_BKZ_3050-3360_200_2005-09-08_D_11.las,GZ31,GZ,,SA2,1389,0.9993,GZ3,-0.4901,3050.0,3370.0,2485,22084,2,1
VESELOG_002_1,VESELOG_002_GK_1410-2036_200_2005-05-11_D_1.nlgx,VESELOG_002_GK_1410-2036_200_2005-05-11_D_1.jpg,VESELOG_002_GK_1410-2036_200_2005-05-11_D_1.las,NGK1,NGK,,SA1,5407,1.0,NGK,0.9985,1410.0,2040.0,2530,40669,2,1
VESELOG_002_1,VESELOG_002_GK_1410-2036_200_2005-05-11_D_1.nlgx,VESELOG_002_GK_1410-2036_200_2005-05-11_D_1.jpg,VESELOG_002_GK_1410-2036_200_2005-05-11_D_1.las,GK1,GK,,SA2,4730,0.966,GK,0.999,1410.0,2040.0,2530,40669,1,1
VESELOG_002_1,VESELOG_002_INNK_2405-3020_500_2006-10-06_D_1.nlgx,VESELOG_002_INNK_2405-3020_500_2006-10-06_D_1.jpg,VESELOG_002_INNK_2405-3020_500_2006-10-06_D_1.las,ZAT3001,ZAT,,SA1,2460,0.9992,ZAT300,,2405.0,3020.0,2448,17681,1,1
VESELOG_002_1,VESELOG_002_INNK_2405-3020_500_2006-10-06_D_1.nlgx,VESELOG_002_INNK_2405-3020_500_2006-10-06_D_1.jpg,VESELOG_002_INNK_2405-3020_500_2006-10-06_D_1.las,ZAT5001,ZAT,,SA2,2203,0.9946,ZAT500,,2405.0,3020.0,2448,17681,1,1
VESELOG_002_1,VESELOG_002_INNK_2405-3020_500_2006-10-06_D_1.nlgx,VESELOG_002_INNK_2405-3020_500_2006-10-06_D_1.jpg,VESELOG_002_INNK_2405-3020_500_2006-10-06_D_1.las,ZAT7001,ZAT,,SA3,2693,0.9395,ZAT700,,2405.0,3020.0,2448,17681,1,1
VESELOG_002_1,VESELOG_002_INNK_2405-3020_500_2006-10-06_D_1.nlgx,VESELOG_002_INNK_2405-3020_500_2006-10-06_D_1.jpg,VESELOG_002_INNK_2405-3020_500_2006-10-06_D_1.las,ZAT9001,ZAT,,SA4,2328,0.0752,ZAT900,,2405.0,3020.0,2448,17681,1,0
VESELOG_002_1,VESELOG_002_INNK_2405-3020_500_2006-10-06_D_1.nlgx,VESELOG_002_INNK_2405-3020_500_2006-10-06_D_1.jpg,VESELOG_002_INNK_2405-3020_500_2006-10-06_D_1.las,ZAT11001,ZAT,,SA5,2682,0.0377,ZAT1100,,2405.0,3020.0,2448,17681,1,0
VESELOG_002_1,VESELOG_002_INNK_2405-3020_500_2006-10-06_D_1.nlgx,VESELOG_002_INNK_2405-3020_500_2006-10-06_D_1.jpg,VESELOG_002_INNK_2405-3020_500_2006-10-06_D_1.las,TAU-INT1,TAU-INT,,SA1,2543,0.9733,TAU-INT,,2405.0,3020.0,2448,17681,1,1
VESELOG_002_1,VESELOG_002_INNK_2405-3020_500_2006-10-06_D_1.nlgx,VESELOG_002_INNK_2405-3020_500_2006-10-06_D_1.jpg,VESELOG_002_INNK_2405-3020_500_2006-10-06_D_1.las,TAU1,TAU,,SA2,3001,0.0197,TAU,,2405.0,3020.0,2448,17681,1,0
VESELOG_002_1,VESELOG_002_INNK_2405-3020_500_2006-10-06_D_1.nlgx,VESELOG_002_INNK_2405-3020_500_2006-10-06_D_1.jpg,VESELOG_002_INNK_2405-3020_500_2006-10-06_D_1.las,GK1,GK,,SA3,2832,0.0304,GK,,2405.0,3020.0,2448,17681,2,0
VESELOG_002_1,"VESELOG_002_MK, MDS_1420-2037_200_2005-05-11_D_1.nlgx","VESELOG_002_MK, MDS_1420-2037_200_2005-05-11_D_1.jpg","VESELOG_002_MK, MDS_1420-2037_200_2005-05-11_D_1.las",MGZ1,MGZ,,SA1,22070,0.2611,MGZ,0.9786,1420.0,2040.0,2486,39733,1,0
VESELOG_002_1,"VESELOG_002_MK, MDS_1420-2037_200_2005-05-11_D_1.nlgx","VESELOG_002_MK, MDS_1420-2037_200_2005-05-11_D_1.jpg","VESELOG_002_MK, MDS_1420-2037_200_2005-05-11_D_1.las",MPZ1,MPZ,,SA2,5044,0.9994,MPZ,0.979,1420.0,2040.0,2486,39733,1,1
VESELOG_002_1,"VESELOG_002_MK, MDS_1420-2037_200_2005-05-11_D_1.nlgx","VESELOG_002_MK, MDS_1420-2037_200_2005-05-11_D_1.jpg","VESELOG_002_MK, MDS_1420-2037_200_2005-05-11_D_1.las",MCALI1,MCALI,,SA1,3300,0.9945,MCALI,-0.4837,1420.0,2040.0,2486,39733,2,1
VESELOG_002_1,"VESELOG_002_MK, MDS_2320-2620_200_2005-06-22_D_1.nlgx","VESELOG_002_MK, MDS_2320-2620_200_2005-06-22_D_1.jpg","VESELOG_002_MK, MDS_2320-2620_200_2005-06-22_D_1.las",MGZ1,MGZ,,SA1,1878,0.9452,MGZ,,2320.0,2620.0,2537,21001,1,1
VESELOG_002_1,"VESELOG_002_MK, MDS_2320-2620_200_2005-06-22_D_1.nlgx","VESELOG_002_MK, MDS_2320-2620_200_2005-06-22_D_1.jpg","VESELOG_002_MK, MDS_2320-2620_200_2005-06-22_D_1.las",MPZ1,MPZ,,SA2,1600,0.9712,MPZ,,2320.0,2620.0,2537,21001,2,1
VESELOG_002_1,"VESELOG_002_MK, MDS_2320-2620_200_2005-06-22_D_1.nlgx","VESELOG_002_MK, MDS_2320-2620_200_2005-06-22_D_1.jpg","VESELOG_002_MK, MDS_2320-2620_200_2005-06-22_D_1.las",MCALI1,MCALI,,SA1,2193,0.9854,MCALI,,2320.0,2620.0,2537,21001,1,1
VESELOG_002_1,"VESELOG_002_MK, MDS_2820-3106_200_2005-08-01_D_1.nlgx","VESELOG_002_MK, MDS_2820-3106_200_2005-08-01_D_1.jpg","VESELOG_002_MK, MDS_2820-3106_200_2005-08-01_D_1.las",MGZ1,MGZ,,SA1,1797,0.946,MGZ,0.9559,2820.0,3110.0,2462,19993,2,1
VESELOG_002_1,"VESELOG_002_MK, MDS_2820-3106_200_2005-08-01_D_1.nlgx","VESELOG_002_MK, MDS_2820-3106_200_2005-08-01_D_1.jpg","VESELOG_002_MK, MDS_2820-3106_200_2005-08-01_D_1.las",MPZ1,MPZ,,SA2,2377,0.9992,MPZ,0.9742,2820.0,3110.0,2462,19993,1,1
VESELOG_002_1,"VESELOG_002_MK, MDS_2820-3106_200_2005-08-01_D_1.nlgx","VESELOG_002_MK, MDS_2820-3106_200_2005-08-01_D_1.jpg","VESELOG_002_MK, MDS_2820-3106_200_2005-08-01_D_1.las",MCALI1,MCALI,,SA1,1922,0.9995,MCALI,0.5683,2820.0,3110.0,2462,19993,2,1
VESELOG_002_1,VESELOG_002_RK_1370-1707_500_2005-04-218_D_1.nlgx,VESELOG_002_RK_1370-1707_500_2005-04-218_D_1.jpg,VESELOG_002_RK_1370-1707_500_2005-04-218_D_1.las,GK1,GK,,SA1,1365,0.9985,GK,0.9983,1370.0,1707.0,2538,13054,1,1
VESELOG_002_1,VESELOG_002_RK_2300-2866_200_2005-07-10_D_1.nlgx,VESELOG_002_RK_2300-2866_200_2005-07-10_D_1.jpg,VESELOG_002_RK_2300-2866_200_2005-07-10_D_1.las,GK1,GK,,SA1,30355,0.8656,GK,0.9986,2300.0,2870.0,2539,36962,2,0
VESELOG_002_1,VESELOG_002_RK_2300-2866_200_2005-07-10_D_1.nlgx,VESELOG_002_RK_2300-2866_200_2005-07-10_D_1.jpg,VESELOG_002_RK_2300-2866_200_2005-07-10_D_1.las,NGK1,NGK,,SA2,4816,0.9969,NGK,0.9986,2300.0,2870.0,2539,36962,2,1
VILHIV_055,VILHIV_055_BKZ_0284-0796_200_1973-07-12_D_11.nlgx,VILHIV_055_BKZ_0284-0796_200_1973-07-12_D_11.jpg,VILHIV_055_BKZ_0284-0796_200_1973-07-12_D_11.las,OGZ21,OGZ,,SA1,3047,1.0,OGZ2,0.9963,280.0,796.0,2538,33676,2,1
VILHIV_055,VILHIV_055_BKZ_0284-0796_200_1973-07-12_D_11.nlgx,VILHIV_055_BKZ_0284-0796_200_1973-07-12_D_11.jpg,VILHIV_055_BKZ_0284-0796_200_1973-07-12_D_11.las,GZ31,GZ,,SA2,3133,0.2605,GZ3,0.995,280.0,796.0,2538,33676,2,0
VILHIV_055,VILHIV_055_BKZ_0284-0796_200_1973-07-12_D_11.nlgx,VILHIV_055_BKZ_0284-0796_200_1973-07-12_D_11.jpg,VILHIV_055_BKZ_0284-0796_200_1973-07-12_D_11.las,OGZ1,OGZ,,SA3,2893,0.9844,OGZ,0.9944,280.0,796.0,2538,33676,2,1
VILHIV_055,VILHIV_055_BKZ_0284-0796_200_1973-07-12_D_11.nlgx,VILHIV_055_BKZ_0284-0796_200_1973-07-12_D_11.jpg,VILHIV_055_BKZ_0284-0796_200_1973-07-12_D_11.las,SP1,SP,,SA4,3744,0.9928,SP,0.9989,280.0,796.0,2538,33676,1,1
VILHIV_055,VILHIV_055_BKZ_0284-0796_200_1973-07-12_D_12.nlgx,VILHIV_055_BKZ_0284-0796_200_1973-07-12_D_12.jpg,VILHIV_055_BKZ_0284-0796_200_1973-07-12_D_12.las,GZ11,GZ,,SA1,2429,1.0,GZ1,0.5641,280.0,800.0,2571,35533,2,1
VILHIV_055,VILHIV_055_BKZ_0284-0796_200_1973-07-12_D_12.nlgx,VILHIV_055_BKZ_0284-0796_200_1973-07-12_D_12.jpg,VILHIV_055_BKZ_0284-0796_200_1973-07-12_D_12.las,GZ21,GZ,,SA2,1895,0.9847,GZ2,0.6762,280.0,800.0,2571,35533,3,1
VILHIV_055,VILHIV_055_BKZ_0284-0796_200_1973-07-12_D_12.nlgx,VILHIV_055_BKZ_0284-0796_200_1973-07-12_D_12.jpg,VILHIV_055_BKZ_0284-0796_200_1973-07-12_D_12.las,GZ41,GZ,,SA3,1643,1.0,GZ4,0.6098,280.0,800.0,2571,35533,3,1
VILHIV_055,VILHIV_055_BKZ_0284-0796_200_1973-07-12_D_12.nlgx,VILHIV_055_BKZ_0284-0796_200_1973-07-12_D_12.jpg,VILHIV_055_BKZ_0284-0796_200_1973-07-12_D_12.las,GZ51,GZ,,SA4,1303,0.9754,GZ5,0.5779,280.0,800.0,2571,35533,3,1
VILHIV_055,VILHIV_055_BKZ_0804-1500_200_1973-08-02_D_11.nlgx,VILHIV_055_BKZ_0804-1500_200_1973-08-02_D_11.jpg,VILHIV_055_BKZ_0804-1500_200_1973-08-02_D_11.las,GZ11,GZ,,SA1,2451,1.0,GZ1,0.976,804.0,1504.0,2574,45099,2,1
VILHIV_055,VILHIV_055_BKZ_0804-1500_200_1973-08-02_D_11.nlgx,VILHIV_055_BKZ_0804-1500_200_1973-08-02_D_11.jpg,VILHIV_055_BKZ_0804-1500_200_1973-08-02_D_11.las,SP1,SP,,SA2,2541,0.2586,SP,0.9987,804.0,1504.0,2574,45099,1,0
VILHIV_055,VILHIV_055_BKZ_0804-1500_200_1973-08-02_D_11.nlgx,VILHIV_055_BKZ_0804-1500_200_1973-08-02_D_11.jpg,VILHIV_055_BKZ_0804-1500_200_1973-08-02_D_11.las,GZ31,GZ,,SA3,1882,0.119,GZ3,0.9545,804.0,1504.0,2574,45099,3,0
VILHIV_055,VILHIV_055_BKZ_0804-1500_200_1973-08-02_D_11.nlgx,VILHIV_055_BKZ_0804-1500_200_1973-08-02_D_11.jpg,VILHIV_055_BKZ_0804-1500_200_1973-08-02_D_11.las,OGZ1,OGZ,,SA4,2002,0.5744,OGZ,0.9712,804.0,1504.0,2574,45099,3,0
VILHIV_055,VILHIV_055_BKZ_0804-1500_200_1973-08-02_D_12.nlgx,VILHIV_055_BKZ_0804-1500_200_1973-08-02_D_12.jpg,VILHIV_055_BKZ_0804-1500_200_1973-08-02_D_12.las,GZ11,GZ,,SA1,5060,0.9996,GZ1,0.5272,804.0,1504.0,2558,46915,2,1
VILHIV_055,VILHIV_055_BKZ_0804-1500_200_1973-08-02_D_12.nlgx,VILHIV_055_BKZ_0804-1500_200_1973-08-02_D_12.jpg,VILHIV_055_BKZ_0804-1500_200_1973-08-02_D_12.las,GZ21,GZ,,SA2,5090,0.4517,GZ2,0.6026,804.0,1504.0,2558,46915,3,0
VILHIV_055,VILHIV_055_BKZ_0804-1500_200_1973-08-02_D_12.nlgx,VILHIV_055_BKZ_0804-1500_200_1973-08-02_D_12.jpg,VILHIV_055_BKZ_0804-1500_200_1973-08-02_D_12.las,GZ41,GZ,,SA3,4071,0.9998,GZ4,0.4188,804.0,1504.0,2558,46915,2,1
VILHIV_055,VILHIV_055_BKZ_0804-1500_200_1973-08-02_D_12.nlgx,VILHIV_055_BKZ_0804-1500_200_1973-08-02_D_12.jpg,VILHIV_055_BKZ_0804-1500_200_1973-08-02_D_12.las,GZ51,GZ,,SA4,4219,0.6753,GZ5,0.374,804.0,1504.0,2558,46915,3,0
VILHIV_055,VILHIV_055_CM_0005-0720_500_1973-08-08_D_1.nlgx,VILHIV_055_CM_0005-0720_500_1973-08-08_D_1.jpg,VILHIV_055_CM_0005-0720_500_1973-08-08_D_1.las,CM1,CM,,SA1,2082,0.9928,CM,0.7029,0.0,730.0,2518,21337,2,1
VILHIV_055,VILHIV_055_DS_0020-0260_500_1973-06-22_D_1.nlgx,VILHIV_055_DS_0020-0260_500_1973-06-22_D_1.jpg,VILHIV_055_DS_0020-0260_500_1973-06-22_D_1.las,CALI1,CALI,,SA1,471,1.0,CALI,,10.0,280.0,2034,12003,1,1
VILHIV_055,VILHIV_055_MK_0804-1504_200_1973-08-02_D_1.nlgx,VILHIV_055_MK_0804-1504_200_1973-08-02_D_1.jpg,VILHIV_055_MK_0804-1504_200_1973-08-02_D_1.las,MPZ1,MPZ,,SA1,4032,1.0,MPZ,0.9666,804.0,1508.0,2553,46984,2,1
VILHIV_055,VILHIV_055_MK_0804-1504_200_1973-08-02_D_1.nlgx,VILHIV_055_MK_0804-1504_200_1973-08-02_D_1.jpg,VILHIV_055_MK_0804-1504_200_1973-08-02_D_1.las,MGZ1,MGZ,,SA2,4460,0.963,MGZ,0.9679,804.0,1508.0,2553,46984,2,1
VILHIV_055,VILHIV_055_OCK_0010-0210_500_1973-06-28_D_1.nlgx,VILHIV_055_OCK_0010-0210_500_1973-06-28_D_1.jpg,VILHIV_055_OCK_0010-0210_500_1973-06-28_D_1.las,TMSS1,TMSS,,SA1,253,1.0,TMSS,,0.0,220.0,2037,9513,1,1
VILHIV_055,VILHIV_055_OCK_0013-0720_500_1973-08-06_D_1.nlgx,VILHIV_055_OCK_0013-0720_500_1973-08-06_D_1.jpg,VILHIV_055_OCK_0013-0720_500_1973-08-06_D_1.las,TMSS1,TMSS,,SA1,771,1.0,TMSS,0.9856,10.0,720.0,2102,20373,1,1
VILHIV_055,VILHIV_055_OCK_0015-0726_500_1973-08-07_D_1.nlgx,VILHIV_055_OCK_0015-0726_500_1973-08-07_D_1.jpg,VILHIV_055_OCK_0015-0726_500_1973-08-07_D_1.las,TM1,TM,,SA1,538,1.0,TM,,10.0,730.0,2557,20904,1,1
VILHIV_055,VILHIV_055_OCK_0025-0615_500_1973-07-15_D_1.nlgx,VILHIV_055_OCK_0025-0615_500_1973-07-15_D_1.jpg,VILHIV_055_OCK_0025-0615_500_1973-07-15_D_1.las,TMSS1,TMSS,,SA1,597,1.0,TMSS,0.9998,30.0,620.0,2549,18996,1,1
VILHIV_055,"VILHIV_055_RK, LM_0500-1435_200_2002-02-03_D_1.nlgx","VILHIV_055_RK, LM_0500-1435_200_2002-02-03_D_1.jpg","VILHIV_055_RK, LM_0500-1435_200_2002-02-03_D_1.las",GK1,GK,,SA1,7784,0.9724,GK,0.9821,496.0,1436.0,3013,60446,1,1
VILHIV_055,"VILHIV_055_RK, LM_0500-1435_200_2002-02-03_D_1.nlgx","VILHIV_055_RK, LM_0500-1435_200_2002-02-03_D_1.jpg","VILHIV_055_RK, LM_0500-1435_200_2002-02-03_D_1.las",NGK1,NGK,,SA2,8446,0.9787,NGK,0.9825,496.0,1436.0,3013,60446,1,1
VILHIV_055,VILHIV_055_RK_0000-1465_200_1995-08-11_D_1.nlgx,VILHIV_055_RK_0000-1465_200_1995-08-11_D_1.tif,VILHIV_055_RK_0000-1465_200_1995-08-11_D_1.las,NGK1,NGK,,SA1,12865,0.9999,NGK,,0.0,1468.0,2560,94694,1,1
VILHIV_055,VILHIV_055_RK_0000-1465_200_1995-08-11_D_1.nlgx,VILHIV_055_RK_0000-1465_200_1995-08-11_D_1.tif,VILHIV_055_RK_0000-1465_200_1995-08-11_D_1.las,GK1,GK,,SA2,7986,0.9992,GK,,0.0,1468.0,2560,94694,1,1
VILHIV_055,VILHIV_055_RK_0010-0720_500_1973-08-07_D_1.nlgx,VILHIV_055_RK_0010-0720_500_1973-08-07_D_1.jpg,VILHIV_055_RK_0010-0720_500_1973-08-07_D_1.las,GK1,GK,,SA1,2692,0.9268,GK,0.9635,10.0,730.0,2110,20508,1,1
VILHIV_055,VILHIV_055_RK_0010-0720_500_1973-08-07_D_1.nlgx,VILHIV_055_RK_0010-0720_500_1973-08-07_D_1.jpg,VILHIV_055_RK_0010-0720_500_1973-08-07_D_1.las,NGK1,NGK,,SA2,2855,0.9863,NGK,0.9388,10.0,730.0,2110,20508,2,1
VILHIV_055,VILHIV_055_RK_0014-0800_500_1973-07-12_D_1.nlgx,VILHIV_055_RK_0014-0800_500_1973-07-12_D_1.jpg,VILHIV_055_RK_0014-0800_500_1973-07-12_D_1.las,GK1,GK,,SA1,2956,0.8204,GK,0.9974,10.0,800.0,2566,22047,1,0
VILHIV_055,VILHIV_055_RK_0014-0800_500_1973-07-12_D_1.nlgx,VILHIV_055_RK_0014-0800_500_1973-07-12_D_1.jpg,VILHIV_055_RK_0014-0800_500_1973-07-12_D_1.las,NGK1,NGK,,SA2,3754,0.9995,NGK,0.9879,10.0,800.0,2566,22047,2,1
VILHIV_055,VILHIV_055_RK_0730-1500_500_1973-08-02_D_1.nlgx,VILHIV_055_RK_0730-1500_500_1973-08-02_D_1.jpg,VILHIV_055_RK_0730-1500_500_1973-08-02_D_1.las,GK1,GK,,SA1,2362,0.9687,GK,0.9788,730.0,1500.0,2556,23710,1,1
VILHIV_055,VILHIV_055_RK_0730-1500_500_1973-08-02_D_1.nlgx,VILHIV_055_RK_0730-1500_500_1973-08-02_D_1.jpg,VILHIV_055_RK_0730-1500_500_1973-08-02_D_1.las,NGK1,NGK,,SA2,2648,1.0,NGK,0.9713,730.0,1500.0,2556,23710,1,1
VILHIV_055,"VILHIV_055_RM, TM_1092-1432_200_2002-02-03_D_1.nlgx","VILHIV_055_RM, TM_1092-1432_200_2002-02-03_D_1.jpg","VILHIV_055_RM, TM_1092-1432_200_2002-02-03_D_1.las",TMDS11,TMDS,,SA1,770,0.9805,TMDS1,0.9901,1088.0,1433.2,2966,24362,1,1
VILHIV_055,"VILHIV_055_RM, TM_1092-1432_200_2002-02-03_D_1.nlgx","VILHIV_055_RM, TM_1092-1432_200_2002-02-03_D_1.jpg","VILHIV_055_RM, TM_1092-1432_200_2002-02-03_D_1.las",TMDS21,TMDS,,SA2,403,0.9975,TMDS2,0.9995,1088.0,1433.2,2966,24362,1,1
VILHIV_055,VILHIV_055_TM_0000-1435_500_1982-11-24_D_1.nlgx,VILHIV_055_TM_0000-1435_500_1982-11-24_D_1.jpg,VILHIV_055_TM_0000-1435_500_1982-11-24_D_1.las,TMDS11,TMDS,,SA1,1067,1.0,TMDS1,1.0,0.0,1440.0,2546,37970,5,1
VILHIV_055,VILHIV_055_TM_0005-1478_500_1981-07-06_D_1.nlgx,VILHIV_055_TM_0005-1478_500_1981-07-06_D_1.jpg,VILHIV_055_TM_0005-1478_500_1981-07-06_D_1.las,TMDS11,TMDS,,SA1,862,1.0,TMDS1,1.0,0.0,1480.0,2435,39359,4,1
VILHIV_055,VILHIV_055_TM_0010-1475_200_1995-08-09_D_1.nlgx,VILHIV_055_TM_0010-1475_200_1995-08-09_D_1.tif,VILHIV_055_TM_0010-1475_200_1995-08-09_D_1.las,TMSS1,TMSS,,SA1,8955,0.9723,TMSS,1.0,6.0,1474.0,2568,91424,29,1
YULIIV_007,YULIIV_007_AK_2990-3480_200_1989-08-11_D_1.nlgx,YULIIV_007_AK_2990-3480_200_1989-08-11_D_1.jpg,YULIIV_007_AK_2990-3480_200_1989-08-11_D_1.las,DTP1,DTP,,SA1,2574,0.9767,DTP,0.9187,2988.0,3480.0,2563,33103,1,1
YULIIV_007,YULIIV_007_AK_2990-3480_200_1989-08-11_D_1.nlgx,YULIIV_007_AK_2990-3480_200_1989-08-11_D_1.jpg,YULIIV_007_AK_2990-3480_200_1989-08-11_D_1.las,T11,T,,SA2,1512,0.9894,T1,0.9379,2988.0,3480.0,2563,33103,1,1
YULIIV_007,YULIIV_007_AK_2990-3480_200_1989-08-11_D_1.nlgx,YULIIV_007_AK_2990-3480_200_1989-08-11_D_1.jpg,YULIIV_007_AK_2990-3480_200_1989-08-11_D_1.las,T21,T,,SA3,1479,0.9905,T2,0.9479,2988.0,3480.0,2563,33103,1,1
YULIIV_007,YULIIV_007_AK_3420-3605_200_1989-09-05_D_1.nlgx,YULIIV_007_AK_3420-3605_200_1989-09-05_D_1.jpg,YULIIV_007_AK_3420-3605_200_1989-09-05_D_1.las,DTP1,DTP,,SA1,1684,0.8302,DTP,,3420.0,3608.0,2539,16250,1,0
YULIIV_007,YULIIV_007_AK_3420-3605_200_1989-09-05_D_1.nlgx,YULIIV_007_AK_3420-3605_200_1989-09-05_D_1.jpg,YULIIV_007_AK_3420-3605_200_1989-09-05_D_1.las,T11,T,,SA2,1864,0.9324,T1,,3420.0,3608.0,2539,16250,1,1
YULIIV_007,YULIIV_007_AK_3420-3605_200_1989-09-05_D_1.nlgx,YULIIV_007_AK_3420-3605_200_1989-09-05_D_1.jpg,YULIIV_007_AK_3420-3605_200_1989-09-05_D_1.las,T21,T,,SA3,10506,0.9859,T2,,3420.0,3608.0,2539,16250,1,1
YULIIV_007,YULIIV_007_AK_3460-3940_200_1989-10-20_D_11.nlgx,YULIIV_007_AK_3460-3940_200_1989-10-20_D_11.jpg,YULIIV_007_AK_3460-3940_200_1989-10-20_D_11.las,AL1,AL,,SA1,3500,0.9886,AL,,3452.0,3944.0,2578,33159,1,1
YULIIV_007,YULIIV_007_AK_3460-3940_200_1989-10-20_D_11.nlgx,YULIIV_007_AK_3460-3940_200_1989-10-20_D_11.jpg,YULIIV_007_AK_3460-3940_200_1989-10-20_D_11.las,A21,A,,SA2,3983,0.9307,A2,,3452.0,3944.0,2578,33159,1,1
YULIIV_007,YULIIV_007_AK_3460-3940_200_1989-10-20_D_11.nlgx,YULIIV_007_AK_3460-3940_200_1989-10-20_D_11.jpg,YULIIV_007_AK_3460-3940_200_1989-10-20_D_11.las,A11,A,,SA3,2535,0.4769,A1,,3452.0,3944.0,2578,33159,2,0
YULIIV_007,YULIIV_007_AK_3460-3940_200_1989-10-20_D_12.nlgx,YULIIV_007_AK_3460-3940_200_1989-10-20_D_12.jpg,YULIIV_007_AK_3460-3940_200_1989-10-20_D_12.las,DTP1,DTP,,SA1,3070,0.9824,DTP,0.9728,3456.0,3940.0,2569,33410,1,1
YULIIV_007,YULIIV_007_AK_3460-3940_200_1989-10-20_D_12.nlgx,YULIIV_007_AK_3460-3940_200_1989-10-20_D_12.jpg,YULIIV_007_AK_3460-3940_200_1989-10-20_D_12.las,T11,T,,SA2,3057,0.9284,T1,0.988,3456.0,3940.0,2569,33410,1,1
YULIIV_007,YULIIV_007_AK_3460-3940_200_1989-10-20_D_12.nlgx,YULIIV_007_AK_3460-3940_200_1989-10-20_D_12.jpg,YULIIV_007_AK_3460-3940_200_1989-10-20_D_12.las,T21,T,,SA3,2989,0.9582,T2,0.9909,3456.0,3940.0,2569,33410,1,1
YULIIV_007,YULIIV_007_AKC_0000-2200_200_1989-08-11_D_1.nlgx,YULIIV_007_AKC_0000-2200_200_1989-08-11_D_1.jpg,YULIIV_007_AKC_0000-2200_200_1989-08-11_D_1.las,TP1,TP,,SA1,1833,0.9782,TP,0.1631,70.0,2260.0,2105,57478,1,1
YULIIV_007,YULIIV_007_AKC_0000-2200_200_1989-08-11_D_1.nlgx,YULIIV_007_AKC_0000-2200_200_1989-08-11_D_1.jpg,YULIIV_007_AKC_0000-2200_200_1989-08-11_D_1.las,AP1,AP,,SA2,2595,0.9776,AP,0.632,70.0,2260.0,2105,57478,1,1
YULIIV_007,YULIIV_007_AKC_0000-2200_200_1989-08-11_D_1.nlgx,YULIIV_007_AKC_0000-2200_200_1989-08-11_D_1.jpg,YULIIV_007_AKC_0000-2200_200_1989-08-11_D_1.las,AK1,AK,,SA3,2458,0.9207,AK,0.738,70.0,2260.0,2105,57478,1,1
YULIIV_007,YULIIV_007_AKC_0000-3930_200_1989-11-18_D_1.nlgx,YULIIV_007_AKC_0000-3930_200_1989-11-18_D_1.tif,YULIIV_007_AKC_0000-3930_200_1989-11-18_D_1.las,AK1,AK,,SA1,5617,0.9416,AK,0.891,50.0,3940.0,2071,98181,1,1
YULIIV_007,YULIIV_007_AKC_0000-3930_200_1989-11-18_D_1.nlgx,YULIIV_007_AKC_0000-3930_200_1989-11-18_D_1.tif,YULIIV_007_AKC_0000-3930_200_1989-11-18_D_1.las,AP1,AP,,SA2,5241,0.9286,AP,0.9248,50.0,3940.0,2071,98181,1,1
YULIIV_007,YULIIV_007_AKC_0000-3930_200_1989-11-18_D_1.nlgx,YULIIV_007_AKC_0000-3930_200_1989-11-18_D_1.tif,YULIIV_007_AKC_0000-3930_200_1989-11-18_D_1.las,TP1,TP,,SA3,4663,0.8866,TP,0.8111,50.0,3940.0,2071,98181,1,0
YULIIV_007,"YULIIV_007_GK, LM, TM, G, RM, VM, M, STD_2240-3090_500_2023-02-12_D_1.nlgx","YULIIV_007_GK, LM, TM, G, RM, VM, M, STD_2240-3090_500_2023-02-12_D_1.jpg","YULIIV_007_GK, LM, TM, G, RM, VM, M, STD_2240-3090_500_2023-02-12_D_1.las",GK1,GK,,SA1,12334,0.9957,GK,0.9784,2240.0,3090.0,5228,24645,3,1
YULIIV_007,"YULIIV_007_GK, LM, TM, G, RM, VM, M, STD_2240-3090_500_2023-02-12_D_1.nlgx","YULIIV_007_GK, LM, TM, G, RM, VM, M, STD_2240-3090_500_2023-02-12_D_1.jpg","YULIIV_007_GK, LM, TM, G, RM, VM, M, STD_2240-3090_500_2023-02-12_D_1.las",GKF1,GKF,,SA2,1307,0.9969,GKF,0.994,2240.0,3090.0,5228,24645,2,1
YULIIV_007,"YULIIV_007_GK, LM, TM, G, RM, VM, M, STD_2240-3090_500_2023-02-12_D_1.nlgx","YULIIV_007_GK, LM, TM, G, RM, VM, M, STD_2240-3090_500_2023-02-12_D_1.jpg","YULIIV_007_GK, LM, TM, G, RM, VM, M, STD_2240-3090_500_2023-02-12_D_1.las",TAU1,TAU,,SA3,2989,0.9983,TAU,0.961,2240.0,3090.0,5228,24645,1,1
YULIIV_007,"YULIIV_007_GK, LM, TM, G, RM, VM, M, STD_2240-3090_500_2023-02-12_D_1.nlgx","YULIIV_007_GK, LM, TM, G, RM, VM, M, STD_2240-3090_500_2023-02-12_D_1.jpg","YULIIV_007_GK, LM, TM, G, RM, VM, M, STD_2240-3090_500_2023-02-12_D_1.las",TMSS1,TMSS,,SA4,15363,0.9999,TMSS,1.0,2240.0,3090.0,5228,24645,4,1
YULIIV_007,"YULIIV_007_GK, LM, TM, G, RM, VM, M, STD_2240-3090_500_2023-02-12_D_1.nlgx","YULIIV_007_GK, LM, TM, G, RM, VM, M, STD_2240-3090_500_2023-02-12_D_1.jpg","YULIIV_007_GK, LM, TM, G, RM, VM, M, STD_2240-3090_500_2023-02-12_D_1.las",TMDS11,TMDS,,SA5,16118,0.9998,TMDS1,1.0,2240.0,3090.0,5228,24645,4,1
YULIIV_007,"YULIIV_007_GK, LM, TM, G, RM, VM, M, STD_2240-3090_500_2023-02-12_D_1.nlgx","YULIIV_007_GK, LM, TM, G, RM, VM, M, STD_2240-3090_500_2023-02-12_D_1.jpg","YULIIV_007_GK, LM, TM, G, RM, VM, M, STD_2240-3090_500_2023-02-12_D_1.las",TMDS21,TMDS,,SA6,381,1.0,TMDS2,1.0,2240.0,3090.0,5228,24645,4,1
YULIIV_007,"YULIIV_007_GK, LM, TM, G, RM, VM, M, STD_2240-3090_500_2023-02-12_D_1.nlgx","YULIIV_007_GK, LM, TM, G, RM, VM, M, STD_2240-3090_500_2023-02-12_D_1.jpg","YULIIV_007_GK, LM, TM, G, RM, VM, M, STD_2240-3090_500_2023-02-12_D_1.las",TMDS31,TMDS,,SA7,232,1.0,TMDS3,1.0,2240.0,3090.0,5228,24645,5,1
YULIIV_007,"YULIIV_007_GK, LM, TM, G, RM, VM, M, STD_2240-3090_500_2023-02-12_D_1.nlgx","YULIIV_007_GK, LM, TM, G, RM, VM, M, STD_2240-3090_500_2023-02-12_D_1.jpg","YULIIV_007_GK, LM, TM, G, RM, VM, M, STD_2240-3090_500_2023-02-12_D_1.las",REZDS31,REZDS,,SA1,6974,0.999,REZDS3,0.8341,2240.0,3090.0,5228,24645,1,1
YULIIV_007,"YULIIV_007_GK, LM, TM, G, RM, VM, M, STD_2240-3090_500_2023-02-12_D_1.nlgx","YULIIV_007_GK, LM, TM, G, RM, VM, M, STD_2240-3090_500_2023-02-12_D_1.jpg","YULIIV_007_GK, LM, TM, G, RM, VM, M, STD_2240-3090_500_2023-02-12_D_1.las",REZDS21,REZDS,,SA2,4133,1.0,REZDS2,0.8811,2240.0,3090.0,5228,24645,1,1
YULIIV_007,"YULIIV_007_GK, LM, TM, G, RM, VM, M, STD_2240-3090_500_2023-02-12_D_1.nlgx","YULIIV_007_GK, LM, TM, G, RM, VM, M, STD_2240-3090_500_2023-02-12_D_1.jpg","YULIIV_007_GK, LM, TM, G, RM, VM, M, STD_2240-3090_500_2023-02-12_D_1.las",REZDS11,REZDS,,SA3,2422,0.995,REZDS1,0.857,2240.0,3090.0,5228,24645,1,1
YULIIV_007,"YULIIV_007_GK, LM, TM, G, RM, VM, M, STD_2240-3090_500_2023-02-12_D_1.nlgx","YULIIV_007_GK, LM, TM, G, RM, VM, M, STD_2240-3090_500_2023-02-12_D_1.jpg","YULIIV_007_GK, LM, TM, G, RM, VM, M, STD_2240-3090_500_2023-02-12_D_1.las",REZSS1,REZSS,,SA4,1350,1.0,REZSS,0.9701,2240.0,3090.0,5228,24645,1,1
YULIIV_007,"YULIIV_007_GK, LM, TM, G, RM, VM, M, STD_2240-3090_500_2023-02-12_D_1.nlgx","YULIIV_007_GK, LM, TM, G, RM, VM, M, STD_2240-3090_500_2023-02-12_D_1.jpg","YULIIV_007_GK, LM, TM, G, RM, VM, M, STD_2240-3090_500_2023-02-12_D_1.las",VGDDS31,VGDDS,,SA5,124,1.0,VGDDS3,0.982,2240.0,3090.0,5228,24645,1,1
YULIIV_007,"YULIIV_007_GK, LM, TM, G, RM, VM, M, STD_2240-3090_500_2023-02-12_D_1.nlgx","YULIIV_007_GK, LM, TM, G, RM, VM, M, STD_2240-3090_500_2023-02-12_D_1.jpg","YULIIV_007_GK, LM, TM, G, RM, VM, M, STD_2240-3090_500_2023-02-12_D_1.las",VGDDS21,VGDDS,,SA6,879,1.0,VGDDS2,0.7376,2240.0,3090.0,5228,24645,1,1
YULIIV_007,"YULIIV_007_GK, LM, TM, G, RM, VM, M, STD_2240-3090_500_2023-02-12_D_1.nlgx","YULIIV_007_GK, LM, TM, G, RM, VM, M, STD_2240-3090_500_2023-02-12_D_1.jpg","YULIIV_007_GK, LM, TM, G, RM, VM, M, STD_2240-3090_500_2023-02-12_D_1.las",VGDDS11,VGDDS,,SA7,181,1.0,VGDDS1,0.9983,2240.0,3090.0,5228,24645,1,1
YULIIV_007,"YULIIV_007_GK, LM, TM, G, RM, VM, M, STD_2240-3090_500_2023-02-12_D_1.nlgx","YULIIV_007_GK, LM, TM, G, RM, VM, M, STD_2240-3090_500_2023-02-12_D_1.jpg","YULIIV_007_GK, LM, TM, G, RM, VM, M, STD_2240-3090_500_2023-02-12_D_1.las",VGDSS1,VGDSS,,SA8,8573,1.0,VGDSS,0.6938,2240.0,3090.0,5228,24645,1,1
YULIIV_007,"YULIIV_007_GK, LM, TM, G, RM, VM, M, STD_2240-3090_500_2023-02-12_D_1.nlgx","YULIIV_007_GK, LM, TM, G, RM, VM, M, STD_2240-3090_500_2023-02-12_D_1.jpg","YULIIV_007_GK, LM, TM, G, RM, VM, M, STD_2240-3090_500_2023-02-12_D_1.las",MNDS31,MNDS,,SA9,16069,0.994,MNDS3,1.0,2240.0,3090.0,5228,24645,29,1
YULIIV_007,"YULIIV_007_GK, LM, TM, G, RM, VM, M, STD_2240-3090_500_2023-02-12_D_1.nlgx","YULIIV_007_GK, LM, TM, G, RM, VM, M, STD_2240-3090_500_2023-02-12_D_1.jpg","YULIIV_007_GK, LM, TM, G, RM, VM, M, STD_2240-3090_500_2023-02-12_D_1.las",MNDS21,MNDS,,SA1,17018,0.9978,MNDS2,-0.0085,2240.0,3090.0,5228,24645,28,1
YULIIV_007,"YULIIV_007_GK, LM, TM, G, RM, VM, M, STD_2240-3090_500_2023-02-12_D_1.nlgx","YULIIV_007_GK, LM, TM, G, RM, VM, M, STD_2240-3090_500_2023-02-12_D_1.jpg","YULIIV_007_GK, LM, TM, G, RM, VM, M, STD_2240-3090_500_2023-02-12_D_1.las",MNDS31,MNDS,,SA2,16051,0.9993,,,2240.0,3090.0,5228,24645,25,1
YULIIV_007,"YULIIV_007_GK, LM, TM, G, RM, VM, M, STD_2240-3090_500_2023-02-12_D_1.nlgx","YULIIV_007_GK, LM, TM, G, RM, VM, M, STD_2240-3090_500_2023-02-12_D_1.jpg","YULIIV_007_GK, LM, TM, G, RM, VM, M, STD_2240-3090_500_2023-02-12_D_1.las",MNSS1,MNSS,,SA3,16003,0.9998,MNSS,-0.4407,2240.0,3090.0,5228,24645,26,1
YULIIV_007,"YULIIV_007_GK, LM, TM, G, RM, VM, M, STD_2240-3090_500_2023-02-12_D_1.nlgx","YULIIV_007_GK, LM, TM, G, RM, VM, M, STD_2240-3090_500_2023-02-12_D_1.jpg","YULIIV_007_GK, LM, TM, G, RM, VM, M, STD_2240-3090_500_2023-02-12_D_1.las",STDDP11,STDDP,,SA1,745,0.9879,STDDP1,0.9878,2240.0,3090.0,5228,24645,1,1
YULIIV_007,"YULIIV_007_GK, LM, TM, G, RM, VM, M, STD_2240-3090_500_2023-02-12_D_1.nlgx","YULIIV_007_GK, LM, TM, G, RM, VM, M, STD_2240-3090_500_2023-02-12_D_1.jpg","YULIIV_007_GK, LM, TM, G, RM, VM, M, STD_2240-3090_500_2023-02-12_D_1.las",STDDP21,STDDP,,SA2,579,0.9965,STDDP2,0.9836,2240.0,3090.0,5228,24645,1,1
YULIIV_007,"YULIIV_007_GK, LM, TM, G, RM, VM, M, STD_2240-3090_500_2023-02-12_D_1.nlgx","YULIIV_007_GK, LM, TM, G, RM, VM, M, STD_2240-3090_500_2023-02-12_D_1.jpg","YULIIV_007_GK, LM, TM, G, RM, VM, M, STD_2240-3090_500_2023-02-12_D_1.las",STDDP11,STDDP,,SA3,370,0.9946,,,2240.0,3090.0,5228,24645,1,1
YULIIV_007,"YULIIV_007_GK, LM, TM, G, RM, VM, M, STD_2240-3090_500_2023-02-12_D_1.nlgx","YULIIV_007_GK, LM, TM, G, RM, VM, M, STD_2240-3090_500_2023-02-12_D_1.jpg","YULIIV_007_GK, LM, TM, G, RM, VM, M, STD_2240-3090_500_2023-02-12_D_1.las",STDSS1,STDSS,,SA4,358,1.0,STDSS,0.9834,2240.0,3090.0,5228,24645,1,1
YULIIV_007,"YULIIV_007_GK, LM_3400-3560_200_1990-05-23_D_1.nlgx","YULIIV_007_GK, LM_3400-3560_200_1990-05-23_D_1.jpg","YULIIV_007_GK, LM_3400-3560_200_1990-05-23_D_1.las",GK1,GK,,SA1,1135,0.733,GK,0.8692,3360.0,3560.0,2099,16794,1,0
YULIIV_007,"YULIIV_007_GK-PVR, LM, TM, VM_2880-3010_200_1990-10-11_D_1.nlgx","YULIIV_007_GK-PVR, LM, TM, VM_2880-3010_200_1990-10-11_D_1.jpg","YULIIV_007_GK-PVR, LM, TM, VM_2880-3010_200_1990-10-11_D_1.las",GK1,GK,,SA1,2577,0.6861,GK,0.9834,2940.0,3090.0,9245,21126,1,0
YULIIV_007,"YULIIV_007_GK-PVR, LM, TM, VM_2880-3010_200_1990-10-11_D_1.nlgx","YULIIV_007_GK-PVR, LM, TM, VM_2880-3010_200_1990-10-11_D_1.jpg","YULIIV_007_GK-PVR, LM, TM, VM_2880-3010_200_1990-10-11_D_1.las",TMSS21,TMSS,,SA1,282,0.9326,TMSS2,0.9618,2940.0,3090.0,9245,21126,1,1
YULIIV_007,"YULIIV_007_GK-PVR, LM, TM, VM_2880-3010_200_1990-10-11_D_1.nlgx","YULIIV_007_GK-PVR, LM, TM, VM_2880-3010_200_1990-10-11_D_1.jpg","YULIIV_007_GK-PVR, LM, TM, VM_2880-3010_200_1990-10-11_D_1.las",TMSS11,TMSS,,SA2,160,0.6875,TMSS1,1.0,2940.0,3090.0,9245,21126,1,0
YULIIV_007,"YULIIV_007_GK-PVR, LM, TM, VM_2880-3010_200_1990-10-11_D_1.nlgx","YULIIV_007_GK-PVR, LM, TM, VM_2880-3010_200_1990-10-11_D_1.jpg","YULIIV_007_GK-PVR, LM, TM, VM_2880-3010_200_1990-10-11_D_1.las",STDDP21,STDDP,,SA3,387,0.7183,STDDP2,0.9986,2940.0,3090.0,9245,21126,1,0
YULIIV_007,"YULIIV_007_GK-PVR, LM, TM, VM_2880-3010_200_1990-10-11_D_1.nlgx","YULIIV_007_GK-PVR, LM, TM, VM_2880-3010_200_1990-10-11_D_1.jpg","YULIIV_007_GK-PVR, LM, TM, VM_2880-3010_200_1990-10-11_D_1.las",STDDP11,STDDP,,SA4,374,0.7674,STDDP1,0.9977,2940.0,3090.0,9245,21126,2,0
YULIIV_007,"YULIIV_007_GK-PVR, LM, TM, VM_2880-3010_200_1990-10-11_D_1.nlgx","YULIIV_007_GK-PVR, LM, TM, VM_2880-3010_200_1990-10-11_D_1.jpg","YULIIV_007_GK-PVR, LM, TM, VM_2880-3010_200_1990-10-11_D_1.las",VGDDS11,VGDDS,,SA5,174,0.1724,VGDDS1,0.9995,2940.0,3090.0,9245,21126,1,0
YULIIV_007,"YULIIV_007_GK-PVR, LM, TM, VM_2940-3080_200_1990-11-03_D_1.nlgx","YULIIV_007_GK-PVR, LM, TM, VM_2940-3080_200_1990-11-03_D_1.jpg","YULIIV_007_GK-PVR, LM, TM, VM_2940-3080_200_1990-11-03_D_1.las",TMSS11,TMSS,,SA1,136,0.9412,TMSS1,,2932.0,3092.0,5037,15790,1,1
YULIIV_007,"YULIIV_007_GK-PVR, LM, TM, VM_2940-3080_200_1990-11-03_D_1.nlgx","YULIIV_007_GK-PVR, LM, TM, VM_2940-3080_200_1990-11-03_D_1.jpg","YULIIV_007_GK-PVR, LM, TM, VM_2940-3080_200_1990-11-03_D_1.las",TMSS21,TMSS,,SA2,668,0.988,TMSS2,,2932.0,3092.0,5037,15790,1,1
YULIIV_007,"YULIIV_007_GK-PVR, LM, TM, VM_2940-3080_200_1990-11-03_D_1.nlgx","YULIIV_007_GK-PVR, LM, TM, VM_2940-3080_200_1990-11-03_D_1.jpg","YULIIV_007_GK-PVR, LM, TM, VM_2940-3080_200_1990-11-03_D_1.las",STDDP11,STDDP,,SA3,128,0.7656,STDDP1,,2932.0,3092.0,5037,15790,1,0
YULIIV_007,"YULIIV_007_GK-PVR, LM, TM, VM_2940-3080_200_1990-11-03_D_1.nlgx","YULIIV_007_GK-PVR, LM, TM, VM_2940-3080_200_1990-11-03_D_1.jpg","YULIIV_007_GK-PVR, LM, TM, VM_2940-3080_200_1990-11-03_D_1.las",STDDP31,STDDP,,SA4,337,0.8991,STDDP3,,2932.0,3092.0,5037,15790,1,0
YULIIV_007,"YULIIV_007_GK-PVR, LM, TM, VM_2940-3080_200_1990-11-03_D_1.nlgx","YULIIV_007_GK-PVR, LM, TM, VM_2940-3080_200_1990-11-03_D_1.jpg","YULIIV_007_GK-PVR, LM, TM, VM_2940-3080_200_1990-11-03_D_1.las",STDDP21,STDDP,,SA5,276,0.75,STDDP2,,2932.0,3092.0,5037,15790,1,0
YULIIV_007,"YULIIV_007_GK-PVR, LM, TM, VM_2940-3080_200_1990-11-03_D_1.nlgx","YULIIV_007_GK-PVR, LM, TM, VM_2940-3080_200_1990-11-03_D_1.jpg","YULIIV_007_GK-PVR, LM, TM, VM_2940-3080_200_1990-11-03_D_1.las",TMSS31,TMSS,,SA6,114,0.9825,TMSS3,,2932.0,3092.0,5037,15790,1,1
YULIIV_007,"YULIIV_007_GK-PVR, LM, TM, VM_3000-3200_200_1990-09-19_D_1.nlgx","YULIIV_007_GK-PVR, LM, TM, VM_3000-3200_200_1990-09-19_D_1.jpg","YULIIV_007_GK-PVR, LM, TM, VM_3000-3200_200_1990-09-19_D_1.las",GK1,GK,,SA1,1062,1.0,GK,,2998.5,3200.0,3690,19196,2,1
YULIIV_007,"YULIIV_007_GK-PVR, LM, TM, VM_3000-3200_200_1990-09-19_D_1.nlgx","YULIIV_007_GK-PVR, LM, TM, VM_3000-3200_200_1990-09-19_D_1.jpg","YULIIV_007_GK-PVR, LM, TM, VM_3000-3200_200_1990-09-19_D_1.las",TMSS1,TMSS,,SA2,366,0.9836,TMSS,,2998.5,3200.0,3690,19196,1,1
YULIIV_007,"YULIIV_007_GK-PVR, LM, TM, VM_3000-3200_200_1990-09-19_D_1.nlgx","YULIIV_007_GK-PVR, LM, TM, VM_3000-3200_200_1990-09-19_D_1.jpg","YULIIV_007_GK-PVR, LM, TM, VM_3000-3200_200_1990-09-19_D_1.las",STDDP11,STDDP,,SA3,351,1.0,STDDP1,,2998.5,3200.0,3690,19196,1,1
YULIIV_007,"YULIIV_007_GK-PVR, LM, TM, VM_3000-3200_200_1990-09-19_D_1.nlgx","YULIIV_007_GK-PVR, LM, TM, VM_3000-3200_200_1990-09-19_D_1.jpg","YULIIV_007_GK-PVR, LM, TM, VM_3000-3200_200_1990-09-19_D_1.las",STDDP21,STDDP,,SA4,401,0.9601,STDDP2,,2998.5,3200.0,3690,19196,1,1
YULIIV_007,"YULIIV_007_GK-PVR, LM, TM, VM_3330-3520_200_1990-08-14_D_1.nlgx","YULIIV_007_GK-PVR, LM, TM, VM_3330-3520_200_1990-08-14_D_1.jpg","YULIIV_007_GK-PVR, LM, TM, VM_3330-3520_200_1990-08-14_D_1.las",GK1,GK,,SA1,900,0.8878,GK,,3340.0,3530.0,7077,20536,2,0
YULIIV_007,"YULIIV_007_GK-PVR, LM, TM, VM_3330-3520_200_1990-08-14_D_1.nlgx","YULIIV_007_GK-PVR, LM, TM, VM_3330-3520_200_1990-08-14_D_1.jpg","YULIIV_007_GK-PVR, LM, TM, VM_3330-3520_200_1990-08-14_D_1.las",TMSS1,TMSS,,SA1,116,0.8966,TMSS,,3340.0,3530.0,7077,20536,1,0
YULIIV_007,"YULIIV_007_GK-PVR, LM, TM, VM_3330-3520_200_1990-08-14_D_1.nlgx","YULIIV_007_GK-PVR, LM, TM, VM_3330-3520_200_1990-08-14_D_1.jpg","YULIIV_007_GK-PVR, LM, TM, VM_3330-3520_200_1990-08-14_D_1.las",STDDP11,STDDP,,SA2,283,0.7951,STDDP1,,3340.0,3530.0,7077,20536,1,0
YULIIV_007,"YULIIV_007_GK-PVR, LM, TM, VM_3330-3520_200_1990-08-14_D_1.nlgx","YULIIV_007_GK-PVR, LM, TM, VM_3330-3520_200_1990-08-14_D_1.jpg","YULIIV_007_GK-PVR, LM, TM, VM_3330-3520_200_1990-08-14_D_1.las",VGDSS1,VGDSS,,SA3,100,0.47,VGDSS,,3340.0,3530.0,7077,20536,1,0
YULIIV_007,"YULIIV_007_GK-PVR, LM, TM, VM_3340-3530_200_1990-08-24_D_1.nlgx","YULIIV_007_GK-PVR, LM, TM, VM_3340-3530_200_1990-08-24_D_1.jpg","YULIIV_007_GK-PVR, LM, TM, VM_3340-3530_200_1990-08-24_D_1.las",TMSS11,TMSS,,SA1,202,0.9208,TMSS1,,3338.0,3540.0,3673,18072,1,1
YULIIV_007,"YULIIV_007_GK-PVR, LM, TM, VM_3340-3530_200_1990-08-24_D_1.nlgx","YULIIV_007_GK-PVR, LM, TM, VM_3340-3530_200_1990-08-24_D_1.jpg","YULIIV_007_GK-PVR, LM, TM, VM_3340-3530_200_1990-08-24_D_1.las",VGDDS21,VGDDS,,SA2,72,0.4028,VGDDS2,,3338.0,3540.0,3673,18072,1,0
YULIIV_007,"YULIIV_007_GK-PVR, LM, TM, VM_3340-3530_200_1990-08-24_D_1.nlgx","YULIIV_007_GK-PVR, LM, TM, VM_3340-3530_200_1990-08-24_D_1.jpg","YULIIV_007_GK-PVR, LM, TM, VM_3340-3530_200_1990-08-24_D_1.las",TMSS21,TMSS,,SA3,66,0.8939,TMSS2,,3338.0,3540.0,3673,18072,1,0
YULIIV_007,"YULIIV_007_GK-PVR, LM, TM, VM_3340-3530_200_1990-08-24_D_1.nlgx","YULIIV_007_GK-PVR, LM, TM, VM_3340-3530_200_1990-08-24_D_1.jpg","YULIIV_007_GK-PVR, LM, TM, VM_3340-3530_200_1990-08-24_D_1.las",GK1,GK,,SA4,634,0.7524,GK,,3338.0,3540.0,3673,18072,2,0
YULIIV_007,"YULIIV_007_GK-PVR, LM, TM, VM_3340-3530_200_1990-08-24_D_1.nlgx","YULIIV_007_GK-PVR, LM, TM, VM_3340-3530_200_1990-08-24_D_1.jpg","YULIIV_007_GK-PVR, LM, TM, VM_3340-3530_200_1990-08-24_D_1.las",VGDDS11,VGDDS,,SA5,62,0.4677,VGDDS1,,3338.0,3540.0,3673,18072,1,0
YULIIV_007,"YULIIV_007_GK-PVR, LM_3620-3820_200_1989-12-20_D_1.nlgx","YULIIV_007_GK-PVR, LM_3620-3820_200_1989-12-20_D_1.jpg","YULIIV_007_GK-PVR, LM_3620-3820_200_1989-12-20_D_1.las",GK1,GK,,SA1,1035,0.8908,GK,,3650.0,3850.0,2435,19311,1,0
YULIIV_007,YULIIV_007_GK-PVR_2880-3080_200_1990-10-08_D_1.nlgx,YULIIV_007_GK-PVR_2880-3080_200_1990-10-08_D_1.jpg,YULIIV_007_GK-PVR_2880-3080_200_1990-10-08_D_1.las,GK1,GK,,SA1,912,0.7555,GK,,2880.0,3040.0,2423,17196,1,0
YULIIV_007,YULIIV_007_GK-PVR_2885-3085_200_1990-10-22_D_1.nlgx,YULIIV_007_GK-PVR_2885-3085_200_1990-10-22_D_1.jpg,YULIIV_007_GK-PVR_2885-3085_200_1990-10-22_D_1.las,GK1,GK,,SA1,1367,0.4528,GK,0.9892,2900.0,3080.0,2464,17932,1,0
YULIIV_007,YULIIV_007_GK-PVR_2890-3090_200_1990-09-26_D_1.nlgx,YULIIV_007_GK-PVR_2890-3090_200_1990-09-26_D_1.jpg,YULIIV_007_GK-PVR_2890-3090_200_1990-09-26_D_1.las,GK1,GK,,SA1,1040,0.5058,GK,,2890.0,3050.0,2408,18073,1,0
YULIIV_007,YULIIV_007_GK-PVR_2935-3125_200_1990-09-10_D_1.nlgx,YULIIV_007_GK-PVR_2935-3125_200_1990-09-10_D_1.jpg,YULIIV_007_GK-PVR_2935-3125_200_1990-09-10_D_1.las,GK1,GK,,SA1,1246,0.2889,GK,,2940.0,3120.0,2476,16945,1,0
YULIIV_007,YULIIV_007_GK-PVR_3005-3205_200_1990-08-31_D_1.nlgx,YULIIV_007_GK-PVR_3005-3205_200_1990-08-31_D_1.jpg,YULIIV_007_GK-PVR_3005-3205_200_1990-08-31_D_1.las,GK1,GK,,SA1,712,0.2654,GK,,3020.0,3200.0,2548,16847,1,0
YULIIV_007,YULIIV_007_GK-PVR_3330-3530_200_1990-07-19_D_1.nlgx,YULIIV_007_GK-PVR_3330-3530_200_1990-07-19_D_1.jpg,YULIIV_007_GK-PVR_3330-3530_200_1990-07-19_D_1.las,GK1,GK,,SA1,1903,0.5733,GK,,3340.0,3530.0,2534,18036,1,0
YULIIV_007,YULIIV_007_GK-PVR_3480-3680_200_1990-0-09_D_1.nlgx,YULIIV_007_GK-PVR_3480-3680_200_1990-0-09_D_1.jpg,YULIIV_007_GK-PVR_3480-3680_200_1990-0-09_D_1.las,GK1,GK,,SA1,1467,0.0654,GK,,3490.0,3690.0,2392,19867,1,0
YULIIV_007,YULIIV_007_GK-PVR_3700-3900_200_1989-11-29_D_1.nlgx,YULIIV_007_GK-PVR_3700-3900_200_1989-11-29_D_1.jpg,YULIIV_007_GK-PVR_3700-3900_200_1989-11-29_D_1.las,GK1,GK,,SA1,1128,0.0532,GK,,3700.0,3880.0,2447,17874,1,0
YULIIV_007,YULIIV_007_INNK_2900-3930_200_1989-11-18_D_1.nlgx,YULIIV_007_INNK_2900-3930_200_1989-11-18_D_1.tif,YULIIV_007_INNK_2900-3930_200_1989-11-18_D_1.las,ZAT15001,ZAT,,SA1,11022,0.777,ZAT1500,0.8365,2900.0,3932.0,2540,66206,1,0
YULIIV_007,YULIIV_007_INNK_2900-3930_200_1989-11-18_D_1.nlgx,YULIIV_007_INNK_2900-3930_200_1989-11-18_D_1.tif,YULIIV_007_INNK_2900-3930_200_1989-11-18_D_1.las,ZAT12001,ZAT,,SA2,7447,0.752,ZAT1200,0.9068,2900.0,3932.0,2540,66206,1,0
YULIIV_007,YULIIV_007_INNK_2900-3930_200_1989-11-18_D_1.nlgx,YULIIV_007_INNK_2900-3930_200_1989-11-18_D_1.tif,YULIIV_007_INNK_2900-3930_200_1989-11-18_D_1.las,ZAT9001,ZAT,,SA3,7944,0.7247,ZAT900,0.9807,2900.0,3932.0,2540,66206,1,0
YULIIV_007,YULIIV_007_INNK_2900-3930_200_1989-11-18_D_1.nlgx,YULIIV_007_INNK_2900-3930_200_1989-11-18_D_1.tif,YULIIV_007_INNK_2900-3930_200_1989-11-18_D_1.las,TAU1,TAU,,SA4,7137,0.6171,TAU,0.9863,2900.0,3932.0,2540,66206,1,0
YULIIV_007,YULIIV_007_INNK_3000-3940_200_1989-10-20_D_1.nlgx,YULIIV_007_INNK_3000-3940_200_1989-10-20_D_1.jpg,YULIIV_007_INNK_3000-3940_200_1989-10-20_D_1.las,ZAT15001,ZAT,,SA1,33540,0.9994,ZAT1500,0.9558,2999.2,3946.0,2568,60462,1,1
YULIIV_007,YULIIV_007_INNK_3000-3940_200_1989-10-20_D_1.nlgx,YULIIV_007_INNK_3000-3940_200_1989-10-20_D_1.jpg,YULIIV_007_INNK_3000-3940_200_1989-10-20_D_1.las,ZAT12001,ZAT,,SA2,32923,0.9995,ZAT1200,0.9545,2999.2,3946.0,2568,60462,1,1
YULIIV_007,YULIIV_007_INNK_3000-3940_200_1989-10-20_D_1.nlgx,YULIIV_007_INNK_3000-3940_200_1989-10-20_D_1.jpg,YULIIV_007_INNK_3000-3940_200_1989-10-20_D_1.las,ZAT9001,ZAT,,SA3,35607,0.9991,ZAT900,0.957,2999.2,3946.0,2568,60462,1,1
YULIIV_007,YULIIV_007_INNK_3000-3940_200_1989-10-20_D_1.nlgx,YULIIV_007_INNK_3000-3940_200_1989-10-20_D_1.jpg,YULIIV_007_INNK_3000-3940_200_1989-10-20_D_1.las,TAU1,TAU,,SA4,44914,0.9862,TAU,0.9774,2999.2,3946.0,2568,60462,1,1
YULIIV_007,YULIIV_007_OCK_0000-0266_500_1989-05-05_D_1.nlgx,YULIIV_007_OCK_0000-0266_500_1989-05-05_D_1.jpg,YULIIV_007_OCK_0000-0266_500_1989-05-05_D_1.las,TMSS1,TMSS,,SA1,130,0.9385,TMSS,0.9998,0.0,270.0,1698,9996,3,1
YULIIV_007,YULIIV_007_OCK_0000-1830_500_1989-11-01_D_1.nlgx,YULIIV_007_OCK_0000-1830_500_1989-11-01_D_1.jpg,YULIIV_007_OCK_0000-1830_500_1989-11-01_D_1.las,TMSS1,TMSS,,SA1,2250,0.9382,TMSS,1.0,18.0,1833.0,1685,47282,9,1
YULIIV_007,YULIIV_007_OCK_0000-2068_500_1989-06-07_D_1.nlgx,YULIIV_007_OCK_0000-2068_500_1989-06-07_D_1.jpg,YULIIV_007_OCK_0000-2068_500_1989-06-07_D_1.las,TMSS1,TMSS,,SA1,1787,0.9177,TMSS,0.9991,0.0,2080.0,2074,49949,3,1
YULIIV_007,YULIIV_007_PRM_0000-0160_500_1989-05-03_D_1.nlgx,YULIIV_007_PRM_0000-0160_500_1989-05-03_D_1.jpg,YULIIV_007_PRM_0000-0160_500_1989-05-03_D_1.las,CALI1,CALI,,SA1,547,0.5996,CALI,,10.0,160.0,1990,7793,1,0
YULIIV_007,YULIIV_007_PRM_0000-0160_500_1989-05-03_D_1.nlgx,YULIIV_007_PRM_0000-0160_500_1989-05-03_D_1.jpg,YULIIV_007_PRM_0000-0160_500_1989-05-03_D_1.las,CAL11,CAL,,SA1,397,0.8791,CAL1,,10.0,160.0,1990,7793,1,0
YULIIV_007,YULIIV_007_PRM_0000-0160_500_1989-05-03_D_1.nlgx,YULIIV_007_PRM_0000-0160_500_1989-05-03_D_1.jpg,YULIIV_007_PRM_0000-0160_500_1989-05-03_D_1.las,CAL21,CAL,,SA2,336,0.9524,CAL2,,10.0,160.0,1990,7793,1,1
YULIIV_007,YULIIV_007_PRM_2200-2598_500_1989-06-20_D_1.nlgx,YULIIV_007_PRM_2200-2598_500_1989-06-20_D_1.jpg,YULIIV_007_PRM_2200-2598_500_1989-06-20_D_1.las,CALI1,CALI,,SA1,1185,0.9975,CALI,0.9745,2200.0,2600.0,2016,13954,1,1
YULIIV_007,YULIIV_007_PRM_2200-2598_500_1989-06-20_D_1.nlgx,YULIIV_007_PRM_2200-2598_500_1989-06-20_D_1.jpg,YULIIV_007_PRM_2200-2598_500_1989-06-20_D_1.las,CAL11,CAL,,SA2,1538,0.8817,CAL1,0.9504,2200.0,2600.0,2016,13954,1,0
YULIIV_007,YULIIV_007_PRM_2200-2598_500_1989-06-20_D_1.nlgx,YULIIV_007_PRM_2200-2598_500_1989-06-20_D_1.jpg,YULIIV_007_PRM_2200-2598_500_1989-06-20_D_1.las,CAL21,CAL,,SA3,807,1.0,CAL2,0.9272,2200.0,2600.0,2016,13954,1,1
YULIIV_007,YULIIV_007_PRM_2200-2977_500_1989-07-03_D_1.nlgx,YULIIV_007_PRM_2200-2977_500_1989-07-03_D_1.jpg,YULIIV_007_PRM_2200-2977_500_1989-07-03_D_1.las,CALI1,CALI,,SA1,2499,0.9708,CALI,0.9051,2200.0,2980.0,2062,22957,1,1
YULIIV_007,YULIIV_007_PRM_2200-2977_500_1989-07-03_D_1.nlgx,YULIIV_007_PRM_2200-2977_500_1989-07-03_D_1.jpg,YULIIV_007_PRM_2200-2977_500_1989-07-03_D_1.las,CAL11,CAL,,SA2,2034,0.972,CAL1,0.9255,2200.0,2980.0,2062,22957,1,1
YULIIV_007,YULIIV_007_PRM_2200-2977_500_1989-07-03_D_1.nlgx,YULIIV_007_PRM_2200-2977_500_1989-07-03_D_1.jpg,YULIIV_007_PRM_2200-2977_500_1989-07-03_D_1.las,CAL21,CAL,,SA3,1717,0.9703,CAL2,0.9327,2200.0,2980.0,2062,22957,1,1
YULIIV_007,YULIIV_007_PRM_2200-3050_500_1989-07-11_D_1.nlgx,YULIIV_007_PRM_2200-3050_500_1989-07-11_D_1.jpg,YULIIV_007_PRM_2200-3050_500_1989-07-11_D_1.las,CALI1,CALI,,SA1,2968,0.9869,CALI,0.8868,2200.0,3050.0,2004,24457,1,1
YULIIV_007,YULIIV_007_PRM_2200-3050_500_1989-07-11_D_1.nlgx,YULIIV_007_PRM_2200-3050_500_1989-07-11_D_1.jpg,YULIIV_007_PRM_2200-3050_500_1989-07-11_D_1.las,CAL11,CAL,,SA2,3472,0.985,CAL1,0.877,2200.0,3050.0,2004,24457,1,1
YULIIV_007,YULIIV_007_PRM_2200-3050_500_1989-07-11_D_1.nlgx,YULIIV_007_PRM_2200-3050_500_1989-07-11_D_1.jpg,YULIIV_007_PRM_2200-3050_500_1989-07-11_D_1.las,CAL21,CAL,,SA3,1832,0.9793,CAL2,0.8919,2200.0,3050.0,2004,24457,1,1
YULIIV_007,YULIIV_007_PRM_2200-3165_500_1989-07-24_D_1.nlgx,YULIIV_007_PRM_2200-3165_500_1989-07-24_D_1.jpg,YULIIV_007_PRM_2200-3165_500_1989-07-24_D_1.las,CALI1,CALI,,SA1,3454,0.998,CALI,0.8143,2200.0,3170.0,2073,27238,1,1
YULIIV_007,YULIIV_007_PRM_2200-3165_500_1989-07-24_D_1.nlgx,YULIIV_007_PRM_2200-3165_500_1989-07-24_D_1.jpg,YULIIV_007_PRM_2200-3165_500_1989-07-24_D_1.las,CAL11,CAL,,SA2,2435,0.9914,CAL1,0.7854,2200.0,3170.0,2073,27238,1,1
YULIIV_007,YULIIV_007_PRM_2200-3165_500_1989-07-24_D_1.nlgx,YULIIV_007_PRM_2200-3165_500_1989-07-24_D_1.jpg,YULIIV_007_PRM_2200-3165_500_1989-07-24_D_1.las,CAL21,CAL,,SA3,2116,0.9972,CAL2,0.8211,2200.0,3170.0,2073,27238,1,1
YULIIV_007,YULIIV_007_PRM_2200-3450_500_1989-08-07_D_1.nlgx,YULIIV_007_PRM_2200-3450_500_1989-08-07_D_1.jpg,YULIIV_007_PRM_2200-3450_500_1989-08-07_D_1.las,CALI1,CALI,,SA1,3087,0.8416,CALI,0.8613,2190.0,3410.0,2074,32303,1,0
YULIIV_007,YULIIV_007_PRM_2200-3450_500_1989-08-07_D_1.nlgx,YULIIV_007_PRM_2200-3450_500_1989-08-07_D_1.jpg,YULIIV_007_PRM_2200-3450_500_1989-08-07_D_1.las,CAL11,CAL,,SA2,3544,0.4529,CAL1,0.8708,2190.0,3410.0,2074,32303,1,0
YULIIV_007,YULIIV_007_PRM_2200-3450_500_1989-08-07_D_1.nlgx,YULIIV_007_PRM_2200-3450_500_1989-08-07_D_1.jpg,YULIIV_007_PRM_2200-3450_500_1989-08-07_D_1.las,CAL21,CAL,,SA3,2602,0.6015,CAL2,0.8909,2190.0,3410.0,2074,32303,1,0
YULIIV_007,YULIIV_007_PRM_2200-3600_500_1989-09-04_D_1.nlgx,YULIIV_007_PRM_2200-3600_500_1989-09-04_D_1.jpg,YULIIV_007_PRM_2200-3600_500_1989-09-04_D_1.las,CALI1,CALI,,SA1,3185,0.8936,CALI,0.8636,2200.0,3600.0,2066,36325,1,0
YULIIV_007,YULIIV_007_PRM_2200-3600_500_1989-09-04_D_1.nlgx,YULIIV_007_PRM_2200-3600_500_1989-09-04_D_1.jpg,YULIIV_007_PRM_2200-3600_500_1989-09-04_D_1.las,CAL11,CAL,,SA2,3709,0.6449,CAL1,0.8622,2200.0,3600.0,2066,36325,1,0
YULIIV_007,YULIIV_007_PRM_2200-3600_500_1989-09-04_D_1.nlgx,YULIIV_007_PRM_2200-3600_500_1989-09-04_D_1.jpg,YULIIV_007_PRM_2200-3600_500_1989-09-04_D_1.las,CAL21,CAL,,SA3,2881,0.6234,CAL2,0.8503,2200.0,3600.0,2066,36325,1,0
YULIIV_007,YULIIV_007_PRM_2200-3820_500_1989-10-03_D_1.nlgx,YULIIV_007_PRM_2200-3820_500_1989-10-03_D_1.jpg,YULIIV_007_PRM_2200-3820_500_1989-10-03_D_1.las,CALI1,CALI,,SA1,6511,0.9461,CALI,0.9093,2200.0,3810.0,2073,43256,1,1
YULIIV_007,YULIIV_007_PRM_2200-3820_500_1989-10-03_D_1.nlgx,YULIIV_007_PRM_2200-3820_500_1989-10-03_D_1.jpg,YULIIV_007_PRM_2200-3820_500_1989-10-03_D_1.las,CAL11,CAL,,SA2,5137,0.7189,CAL1,0.9129,2200.0,3810.0,2073,43256,1,0
YULIIV_007,YULIIV_007_PRM_2200-3820_500_1989-10-03_D_1.nlgx,YULIIV_007_PRM_2200-3820_500_1989-10-03_D_1.jpg,YULIIV_007_PRM_2200-3820_500_1989-10-03_D_1.las,CAL21,CAL,,SA3,3155,0.8948,CAL2,0.9298,2200.0,3810.0,2073,43256,1,0
YULIIV_007,YULIIV_007_RK_2800-3080_200_2002-11-15_D_1.nlgx,YULIIV_007_RK_2800-3080_200_2002-11-15_D_1.jpg,YULIIV_007_RK_2800-3080_200_2002-11-15_D_1.las,GK1,GK,,SA1,1344,0.8237,GK,0.9812,2800.0,3080.0,2410,23350,1,0
YULIIV_007,YULIIV_007_RK_2800-3080_200_2002-11-15_D_1.nlgx,YULIIV_007_RK_2800-3080_200_2002-11-15_D_1.jpg,YULIIV_007_RK_2800-3080_200_2002-11-15_D_1.las,NGK1,NGK,,SA2,1628,0.7641,NGK,0.9815,2800.0,3080.0,2410,23350,1,0
YULIIV_007,YULIIV_007_RK_3390-3610_200_1989-09-05_D_1.nlgx,YULIIV_007_RK_3390-3610_200_1989-09-05_D_1.jpg,YULIIV_007_RK_3390-3610_200_1989-09-05_D_1.las,GK1,GK,,SA1,1888,0.8983,GK,,3390.0,3600.0,2573,20772,1,0
YULIIV_007,YULIIV_007_RK_3390-3610_200_1989-09-05_D_1.nlgx,YULIIV_007_RK_3390-3610_200_1989-09-05_D_1.jpg,YULIIV_007_RK_3390-3610_200_1989-09-05_D_1.las,NGK1,NGK,,SA2,1886,0.6458,NGK,,3390.0,3600.0,2573,20772,1,0
YULIIV_007,"YULIIV_007_SK, RK, LM, INNK_2950-3147_500_2023-05-15_D_1.nlgx","YULIIV_007_SK, RK, LM, INNK_2950-3147_500_2023-05-15_D_1.jpg","YULIIV_007_SK, RK, LM, INNK_2950-3147_500_2023-05-15_D_1.las",GZ1,GZ,,SA1,270,0.9074,GZ,0.9937,2950.0,3147.0,6671,8950,2,1
YULIIV_007,"YULIIV_007_SK, RK, LM, INNK_2950-3147_500_2023-05-15_D_1.nlgx","YULIIV_007_SK, RK, LM, INNK_2950-3147_500_2023-05-15_D_1.jpg","YULIIV_007_SK, RK, LM, INNK_2950-3147_500_2023-05-15_D_1.las",PZ1,PZ,,SA2,159,0.9937,PZ,0.9992,2950.0,3147.0,6671,8950,2,1
YULIIV_007,"YULIIV_007_SK, RK, LM, INNK_2950-3147_500_2023-05-15_D_1.nlgx","YULIIV_007_SK, RK, LM, INNK_2950-3147_500_2023-05-15_D_1.jpg","YULIIV_007_SK, RK, LM, INNK_2950-3147_500_2023-05-15_D_1.las",GK1,GK,,SA3,201,0.9851,GK,0.9966,2950.0,3147.0,6671,8950,1,1
YULIIV_007,"YULIIV_007_SK, RK, LM, INNK_2950-3147_500_2023-05-15_D_1.nlgx","YULIIV_007_SK, RK, LM, INNK_2950-3147_500_2023-05-15_D_1.jpg","YULIIV_007_SK, RK, LM, INNK_2950-3147_500_2023-05-15_D_1.las",NGK1,NGK,,SA4,323,0.6873,NGK,0.9957,2950.0,3147.0,6671,8950,1,0
YULIIV_007,"YULIIV_007_SK, RK, LM, INNK_2950-3147_500_2023-05-15_D_1.nlgx","YULIIV_007_SK, RK, LM, INNK_2950-3147_500_2023-05-15_D_1.jpg","YULIIV_007_SK, RK, LM, INNK_2950-3147_500_2023-05-15_D_1.las",GK21,GK,,SA1,440,0.85,GK2,0.4803,2950.0,3147.0,6671,8950,2,0
YULIIV_007,"YULIIV_007_SK, RK, LM, INNK_2950-3147_500_2023-05-15_D_1.nlgx","YULIIV_007_SK, RK, LM, INNK_2950-3147_500_2023-05-15_D_1.jpg","YULIIV_007_SK, RK, LM, INNK_2950-3147_500_2023-05-15_D_1.las",NNKB1,NNKB,,SA2,164,0.9878,NNKB,0.9644,2950.0,3147.0,6671,8950,1,1
YULIIV_007,"YULIIV_007_SK, RK, LM, INNK_2950-3147_500_2023-05-15_D_1.nlgx","YULIIV_007_SK, RK, LM, INNK_2950-3147_500_2023-05-15_D_1.jpg","YULIIV_007_SK, RK, LM, INNK_2950-3147_500_2023-05-15_D_1.las",NNKM1,NNKM,,SA3,146,0.9658,NNKM,0.9876,2950.0,3147.0,6671,8950,1,1
YULIIV_007,"YULIIV_007_SK, RK, LM, INNK_2950-3147_500_2023-05-15_D_1.nlgx","YULIIV_007_SK, RK, LM, INNK_2950-3147_500_2023-05-15_D_1.jpg","YULIIV_007_SK, RK, LM, INNK_2950-3147_500_2023-05-15_D_1.las",ZAT450M1,ZAT450M,,SA1,208,0.8462,ZAT450M,0.9403,2950.0,3147.0,6671,8950,1,0
YULIIV_007,"YULIIV_007_SK, RK, LM, INNK_2950-3147_500_2023-05-15_D_1.nlgx","YULIIV_007_SK, RK, LM, INNK_2950-3147_500_2023-05-15_D_1.jpg","YULIIV_007_SK, RK, LM, INNK_2950-3147_500_2023-05-15_D_1.las",ZAT600M1,ZAT600M,,SA2,209,0.9474,ZAT600M,0.8954,2950.0,3147.0,6671,8950,1,1
YULIIV_007,"YULIIV_007_SK, RK, LM, INNK_2950-3147_500_2023-05-15_D_1.nlgx","YULIIV_007_SK, RK, LM, INNK_2950-3147_500_2023-05-15_D_1.jpg","YULIIV_007_SK, RK, LM, INNK_2950-3147_500_2023-05-15_D_1.las",ZAT750M1,ZAT750M,,SA3,208,0.9712,ZAT750M,0.8202,2950.0,3147.0,6671,8950,1,1
YULIIV_007,"YULIIV_007_SK, RK, LM, INNK_2950-3147_500_2023-05-15_D_1.nlgx","YULIIV_007_SK, RK, LM, INNK_2950-3147_500_2023-05-15_D_1.jpg","YULIIV_007_SK, RK, LM, INNK_2950-3147_500_2023-05-15_D_1.las",ZAT900M1,ZAT900M,,SA4,133,0.9398,ZAT900M,0.8056,2950.0,3147.0,6671,8950,1,1
YULIIV_007,"YULIIV_007_SK, RK, LM, INNK_2950-3147_500_2023-05-15_D_1.nlgx","YULIIV_007_SK, RK, LM, INNK_2950-3147_500_2023-05-15_D_1.jpg","YULIIV_007_SK, RK, LM, INNK_2950-3147_500_2023-05-15_D_1.las",ZAT450B1,ZAT450B,,SA5,209,0.8995,ZAT450B,0.7681,2950.0,3147.0,6671,8950,1,0
YULIIV_007,"YULIIV_007_SK, RK, LM, INNK_2950-3147_500_2023-05-15_D_1.nlgx","YULIIV_007_SK, RK, LM, INNK_2950-3147_500_2023-05-15_D_1.jpg","YULIIV_007_SK, RK, LM, INNK_2950-3147_500_2023-05-15_D_1.las",ZAT600B1,ZAT600B,,SA6,198,0.9596,ZAT600B,0.7397,2950.0,3147.0,6671,8950,1,1
YULIIV_007,"YULIIV_007_SK, RK, LM, INNK_2950-3147_500_2023-05-15_D_1.nlgx","YULIIV_007_SK, RK, LM, INNK_2950-3147_500_2023-05-15_D_1.jpg","YULIIV_007_SK, RK, LM, INNK_2950-3147_500_2023-05-15_D_1.las",ZAT750B1,ZAT750B,,SA7,165,0.9697,ZAT750B,0.5647,2950.0,3147.0,6671,8950,1,1
YULIIV_007,"YULIIV_007_SK, RK, LM, INNK_2950-3147_500_2023-05-15_D_1.nlgx","YULIIV_007_SK, RK, LM, INNK_2950-3147_500_2023-05-15_D_1.jpg","YULIIV_007_SK, RK, LM, INNK_2950-3147_500_2023-05-15_D_1.las",ZAT900B1,ZAT900B,,SA8,198,0.9394,ZAT900B,0.6299,2950.0,3147.0,6671,8950,1,1
YULIIV_007,"YULIIV_007_SK, RK, LM, INNK_2950-3147_500_2023-05-15_D_1.nlgx","YULIIV_007_SK, RK, LM, INNK_2950-3147_500_2023-05-15_D_1.jpg","YULIIV_007_SK, RK, LM, INNK_2950-3147_500_2023-05-15_D_1.las",TAU1,TAU,,SA9,173,0.9769,TAU,0.9529,2950.0,3147.0,6671,8950,1,1
YULIIV_007,YULIIV_007_TK_2600-3080_200_2002-12-14_D_1.nlgx,YULIIV_007_TK_2600-3080_200_2002-12-14_D_1.jpg,YULIIV_007_TK_2600-3080_200_2002-12-14_D_1.las,TMSS1,TMSS,,SA1,136,0.9926,TMSS,0.9969,2576.0,3088.0,2554,33043,2,1
YULIIV_007,YULIIV_007_TK_2600-3080_200_2002-12-14_D_1.nlgx,YULIIV_007_TK_2600-3080_200_2002-12-14_D_1.jpg,YULIIV_007_TK_2600-3080_200_2002-12-14_D_1.las,TMDS11,TMDS,,SA2,189,0.9841,TMDS1,0.9997,2576.0,3088.0,2554,33043,2,1
YULIIV_007,YULIIV_007_TM_0000-2180_500_1989-05-25_D_1.nlgx,YULIIV_007_TM_0000-2180_500_1989-05-25_D_1.jpg,YULIIV_007_TM_0000-2180_500_1989-05-25_D_1.las,TMSS1,TMSS,,SA1,1291,0.7599,TMSS,0.999,0.0,2190.0,1683,54941,5,0
YULIIV_007,YULIIV_007_TM_2130-3945_500_1989-10-18_D_1.nlgx,YULIIV_007_TM_2130-3945_500_1989-10-18_D_1.jpg,YULIIV_007_TM_2130-3945_500_1989-10-18_D_1.las,TMSS1,TMSS,,SA1,1138,0.9991,TMSS,,2060.0,3946.0,1742,48688,9,1
YULIIV_055,YULIIV_055_AKC_0000-2105_500_1998-07-18_D_1.nlgx,YULIIV_055_AKC_0000-2105_500_1998-07-18_D_1.jpg,YULIIV_055_AKC_0000-2105_500_1998-07-18_D_1.las,AK1,AK,,SA1,4290,0.9611,AK,0.9779,0.0,2105.0,1997,55002,1,1
YULIIV_055,YULIIV_055_AKC_0000-2105_500_1998-07-18_D_1.nlgx,YULIIV_055_AKC_0000-2105_500_1998-07-18_D_1.jpg,YULIIV_055_AKC_0000-2105_500_1998-07-18_D_1.las,AP1,AP,,SA2,4658,0.8987,AP,0.975,0.0,2105.0,1997,55002,1,0
YULIIV_055,YULIIV_055_AKC_0000-2105_500_1998-07-18_D_1.nlgx,YULIIV_055_AKC_0000-2105_500_1998-07-18_D_1.jpg,YULIIV_055_AKC_0000-2105_500_1998-07-18_D_1.las,TP1,TP,,SA4,7668,0.9598,TP,0.985,0.0,2105.0,1997,55002,3,1
YULIIV_055,YULIIV_055_AKC_0000-3720_500_1998-08-29_D_1.nlgx,YULIIV_055_AKC_0000-3720_500_1998-08-29_D_1.tif,YULIIV_055_AKC_0000-3720_500_1998-08-29_D_1.las,TP1,TP,,SA1,9981,0.9089,TP,0.8997,0.0,3720.0,1945,93878,1,1
YULIIV_055,YULIIV_055_AKC_0000-3720_500_1998-08-29_D_1.nlgx,YULIIV_055_AKC_0000-3720_500_1998-08-29_D_1.tif,YULIIV_055_AKC_0000-3720_500_1998-08-29_D_1.las,AK1,AK,,SA2,6725,0.6947,AK,0.895,0.0,3720.0,1945,93878,1,0
YULIIV_055,YULIIV_055_AKC_0000-3720_500_1998-08-29_D_1.nlgx,YULIIV_055_AKC_0000-3720_500_1998-08-29_D_1.tif,YULIIV_055_AKC_0000-3720_500_1998-08-29_D_1.las,AP1,AP,,SA3,7067,0.9116,AP,0.929,0.0,3720.0,1945,93878,1,1
YULIIV_055,YULIIV_055_BKZ_2084-3045_200_1998-07-18_D_1.nlgx,YULIIV_055_BKZ_2084-3045_200_1998-07-18_D_1.jpg,YULIIV_055_BKZ_2084-3045_200_1998-07-18_D_1.las,GZ11,GZ,,SA1,4626,0.9607,GZ1,,2084.0,3044.0,3178,61550,2,1
YULIIV_055,YULIIV_055_BKZ_2084-3045_200_1998-07-18_D_1.nlgx,YULIIV_055_BKZ_2084-3045_200_1998-07-18_D_1.jpg,YULIIV_055_BKZ_2084-3045_200_1998-07-18_D_1.las,GZ21,GZ,,SA2,4448,0.9663,GZ2,,2084.0,3044.0,3178,61550,3,1
YULIIV_055,YULIIV_055_BKZ_2084-3045_200_1998-07-18_D_1.nlgx,YULIIV_055_BKZ_2084-3045_200_1998-07-18_D_1.jpg,YULIIV_055_BKZ_2084-3045_200_1998-07-18_D_1.las,GZ31,GZ,,SA3,3579,0.9757,GZ3,,2084.0,3044.0,3178,61550,3,1
YULIIV_055,YULIIV_055_BKZ_2084-3045_200_1998-07-18_D_1.nlgx,YULIIV_055_BKZ_2084-3045_200_1998-07-18_D_1.jpg,YULIIV_055_BKZ_2084-3045_200_1998-07-18_D_1.las,GZ41,GZ,,SA1,5007,0.9561,GZ4,,2084.0,3044.0,3178,61550,3,1
YULIIV_055,YULIIV_055_BKZ_2084-3045_200_1998-07-18_D_1.nlgx,YULIIV_055_BKZ_2084-3045_200_1998-07-18_D_1.jpg,YULIIV_055_BKZ_2084-3045_200_1998-07-18_D_1.las,GZ51,GZ,,SA2,5485,0.9856,GZ5,,2084.0,3044.0,3178,61550,2,1
YULIIV_055,YULIIV_055_BKZ_2084-3045_200_1998-07-18_D_1.nlgx,YULIIV_055_BKZ_2084-3045_200_1998-07-18_D_1.jpg,YULIIV_055_BKZ_2084-3045_200_1998-07-18_D_1.las,OGZ1,OGZ,,SA3,3594,0.983,OGZ,,2084.0,3044.0,3178,61550,3,1
YULIIV_055,YULIIV_055_BKZ_2084-3045_200_1998-07-18_D_1.nlgx,YULIIV_055_BKZ_2084-3045_200_1998-07-18_D_1.jpg,YULIIV_055_BKZ_2084-3045_200_1998-07-18_D_1.las,SP1,SP,,SA1,3681,0.9916,SP,,2084.0,3044.0,3178,61550,1,1
YULIIV_055,YULIIV_055_BKZ_2084-3045_200_1998-07-18_D_1.nlgx,YULIIV_055_BKZ_2084-3045_200_1998-07-18_D_1.jpg,YULIIV_055_BKZ_2084-3045_200_1998-07-18_D_1.las,CALI1,CALI,,SA2,6498,0.9775,CALI,,2084.0,3044.0,3178,61550,2,1
YULIIV_055,YULIIV_055_BKZ_2960-3748_200_1998-08-03_D_1.nlgx,YULIIV_055_BKZ_2960-3748_200_1998-08-03_D_1.jpg,YULIIV_055_BKZ_2960-3748_200_1998-08-03_D_1.las,GZ11,GZ,,SA1,5028,0.9895,GZ1,0.2749,2960.0,3748.0,2993,51408,2,1
YULIIV_055,YULIIV_055_BKZ_2960-3748_200_1998-08-03_D_1.nlgx,YULIIV_055_BKZ_2960-3748_200_1998-08-03_D_1.jpg,YULIIV_055_BKZ_2960-3748_200_1998-08-03_D_1.las,GZ21,GZ,,SA2,4580,0.9987,GZ2,0.2962,2960.0,3748.0,2993,51408,2,1
YULIIV_055,YULIIV_055_BKZ_2960-3748_200_1998-08-03_D_1.nlgx,YULIIV_055_BKZ_2960-3748_200_1998-08-03_D_1.jpg,YULIIV_055_BKZ_2960-3748_200_1998-08-03_D_1.las,GZ31,GZ,,SA3,4677,0.9991,GZ3,0.3501,2960.0,3748.0,2993,51408,3,1
YULIIV_055,YULIIV_055_BKZ_2960-3748_200_1998-08-03_D_1.nlgx,YULIIV_055_BKZ_2960-3748_200_1998-08-03_D_1.jpg,YULIIV_055_BKZ_2960-3748_200_1998-08-03_D_1.las,GZ41,GZ,,SA4,3419,0.981,GZ4,0.3446,2960.0,3748.0,2993,51408,4,1
YULIIV_055,YULIIV_055_BKZ_2960-3748_200_1998-08-03_D_1.nlgx,YULIIV_055_BKZ_2960-3748_200_1998-08-03_D_1.jpg,YULIIV_055_BKZ_2960-3748_200_1998-08-03_D_1.las,GZ51,GZ,,SA5,5109,0.9978,GZ5,0.2941,2960.0,3748.0,2993,51408,4,1
YULIIV_055,YULIIV_055_BKZ_2960-3748_200_1998-08-03_D_1.nlgx,YULIIV_055_BKZ_2960-3748_200_1998-08-03_D_1.jpg,YULIIV_055_BKZ_2960-3748_200_1998-08-03_D_1.las,OGZ1,OGZ,,SA6,3589,0.9986,OGZ,0.3134,2960.0,3748.0,2993,51408,3,1
YULIIV_055,YULIIV_055_BKZ_2960-3748_200_1998-08-03_D_1.nlgx,YULIIV_055_BKZ_2960-3748_200_1998-08-03_D_1.jpg,YULIIV_055_BKZ_2960-3748_200_1998-08-03_D_1.las,PS1,PS,,SA7,2305,0.977,PS,0.2054,2960.0,3748.0,2993,51408,2,1
YULIIV_055,YULIIV_055_BKZ_2960-3748_200_1998-08-03_D_1.nlgx,YULIIV_055_BKZ_2960-3748_200_1998-08-03_D_1.jpg,YULIIV_055_BKZ_2960-3748_200_1998-08-03_D_1.las,CALI1,CALI,,SA8,4763,0.9742,CALI,0.1707,2960.0,3748.0,2993,51408,4,1
YULIIV_055,YULIIV_055_INNK_2935-3703_200_1998-08-29_D_1.nlgx,YULIIV_055_INNK_2935-3703_200_1998-08-29_D_1.jpg,YULIIV_055_INNK_2935-3703_200_1998-08-29_D_1.las,ZAT901,ZAT,,SA1,5801,0.4625,ZAT90,0.9487,2935.0,3704.0,3356,50086,2,0
YULIIV_055,YULIIV_055_INNK_2935-3703_200_1998-08-29_D_1.nlgx,YULIIV_055_INNK_2935-3703_200_1998-08-29_D_1.jpg,YULIIV_055_INNK_2935-3703_200_1998-08-29_D_1.las,ZAT101,ZAT,,SA2,32422,0.8629,ZAT10,0.9244,2935.0,3704.0,3356,50086,2,0
YULIIV_055,YULIIV_055_INNK_2935-3703_200_1998-08-29_D_1.nlgx,YULIIV_055_INNK_2935-3703_200_1998-08-29_D_1.jpg,YULIIV_055_INNK_2935-3703_200_1998-08-29_D_1.las,ZAT121,ZAT,,SA3,34155,0.9192,ZAT12,0.9039,2935.0,3704.0,3356,50086,2,1
YULIIV_055,YULIIV_055_INNK_2935-3703_200_1998-08-29_D_1.nlgx,YULIIV_055_INNK_2935-3703_200_1998-08-29_D_1.jpg,YULIIV_055_INNK_2935-3703_200_1998-08-29_D_1.las,ZAT131,ZAT,,SA4,35888,0.6945,ZAT13,0.8657,2935.0,3704.0,3356,50086,2,0
YULIIV_055,YULIIV_055_INNK_2935-3703_200_1998-08-29_D_1.nlgx,YULIIV_055_INNK_2935-3703_200_1998-08-29_D_1.jpg,YULIIV_055_INNK_2935-3703_200_1998-08-29_D_1.las,ZAT151,ZAT,,SA5,38099,0.9658,ZAT15,0.8714,2935.0,3704.0,3356,50086,1,1
YULIIV_055,YULIIV_055_INNK_2935-3703_200_1998-08-29_D_1.nlgx,YULIIV_055_INNK_2935-3703_200_1998-08-29_D_1.jpg,YULIIV_055_INNK_2935-3703_200_1998-08-29_D_1.las,ZAT161,ZAT,,SA6,40301,0.9692,ZAT16,0.8281,2935.0,3704.0,3356,50086,1,1
YULIIV_055,YULIIV_055_INNK_2935-3703_200_1998-08-29_D_1.nlgx,YULIIV_055_INNK_2935-3703_200_1998-08-29_D_1.jpg,YULIIV_055_INNK_2935-3703_200_1998-08-29_D_1.las,TAU1,TAU,,SA7,14026,0.8224,TAU,0.5404,2935.0,3704.0,3356,50086,3,0
YULIIV_055,"YULIIV_055_MK, MBK, MDS_2084-3060_200_1998-07-18_D_1.nlgx","YULIIV_055_MK, MBK, MDS_2084-3060_200_1998-07-18_D_1.jpg","YULIIV_055_MK, MBK, MDS_2084-3060_200_1998-07-18_D_1.las",MBK1,MBK,,SA1,9464,0.9827,MBK,,2084.0,3062.0,2787,62400,2,1
YULIIV_055,"YULIIV_055_MK, MBK, MDS_2084-3060_200_1998-07-18_D_1.nlgx","YULIIV_055_MK, MBK, MDS_2084-3060_200_1998-07-18_D_1.jpg","YULIIV_055_MK, MBK, MDS_2084-3060_200_1998-07-18_D_1.las",MCALI1,MCALI,,SA1,8539,0.9841,MCALI,,2084.0,3062.0,2787,62400,2,1
YULIIV_055,"YULIIV_055_MK, MBK, MDS_2084-3060_200_1998-07-18_D_1.nlgx","YULIIV_055_MK, MBK, MDS_2084-3060_200_1998-07-18_D_1.jpg","YULIIV_055_MK, MBK, MDS_2084-3060_200_1998-07-18_D_1.las",MGZ1,MGZ,,SA2,6194,0.9398,MGZ,,2084.0,3062.0,2787,62400,2,1
YULIIV_055,"YULIIV_055_MK, MBK, MDS_2084-3060_200_1998-07-18_D_1.nlgx","YULIIV_055_MK, MBK, MDS_2084-3060_200_1998-07-18_D_1.jpg","YULIIV_055_MK, MBK, MDS_2084-3060_200_1998-07-18_D_1.las",MPZ1,MPZ,,SA3,5233,0.9484,MPZ,,2084.0,3062.0,2787,62400,2,1
YULIIV_055,YULIIV_055_RK_0000-3690_200_1999-04-15_D_1.nlgx,YULIIV_055_RK_0000-3690_200_1999-04-15_D_1.tif,YULIIV_055_RK_0000-3690_200_1999-04-15_D_1.las,GK1,GK,,SA1,26843,0.999,GK,0.9819,0.0,3692.0,2519,228320,2,1
YULIIV_055,YULIIV_055_RK_0000-3690_200_1999-04-15_D_1.nlgx,YULIIV_055_RK_0000-3690_200_1999-04-15_D_1.tif,YULIIV_055_RK_0000-3690_200_1999-04-15_D_1.las,NGK1,NGK,,SA2,30018,0.9969,NGK,0.9514,0.0,3692.0,2519,228320,1,1
YULIIV_055,"YULIIV_055_SK, GK, DS_0263-1970_500_1998-05-27_D_1.nlgx","YULIIV_055_SK, GK, DS_0263-1970_500_1998-05-27_D_1.jpg","YULIIV_055_SK, GK, DS_0263-1970_500_1998-05-27_D_1.las",PZ1,PZ,,SA1,3643,0.9989,PZ,0.9886,250.0,1980.0,2065,46718,2,1
YULIIV_055,"YULIIV_055_SK, GK, DS_0263-1970_500_1998-05-27_D_1.nlgx","YULIIV_055_SK, GK, DS_0263-1970_500_1998-05-27_D_1.jpg","YULIIV_055_SK, GK, DS_0263-1970_500_1998-05-27_D_1.las",GZ1,GZ,,SA2,4397,0.8126,GZ,0.992,250.0,1980.0,2065,46718,3,0
YULIIV_055,"YULIIV_055_SK, GK, DS_0263-1970_500_1998-05-27_D_1.nlgx","YULIIV_055_SK, GK, DS_0263-1970_500_1998-05-27_D_1.jpg","YULIIV_055_SK, GK, DS_0263-1970_500_1998-05-27_D_1.las",SP1,SP,,SA3,4143,0.777,SP,0.9617,250.0,1980.0,2065,46718,1,0
YULIIV_055,"YULIIV_055_SK, GK, DS_0263-1970_500_1998-05-27_D_1.nlgx","YULIIV_055_SK, GK, DS_0263-1970_500_1998-05-27_D_1.jpg","YULIIV_055_SK, GK, DS_0263-1970_500_1998-05-27_D_1.las",GK1,GK,,SA4,7182,0.8595,GK,0.9459,250.0,1980.0,2065,46718,1,0
YULIIV_055,"YULIIV_055_SK, GK, DS_0263-1970_500_1998-05-27_D_1.nlgx","YULIIV_055_SK, GK, DS_0263-1970_500_1998-05-27_D_1.jpg","YULIIV_055_SK, GK, DS_0263-1970_500_1998-05-27_D_1.las",CALI1,CALI,,SA5,1678,1.0,CALI,0.8838,250.0,1980.0,2065,46718,1,1
YULIIV_055,"YULIIV_055_TK, M_3400-3690_200_1999-04-16_D_1.nlgx","YULIIV_055_TK, M_3400-3690_200_1999-04-16_D_1.jpg","YULIIV_055_TK, M_3400-3690_200_1999-04-16_D_1.las",TMSS1,TMSS,,SA1,173,0.9306,TMSS,1.0,3388.0,3696.0,2497,21025,2,1
YULIIV_055,"YULIIV_055_TK, M_3400-3690_200_1999-04-16_D_1.nlgx","YULIIV_055_TK, M_3400-3690_200_1999-04-16_D_1.jpg","YULIIV_055_TK, M_3400-3690_200_1999-04-16_D_1.las",TMDS11,TMDS,,SA2,361,0.9363,TMDS1,0.9977,3388.0,3696.0,2497,21025,5,1
YULIIV_055,"YULIIV_055_TK, M_3400-3690_200_1999-04-16_D_1.nlgx","YULIIV_055_TK, M_3400-3690_200_1999-04-16_D_1.jpg","YULIIV_055_TK, M_3400-3690_200_1999-04-16_D_1.las",TMDS21,TMDS,,SA3,11787,0.9993,TMDS2,0.9999,3388.0,3696.0,2497,21025,2,1
YULIIV_062,YULIIV_062_AKC_0000-2100_500_1999-08-31_D_1.nlgx,YULIIV_062_AKC_0000-2100_500_1999-08-31_D_1.jpg,YULIIV_062_AKC_0000-2100_500_1999-08-31_D_1.las,TP1,TP,,SA1,26793,0.9532,TP,0.8987,0.0,2110.0,2515,55103,2,1
YULIIV_062,YULIIV_062_AKC_0000-2100_500_1999-08-31_D_1.nlgx,YULIIV_062_AKC_0000-2100_500_1999-08-31_D_1.jpg,YULIIV_062_AKC_0000-2100_500_1999-08-31_D_1.las,AK1,AK,,SA2,11551,0.7868,AK,0.9627,0.0,2110.0,2515,55103,1,0
YULIIV_062,YULIIV_062_AKC_0000-2100_500_1999-08-31_D_1.nlgx,YULIIV_062_AKC_0000-2100_500_1999-08-31_D_1.jpg,YULIIV_062_AKC_0000-2100_500_1999-08-31_D_1.las,AP1,AP,,SA3,12875,0.9415,AP,0.9421,0.0,2110.0,2515,55103,1,1
YULIIV_062,YULIIV_062_AKC_0003-3720_500_1999-11-01_D_1.nlgx,YULIIV_062_AKC_0003-3720_500_1999-11-01_D_1.tif,YULIIV_062_AKC_0003-3720_500_1999-11-01_D_1.las,AK1,AK,,SA1,6739,0.9558,AK,0.6909,0.0,3720.0,2324,92834,1,1
YULIIV_062,YULIIV_062_AKC_0003-3720_500_1999-11-01_D_1.nlgx,YULIIV_062_AKC_0003-3720_500_1999-11-01_D_1.tif,YULIIV_062_AKC_0003-3720_500_1999-11-01_D_1.las,AP1,AP,,SA2,20028,0.9654,AP,0.7077,0.0,3720.0,2324,92834,1,1
YULIIV_062,YULIIV_062_AKC_0003-3720_500_1999-11-01_D_1.nlgx,YULIIV_062_AKC_0003-3720_500_1999-11-01_D_1.tif,YULIIV_062_AKC_0003-3720_500_1999-11-01_D_1.las,TP1,TP,,SA3,49578,0.9763,TP,0.8316,0.0,3720.0,2324,92834,3,1
YULIIV_062,"YULIIV_062_M, RM_3480-3670_200_2003-09-24_D_1.nlgx","YULIIV_062_M, RM_3480-3670_200_2003-09-24_D_1.jpg","YULIIV_062_M, RM_3480-3670_200_2003-09-24_D_1.las",MNSS1,MNSS,,SA1,5002,0.9454,MNSS,1.0,3476.0,3676.0,2513,14844,5,1
YULIIV_062,"YULIIV_062_M, RM_3480-3670_200_2003-09-24_D_1.nlgx","YULIIV_062_M, RM_3480-3670_200_2003-09-24_D_1.jpg","YULIIV_062_M, RM_3480-3670_200_2003-09-24_D_1.las",REZSS1,REZSS,,SA2,79,0.962,REZSS,0.9989,3476.0,3676.0,2513,14844,1,1
YULIIV_062,YULIIV_062_PL_Z_2750-3675_500_2006-10-28_D_1.nlgx,YULIIV_062_PL_Z_2750-3675_500_2006-10-28_D_1.jpg,YULIIV_062_PL_Z_2750-3675_500_2006-10-28_D_1.las,PZ1,PZ,,SA1,5725,0.9904,PZ,0.975,2750.0,3675.0,3470,26294,2,1
YULIIV_062,YULIIV_062_PL_Z_2750-3675_500_2006-10-28_D_1.nlgx,YULIIV_062_PL_Z_2750-3675_500_2006-10-28_D_1.jpg,YULIIV_062_PL_Z_2750-3675_500_2006-10-28_D_1.las,GZ1,GZ,,SA2,3668,0.7045,GZ,0.995,2750.0,3675.0,3470,26294,2,0
YULIIV_062,YULIIV_062_PL_Z_2750-3675_500_2006-10-28_D_1.nlgx,YULIIV_062_PL_Z_2750-3675_500_2006-10-28_D_1.jpg,YULIIV_062_PL_Z_2750-3675_500_2006-10-28_D_1.las,SP1,SP,,SA3,20679,0.0881,SP,0.999,2750.0,3675.0,3470,26294,1,0
YULIIV_062,YULIIV_062_PL_Z_2750-3675_500_2006-10-28_D_1.nlgx,YULIIV_062_PL_Z_2750-3675_500_2006-10-28_D_1.jpg,YULIIV_062_PL_Z_2750-3675_500_2006-10-28_D_1.las,GK1,GK,,SA4,10741,0.2683,GK,0.9204,2750.0,3675.0,3470,26294,1,0
YULIIV_062,YULIIV_062_PL_Z_2750-3675_500_2006-10-28_D_1.nlgx,YULIIV_062_PL_Z_2750-3675_500_2006-10-28_D_1.jpg,YULIIV_062_PL_Z_2750-3675_500_2006-10-28_D_1.las,NGK1,NGK,,SA5,11459,0.8572,NGK,0.8774,2750.0,3675.0,3470,26294,1,0
YULIIV_062,YULIIV_062_PL_Z_2750-3675_500_2006-10-28_D_1.nlgx,YULIIV_062_PL_Z_2750-3675_500_2006-10-28_D_1.jpg,YULIIV_062_PL_Z_2750-3675_500_2006-10-28_D_1.las,GK11,GK,,SA6,5021,0.998,GK1,0.943,2750.0,3675.0,3470,26294,1,1
YULIIV_062,YULIIV_062_PL_Z_2750-3675_500_2006-10-28_D_1.nlgx,YULIIV_062_PL_Z_2750-3675_500_2006-10-28_D_1.jpg,YULIIV_062_PL_Z_2750-3675_500_2006-10-28_D_1.las,NGK11,NGK,,SA7,6271,0.9892,NGK1,0.7624,2750.0,3675.0,3470,26294,1,1
YULIIV_062,YULIIV_062_PL_Z_2750-3675_500_2006-10-28_D_1.nlgx,YULIIV_062_PL_Z_2750-3675_500_2006-10-28_D_1.jpg,YULIIV_062_PL_Z_2750-3675_500_2006-10-28_D_1.las,TMSS1,TMSS,,SA8,179,1.0,TMSS,1.0,2750.0,3675.0,3470,26294,1,1
YULIIV_062,YULIIV_062_PL_Z_2750-3675_500_2006-10-28_D_1.nlgx,YULIIV_062_PL_Z_2750-3675_500_2006-10-28_D_1.jpg,YULIIV_062_PL_Z_2750-3675_500_2006-10-28_D_1.las,TMDS11,TMDS,,SA9,57,0.0526,TMDS1,1.0,2750.0,3675.0,3470,26294,1,0
YULIIV_062,YULIIV_062_PL_Z_2750-3675_500_2006-10-28_D_1.nlgx,YULIIV_062_PL_Z_2750-3675_500_2006-10-28_D_1.jpg,YULIIV_062_PL_Z_2750-3675_500_2006-10-28_D_1.las,TAU1,TAU,,SA10,15223,0.9989,TAU,0.9854,2750.0,3675.0,3470,26294,1,1
YULIIV_062,YULIIV_062_PL_Z_2750-3675_500_2006-10-28_D_1.nlgx,YULIIV_062_PL_Z_2750-3675_500_2006-10-28_D_1.jpg,YULIIV_062_PL_Z_2750-3675_500_2006-10-28_D_1.las,GSS1,GSS,,SA11,20349,0.0432,GSS,0.9823,2750.0,3675.0,3470,26294,1,0
YULIIV_062,YULIIV_062_PL_Z_2750-3675_500_2006-10-28_D_1.nlgx,YULIIV_062_PL_Z_2750-3675_500_2006-10-28_D_1.jpg,YULIIV_062_PL_Z_2750-3675_500_2006-10-28_D_1.las,GDS11,GDS,,SA12,4939,0.1877,GDS1,0.9777,2750.0,3675.0,3470,26294,1,0
YULIIV_062,"YULIIV_062_RK, AK, DS, PS_3220-3760_200_1999-10-01_D_1.nlgx","YULIIV_062_RK, AK, DS, PS_3220-3760_200_1999-10-01_D_1.jpg","YULIIV_062_RK, AK, DS, PS_3220-3760_200_1999-10-01_D_1.las",NNKM1,NNKM,,SA1,4154,0.9571,NNKM,0.9626,3220.0,3760.0,2481,46579,3,1
YULIIV_062,"YULIIV_062_RK, AK, DS, PS_3220-3760_200_1999-10-01_D_1.nlgx","YULIIV_062_RK, AK, DS, PS_3220-3760_200_1999-10-01_D_1.jpg","YULIIV_062_RK, AK, DS, PS_3220-3760_200_1999-10-01_D_1.las",NNKB1,NNKB,,SA2,8849,0.9113,NNKB,0.9936,3220.0,3760.0,2481,46579,3,1
YULIIV_062,"YULIIV_062_RK, AK, DS, PS_3220-3760_200_1999-10-01_D_1.nlgx","YULIIV_062_RK, AK, DS, PS_3220-3760_200_1999-10-01_D_1.jpg","YULIIV_062_RK, AK, DS, PS_3220-3760_200_1999-10-01_D_1.las",GK1,GK,,SA3,9764,0.9781,GK,0.9152,3220.0,3760.0,2481,46579,3,1
YULIIV_062,"YULIIV_062_RK, AK, DS, PS_3220-3760_200_1999-10-01_D_1.nlgx","YULIIV_062_RK, AK, DS, PS_3220-3760_200_1999-10-01_D_1.jpg","YULIIV_062_RK, AK, DS, PS_3220-3760_200_1999-10-01_D_1.las",TAU1,TAU,,SA4,10931,0.9753,TAU,0.9673,3220.0,3760.0,2481,46579,3,1
YULIIV_062,"YULIIV_062_RK, AK, DS, PS_3220-3760_200_1999-10-01_D_1.nlgx","YULIIV_062_RK, AK, DS, PS_3220-3760_200_1999-10-01_D_1.jpg","YULIIV_062_RK, AK, DS, PS_3220-3760_200_1999-10-01_D_1.las",T11,T,,SA5,15267,0.9896,T1,0.9912,3220.0,3760.0,2481,46579,2,1
YULIIV_062,"YULIIV_062_RK, AK, DS, PS_3220-3760_200_1999-10-01_D_1.nlgx","YULIIV_062_RK, AK, DS, PS_3220-3760_200_1999-10-01_D_1.jpg","YULIIV_062_RK, AK, DS, PS_3220-3760_200_1999-10-01_D_1.las",T21,T,,SA6,20459,0.9942,T2,0.9946,3220.0,3760.0,2481,46579,2,1
YULIIV_062,"YULIIV_062_RK, AK, DS, PS_3220-3760_200_1999-10-01_D_1.nlgx","YULIIV_062_RK, AK, DS, PS_3220-3760_200_1999-10-01_D_1.jpg","YULIIV_062_RK, AK, DS, PS_3220-3760_200_1999-10-01_D_1.las",SP1,SP,,SA7,3157,0.9959,SP,0.994,3220.0,3760.0,2481,46579,1,1
YULIIV_062,"YULIIV_062_RK, AK, DS, PS_3220-3760_200_1999-10-01_D_1.nlgx","YULIIV_062_RK, AK, DS, PS_3220-3760_200_1999-10-01_D_1.jpg","YULIIV_062_RK, AK, DS, PS_3220-3760_200_1999-10-01_D_1.las",CALI1,CALI,,SA8,25267,0.9936,CALI,0.976,3220.0,3760.0,2481,46579,2,1
YULIIV_062,YULIIV_062_RK_2700-3670_200_2003-09-25_D_1.nlgx,YULIIV_062_RK_2700-3670_200_2003-09-25_D_1.jpg,YULIIV_062_RK_2700-3670_200_2003-09-25_D_1.las,GK1,GK,,SA1,13345,0.9638,GK,,2692.0,3676.0,2509,64715,1,1
YULIIV_062,YULIIV_062_RK_2700-3670_200_2003-09-25_D_1.nlgx,YULIIV_062_RK_2700-3670_200_2003-09-25_D_1.jpg,YULIIV_062_RK_2700-3670_200_2003-09-25_D_1.las,NGK1,NGK,,SA2,28769,0.9397,NGK,,2692.0,3676.0,2509,64715,1,1
YULIIV_062,YULIIV_062_TK_3000-3670_200_2003-09-25_D_1.nlgx,YULIIV_062_TK_3000-3670_200_2003-09-25_D_1.jpg,YULIIV_062_TK_3000-3670_200_2003-09-25_D_1.las,TMSS1,TMSS,,SA1,30908,0.929,TMSS,1.0,2984.0,3676.0,2568,44204,5,1
YULIIV_062,YULIIV_062_TK_3000-3670_200_2003-09-25_D_1.nlgx,YULIIV_062_TK_3000-3670_200_2003-09-25_D_1.jpg,YULIIV_062_TK_3000-3670_200_2003-09-25_D_1.las,TMDS11,TMDS,,SA2,276,0.6268,TMDS1,1.0,2984.0,3676.0,2568,44204,5,0
YULIIV_107,YULIIV_107_AK_2092-3716_200_1996-10-17_D_1.nlgx,YULIIV_107_AK_2092-3716_200_1996-10-17_D_1.tif,YULIIV_107_AK_2092-3716_200_1996-10-17_D_1.las,DTP1,DTP,,SA1,12852,0.9432,DTP,0.6825,2092.0,3716.0,2141,103130,1,1
YULIIV_107,YULIIV_107_AK_2092-3716_200_1996-10-17_D_1.nlgx,YULIIV_107_AK_2092-3716_200_1996-10-17_D_1.tif,YULIIV_107_AK_2092-3716_200_1996-10-17_D_1.las,T11,T,,SA2,6561,0.8086,T1,0.683,2092.0,3716.0,2141,103130,1,0
YULIIV_107,YULIIV_107_AK_2092-3716_200_1996-10-17_D_1.nlgx,YULIIV_107_AK_2092-3716_200_1996-10-17_D_1.tif,YULIIV_107_AK_2092-3716_200_1996-10-17_D_1.las,T21,T,,SA3,8073,0.813,T2,0.7364,2092.0,3716.0,2141,103130,1,0
YULIIV_107,YULIIV_107_AKC_0000-2100_500_1996-10-16_D_1.nlgx,YULIIV_107_AKC_0000-2100_500_1996-10-16_D_1.jpg,YULIIV_107_AKC_0000-2100_500_1996-10-16_D_1.las,AP1,AP,,SA1,3850,0.9992,AP,,0.0,2100.0,2012,55091,1,1
YULIIV_107,YULIIV_107_AKC_0000-2100_500_1996-10-16_D_1.nlgx,YULIIV_107_AKC_0000-2100_500_1996-10-16_D_1.jpg,YULIIV_107_AKC_0000-2100_500_1996-10-16_D_1.las,TP1,TP,,SA2,4955,0.9978,TP,,0.0,2100.0,2012,55091,1,1
YULIIV_107,YULIIV_107_AKC_0000-2100_500_1996-10-16_D_1.nlgx,YULIIV_107_AKC_0000-2100_500_1996-10-16_D_1.jpg,YULIIV_107_AKC_0000-2100_500_1996-10-16_D_1.las,AK1,AK,,SA3,1597,0.8184,AK,,0.0,2100.0,2012,55091,1,0
YULIIV_107,YULIIV_107_AKC_2920-3220_500_2023-04-12_D_1.nlgx,YULIIV_107_AKC_2920-3220_500_2023-04-12_D_1.jpg,YULIIV_107_AKC_2920-3220_500_2023-04-12_D_1.las,AK1,AK,,SA1,310,0.9903,AK,0.9749,2920.0,3220.0,2259,11361,1,1
YULIIV_107,YULIIV_107_AKC_2920-3220_500_2023-04-12_D_1.nlgx,YULIIV_107_AKC_2920-3220_500_2023-04-12_D_1.jpg,YULIIV_107_AKC_2920-3220_500_2023-04-12_D_1.las,AP1,AP,,SA2,325,1.0,AP,0.9634,2920.0,3220.0,2259,11361,1,1
YULIIV_107,YULIIV_107_AKC_2920-3220_500_2023-04-12_D_1.nlgx,YULIIV_107_AKC_2920-3220_500_2023-04-12_D_1.jpg,YULIIV_107_AKC_2920-3220_500_2023-04-12_D_1.las,TP1,TP,,SA1,308,1.0,TP,0.9908,2920.0,3220.0,2259,11361,1,1
YULIIV_107,YULIIV_107_BK_2090-3550_200_1996-10-16_D_1.nlgx,YULIIV_107_BK_2090-3550_200_1996-10-16_D_1.tif,YULIIV_107_BK_2090-3550_200_1996-10-16_D_1.las,BK1,BK,,SA1,9238,0.811,BK,,2090.0,3550.0,1749,91319,3,0
YULIIV_107,YULIIV_107_BKZ_2090-3550_200_1996-09-02_D_11.nlgx,YULIIV_107_BKZ_2090-3550_200_1996-09-02_D_11.tif,YULIIV_107_BKZ_2090-3550_200_1996-09-02_D_11.las,GZ11,GZ,,SA1,7397,0.9021,GZ1,,2088.4,3546.0,2609,91403,2,1
YULIIV_107,YULIIV_107_BKZ_2090-3550_200_1996-09-02_D_11.nlgx,YULIIV_107_BKZ_2090-3550_200_1996-09-02_D_11.tif,YULIIV_107_BKZ_2090-3550_200_1996-09-02_D_11.las,GZ21,GZ,,SA2,7432,0.7043,GZ2,,2088.4,3546.0,2609,91403,3,0
YULIIV_107,YULIIV_107_BKZ_2090-3550_200_1996-09-02_D_11.nlgx,YULIIV_107_BKZ_2090-3550_200_1996-09-02_D_11.tif,YULIIV_107_BKZ_2090-3550_200_1996-09-02_D_11.las,GZ31,GZ,,SA3,5777,0.9562,GZ3,,2088.4,3546.0,2609,91403,3,1
YULIIV_107,YULIIV_107_BKZ_2090-3550_200_1996-09-02_D_11.nlgx,YULIIV_107_BKZ_2090-3550_200_1996-09-02_D_11.tif,YULIIV_107_BKZ_2090-3550_200_1996-09-02_D_11.las,OGZ1,OGZ,,SA4,6462,0.8145,OGZ,,2088.4,3546.0,2609,91403,3,0
YULIIV_107,YULIIV_107_BKZ_2090-3550_200_1996-09-02_D_12.nlgx,YULIIV_107_BKZ_2090-3550_200_1996-09-02_D_12.tif,YULIIV_107_BKZ_2090-3550_200_1996-09-02_D_12.las,GZ41,GZ,,SA1,2306,0.8929,GZ4,0.9728,2086.0,3554.0,2590,91279,3,0
YULIIV_107,YULIIV_107_BKZ_2090-3550_200_1996-09-02_D_12.nlgx,YULIIV_107_BKZ_2090-3550_200_1996-09-02_D_12.tif,YULIIV_107_BKZ_2090-3550_200_1996-09-02_D_12.las,GZ51,GZ,,SA2,2603,0.7199,GZ5,0.9611,2086.0,3554.0,2590,91279,3,0
YULIIV_107,YULIIV_107_BKZ_2090-3550_200_1996-09-02_D_12.nlgx,YULIIV_107_BKZ_2090-3550_200_1996-09-02_D_12.tif,YULIIV_107_BKZ_2090-3550_200_1996-09-02_D_12.las,SP1,SP,,SA3,2018,0.8162,SP,0.9707,2086.0,3554.0,2590,91279,1,0
YULIIV_107,YULIIV_107_BKZ_2090-3550_200_1996-09-02_D_12.nlgx,YULIIV_107_BKZ_2090-3550_200_1996-09-02_D_12.tif,YULIIV_107_BKZ_2090-3550_200_1996-09-02_D_12.las,CALI1,CALI,,SA4,3471,0.8738,CALI,0.9101,2086.0,3554.0,2590,91279,1,0
YULIIV_107,YULIIV_107_BKZ_3460-3700_200_1996-10-16_D_11.nlgx,YULIIV_107_BKZ_3460-3700_200_1996-10-16_D_11.jpg,YULIIV_107_BKZ_3460-3700_200_1996-10-16_D_11.las,GZ11,GZ,,SA1,1750,0.9583,GZ1,0.9673,3460.0,3700.0,2102,18723,1,1
YULIIV_107,YULIIV_107_BKZ_3460-3700_200_1996-10-16_D_11.nlgx,YULIIV_107_BKZ_3460-3700_200_1996-10-16_D_11.jpg,YULIIV_107_BKZ_3460-3700_200_1996-10-16_D_11.las,GZ21,GZ,,SA2,1334,0.7729,GZ2,0.9736,3460.0,3700.0,2102,18723,2,0
YULIIV_107,YULIIV_107_BKZ_3460-3700_200_1996-10-16_D_11.nlgx,YULIIV_107_BKZ_3460-3700_200_1996-10-16_D_11.jpg,YULIIV_107_BKZ_3460-3700_200_1996-10-16_D_11.las,GZ31,GZ,,SA3,999,0.8478,GZ3,0.9872,3460.0,3700.0,2102,18723,3,0
YULIIV_107,YULIIV_107_BKZ_3460-3700_200_1996-10-16_D_11.nlgx,YULIIV_107_BKZ_3460-3700_200_1996-10-16_D_11.jpg,YULIIV_107_BKZ_3460-3700_200_1996-10-16_D_11.las,OGZ1,OGZ,,SA4,1044,0.6111,OGZ,0.9917,3460.0,3700.0,2102,18723,3,0
YULIIV_107,YULIIV_107_BKZ_3460-3700_200_1996-10-16_D_12.nlgx,YULIIV_107_BKZ_3460-3700_200_1996-10-16_D_12.jpg,YULIIV_107_BKZ_3460-3700_200_1996-10-16_D_12.las,GZ41,GZ,,SA1,658,0.8465,GZ4,0.9824,3448.0,3712.0,2127,18932,3,0
YULIIV_107,YULIIV_107_BKZ_3460-3700_200_1996-10-16_D_12.nlgx,YULIIV_107_BKZ_3460-3700_200_1996-10-16_D_12.jpg,YULIIV_107_BKZ_3460-3700_200_1996-10-16_D_12.las,GZ51,GZ,,SA2,566,0.9346,GZ5,0.9901,3448.0,3712.0,2127,18932,3,1
YULIIV_107,YULIIV_107_BKZ_3460-3700_200_1996-10-16_D_12.nlgx,YULIIV_107_BKZ_3460-3700_200_1996-10-16_D_12.jpg,YULIIV_107_BKZ_3460-3700_200_1996-10-16_D_12.las,CALI1,CALI,,SA3,1039,0.4755,CALI,0.9575,3448.0,3712.0,2127,18932,1,0
YULIIV_107,YULIIV_107_BKZ_3460-3700_200_1996-10-16_D_12.nlgx,YULIIV_107_BKZ_3460-3700_200_1996-10-16_D_12.jpg,YULIIV_107_BKZ_3460-3700_200_1996-10-16_D_12.las,SP1,SP,,SA4,403,0.598,SP,0.9975,3448.0,3712.0,2127,18932,1,0
YULIIV_107,"YULIIV_107_GK, LM_2840-3050_500_2024-10-15_D_1.nlgx","YULIIV_107_GK, LM_2840-3050_500_2024-10-15_D_1.jpg","YULIIV_107_GK, LM_2840-3050_500_2024-10-15_D_1.las",GK1,GK,,SA1,933,0.9957,GK,0.8917,2840.0,3050.0,3576,8170,1,1
YULIIV_107,"YULIIV_107_GK, LM_2840-3050_500_2024-10-15_D_1.nlgx","YULIIV_107_GK, LM_2840-3050_500_2024-10-15_D_1.jpg","YULIIV_107_GK, LM_2840-3050_500_2024-10-15_D_1.las",GK11,GK,,SA2,931,0.1805,GK1,0.9028,2840.0,3050.0,3576,8170,2,0
YULIIV_107,"YULIIV_107_GK-PVR, LM-PVR_3500-3600_200_2004-08-28_D_1.nlgx","YULIIV_107_GK-PVR, LM-PVR_3500-3600_200_2004-08-28_D_1.jpg","YULIIV_107_GK-PVR, LM-PVR_3500-3600_200_2004-08-28_D_1.las",GK1,GK,,SA1,1628,0.9779,GK,0.9561,3496.0,3636.0,2448,10854,1,1
YULIIV_107,YULIIV_107_IK_2090-3330_200_1996-09-02_D_1.nlgx,YULIIV_107_IK_2090-3330_200_1996-09-02_D_1.tif,YULIIV_107_IK_2090-3330_200_1996-09-02_D_1.las,IKA1,IKA,,SA1,7767,0.9455,IKA,0.9234,2090.0,3550.0,2625,91093,2,1
YULIIV_107,YULIIV_107_IK_2090-3330_200_1996-09-02_D_1.nlgx,YULIIV_107_IK_2090-3330_200_1996-09-02_D_1.tif,YULIIV_107_IK_2090-3330_200_1996-09-02_D_1.las,IKR1,IKR,,SA2,13622,0.9752,IKR,0.9383,2090.0,3550.0,2625,91093,2,1
YULIIV_107,YULIIV_107_IK_3460-3710_200_1996-10-16_D_1.nlgx,YULIIV_107_IK_3460-3710_200_1996-10-16_D_1.jpg,YULIIV_107_IK_3460-3710_200_1996-10-16_D_1.las,IKA1,IKA,,SA1,2152,0.8202,IKA,0.9086,3460.0,3710.0,2136,19403,2,0
YULIIV_107,YULIIV_107_IK_3460-3710_200_1996-10-16_D_1.nlgx,YULIIV_107_IK_3460-3710_200_1996-10-16_D_1.jpg,YULIIV_107_IK_3460-3710_200_1996-10-16_D_1.las,IKR1,IKR,,SA2,1752,0.7272,IKR,0.923,3460.0,3710.0,2136,19403,1,0
YULIIV_107,YULIIV_107_INNK_2090-3708_200_1996-10-18_D_1.nlgx,YULIIV_107_INNK_2090-3708_200_1996-10-18_D_1.tif,YULIIV_107_INNK_2090-3708_200_1996-10-18_D_1.las,ZAT15001,ZAT,,SA1,4915,0.9949,ZAT1500,,2088.0,3712.0,2595,101030,1,1
YULIIV_107,YULIIV_107_INNK_2090-3708_200_1996-10-18_D_1.nlgx,YULIIV_107_INNK_2090-3708_200_1996-10-18_D_1.tif,YULIIV_107_INNK_2090-3708_200_1996-10-18_D_1.las,ZAT12001,ZAT,,SA2,8619,0.9962,ZAT1200,,2088.0,3712.0,2595,101030,1,1
YULIIV_107,YULIIV_107_INNK_2090-3708_200_1996-10-18_D_1.nlgx,YULIIV_107_INNK_2090-3708_200_1996-10-18_D_1.tif,YULIIV_107_INNK_2090-3708_200_1996-10-18_D_1.las,ZAT9001,ZAT,,SA3,9388,0.9977,ZAT900,,2088.0,3712.0,2595,101030,1,1
YULIIV_107,YULIIV_107_INNK_2090-3708_200_1996-10-18_D_1.nlgx,YULIIV_107_INNK_2090-3708_200_1996-10-18_D_1.tif,YULIIV_107_INNK_2090-3708_200_1996-10-18_D_1.las,TAU1,TAU,,SA4,13117,0.9999,TAU,,2088.0,3712.0,2595,101030,1,1
YULIIV_107,YULIIV_107_MBK_3460-3710_200_1996-10-16_D_1.nlgx,YULIIV_107_MBK_3460-3710_200_1996-10-16_D_1.jpg,YULIIV_107_MBK_3460-3710_200_1996-10-16_D_1.las,MBK1,MBK,,SA1,2384,0.5105,MBK,,3456.0,3716.0,1776,19399,3,0
YULIIV_107,YULIIV_107_MK_3710-3473_200_1996-10-16_D_1.nlgx,YULIIV_107_MK_3710-3473_200_1996-10-16_D_1.jpg,YULIIV_107_MK_3710-3473_200_1996-10-16_D_1.las,MPZ1,MPZ,,SA1,1601,0.446,MPZ,0.8305,3472.0,3716.0,1715,19338,1,0
YULIIV_107,YULIIV_107_MK_3710-3473_200_1996-10-16_D_1.nlgx,YULIIV_107_MK_3710-3473_200_1996-10-16_D_1.jpg,YULIIV_107_MK_3710-3473_200_1996-10-16_D_1.las,MGZ1,MGZ,,SA2,1307,0.6266,MGZ,0.8098,3472.0,3716.0,1715,19338,1,0
YULIIV_107,YULIIV_107_MK_3710-3473_200_1996-10-16_D_1.nlgx,YULIIV_107_MK_3710-3473_200_1996-10-16_D_1.jpg,YULIIV_107_MK_3710-3473_200_1996-10-16_D_1.las,SP1,SP,,SA3,333,0.5075,SP,0.9983,3472.0,3716.0,1715,19338,1,0
YULIIV_107,"YULIIV_107_RK, INNK_2500-3522_200_2023-04-12_D_1.nlgx","YULIIV_107_RK, INNK_2500-3522_200_2023-04-12_D_1.tif","YULIIV_107_RK, INNK_2500-3522_200_2023-04-12_D_1.las",GZ1,GZ,,SA1,6380,0.9987,GZ,,2500.0,3588.0,6665,69229,2,1
YULIIV_107,"YULIIV_107_RK, INNK_2500-3522_200_2023-04-12_D_1.nlgx","YULIIV_107_RK, INNK_2500-3522_200_2023-04-12_D_1.tif","YULIIV_107_RK, INNK_2500-3522_200_2023-04-12_D_1.las",PZ1,PZ,,SA2,6484,1.0,PZ,,2500.0,3588.0,6665,69229,2,1
YULIIV_107,"YULIIV_107_RK, INNK_2500-3522_200_2023-04-12_D_1.nlgx","YULIIV_107_RK, INNK_2500-3522_200_2023-04-12_D_1.tif","YULIIV_107_RK, INNK_2500-3522_200_2023-04-12_D_1.las",SP1,SP,,SA3,2615,0.9572,SP,,2500.0,3588.0,6665,69229,1,1
YULIIV_107,"YULIIV_107_RK, INNK_2500-3522_200_2023-04-12_D_1.nlgx","YULIIV_107_RK, INNK_2500-3522_200_2023-04-12_D_1.tif","YULIIV_107_RK, INNK_2500-3522_200_2023-04-12_D_1.las",GK1,GK,,SA1,5794,1.0,GK,,2500.0,3588.0,6665,69229,1,1
YULIIV_107,"YULIIV_107_RK, INNK_2500-3522_200_2023-04-12_D_1.nlgx","YULIIV_107_RK, INNK_2500-3522_200_2023-04-12_D_1.tif","YULIIV_107_RK, INNK_2500-3522_200_2023-04-12_D_1.las",NNKM1,NNKM,,SA2,5323,0.5542,NNKM,,2500.0,3588.0,6665,69229,1,0
YULIIV_107,"YULIIV_107_RK, INNK_2500-3522_200_2023-04-12_D_1.nlgx","YULIIV_107_RK, INNK_2500-3522_200_2023-04-12_D_1.tif","YULIIV_107_RK, INNK_2500-3522_200_2023-04-12_D_1.las",NNKB1,NNKB,,SA3,4106,1.0,NNKB,,2500.0,3588.0,6665,69229,1,1
YULIIV_107,"YULIIV_107_RK, INNK_2500-3522_200_2023-04-12_D_1.nlgx","YULIIV_107_RK, INNK_2500-3522_200_2023-04-12_D_1.tif","YULIIV_107_RK, INNK_2500-3522_200_2023-04-12_D_1.las",GK11,GK,,SA1,5623,0.9998,GK1,,2500.0,3588.0,6665,69229,1,1
YULIIV_107,"YULIIV_107_RK, INNK_2500-3522_200_2023-04-12_D_1.nlgx","YULIIV_107_RK, INNK_2500-3522_200_2023-04-12_D_1.tif","YULIIV_107_RK, INNK_2500-3522_200_2023-04-12_D_1.las",NNKM11,NNKM,,SA2,1346,0.7608,NNKM1,,2500.0,3588.0,6665,69229,1,0
YULIIV_107,"YULIIV_107_RK, INNK_2500-3522_200_2023-04-12_D_1.nlgx","YULIIV_107_RK, INNK_2500-3522_200_2023-04-12_D_1.tif","YULIIV_107_RK, INNK_2500-3522_200_2023-04-12_D_1.las",TNPH1,TNPH,,SA3,1919,0.0542,TNPH,,2500.0,3588.0,6665,69229,1,0
YULIIV_107,"YULIIV_107_RK, INNK_2500-3522_200_2023-04-12_D_1.nlgx","YULIIV_107_RK, INNK_2500-3522_200_2023-04-12_D_1.tif","YULIIV_107_RK, INNK_2500-3522_200_2023-04-12_D_1.las",NNKB11,NNKB,,SA4,8447,0.9999,NNKB1,,2500.0,3588.0,6665,69229,1,1
YULIIV_107,"YULIIV_107_RK, INNK_2500-3522_200_2023-04-12_D_1.nlgx","YULIIV_107_RK, INNK_2500-3522_200_2023-04-12_D_1.tif","YULIIV_107_RK, INNK_2500-3522_200_2023-04-12_D_1.las",NNKM21,NNKM,,SA5,7843,0.9934,NNKM2,,2500.0,3588.0,6665,69229,1,1
YULIIV_107,"YULIIV_107_RK, INNK_2500-3522_200_2023-04-12_D_1.nlgx","YULIIV_107_RK, INNK_2500-3522_200_2023-04-12_D_1.tif","YULIIV_107_RK, INNK_2500-3522_200_2023-04-12_D_1.las",GK21,GK,,SA6,9939,0.9845,GK2,,2500.0,3588.0,6665,69229,3,1
YULIIV_107,"YULIIV_107_RK, INNK_2500-3522_200_2023-04-12_D_1.nlgx","YULIIV_107_RK, INNK_2500-3522_200_2023-04-12_D_1.tif","YULIIV_107_RK, INNK_2500-3522_200_2023-04-12_D_1.las",GK31,GK,,SA1,2756,0.984,GK3,,2500.0,3588.0,6665,69229,3,1
YULIIV_107,"YULIIV_107_RK, INNK_2500-3522_200_2023-04-12_D_1.nlgx","YULIIV_107_RK, INNK_2500-3522_200_2023-04-12_D_1.tif","YULIIV_107_RK, INNK_2500-3522_200_2023-04-12_D_1.las",ZAT450M1,ZAT450M,,SA1,5407,0.993,ZAT450M,,2500.0,3588.0,6665,69229,1,1
YULIIV_107,"YULIIV_107_RK, INNK_2500-3522_200_2023-04-12_D_1.nlgx","YULIIV_107_RK, INNK_2500-3522_200_2023-04-12_D_1.tif","YULIIV_107_RK, INNK_2500-3522_200_2023-04-12_D_1.las",ZAT600M1,ZAT600M,,SA2,3271,0.9988,ZAT600M,,2500.0,3588.0,6665,69229,1,1
YULIIV_107,"YULIIV_107_RK, INNK_2500-3522_200_2023-04-12_D_1.nlgx","YULIIV_107_RK, INNK_2500-3522_200_2023-04-12_D_1.tif","YULIIV_107_RK, INNK_2500-3522_200_2023-04-12_D_1.las",ZAT750M1,ZAT750M,,SA3,2856,1.0,ZAT750M,,2500.0,3588.0,6665,69229,1,1
YULIIV_107,"YULIIV_107_RK, INNK_2500-3522_200_2023-04-12_D_1.nlgx","YULIIV_107_RK, INNK_2500-3522_200_2023-04-12_D_1.tif","YULIIV_107_RK, INNK_2500-3522_200_2023-04-12_D_1.las",ZAT450B1,ZAT450B,,SA1,2960,0.9878,ZAT450B,,2500.0,3588.0,6665,69229,1,1
YULIIV_107,"YULIIV_107_RK, INNK_2500-3522_200_2023-04-12_D_1.nlgx","YULIIV_107_RK, INNK_2500-3522_200_2023-04-12_D_1.tif","YULIIV_107_RK, INNK_2500-3522_200_2023-04-12_D_1.las",ZAT600B1,ZAT600B,,SA2,2612,0.9996,ZAT600B,,2500.0,3588.0,6665,69229,1,1
YULIIV_107,"YULIIV_107_RK, INNK_2500-3522_200_2023-04-12_D_1.nlgx","YULIIV_107_RK, INNK_2500-3522_200_2023-04-12_D_1.tif","YULIIV_107_RK, INNK_2500-3522_200_2023-04-12_D_1.las",ZAT750B1,ZAT750B,,SA3,1748,1.0,ZAT750B,,2500.0,3588.0,6665,69229,1,1
YULIIV_107,"YULIIV_107_RK, INNK_2500-3522_200_2023-04-12_D_1.nlgx","YULIIV_107_RK, INNK_2500-3522_200_2023-04-12_D_1.tif","YULIIV_107_RK, INNK_2500-3522_200_2023-04-12_D_1.las",TAU1,TAU,,SA1,3962,0.9997,TAU,,2500.0,3588.0,6665,69229,1,1
YULIIV_107,"YULIIV_107_RK, INNK_2500-3522_200_2023-04-12_D_1.nlgx","YULIIV_107_RK, INNK_2500-3522_200_2023-04-12_D_1.tif","YULIIV_107_RK, INNK_2500-3522_200_2023-04-12_D_1.las",SIGMA1,SIGMA,,SA2,6442,0.9995,SIGMA,,2500.0,3588.0,6665,69229,1,1
YULIIV_107,YULIIV_107_RK_1970-3720_500_1996-10-17_D_1.nlgx,YULIIV_107_RK_1970-3720_500_1996-10-17_D_1.jpg,YULIIV_107_RK_1970-3720_500_1996-10-17_D_1.las,GK1,GK,,SA1,27954,0.9994,GK,0.8512,1940.0,3720.0,2364,46643,1,1
YULIIV_107,YULIIV_107_RK_1970-3720_500_1996-10-17_D_1.nlgx,YULIIV_107_RK_1970-3720_500_1996-10-17_D_1.jpg,YULIIV_107_RK_1970-3720_500_1996-10-17_D_1.las,NNKM1,NNKM,,SA2,39612,1.0,NNKM,0.8257,1940.0,3720.0,2364,46643,1,1
YULIIV_107,YULIIV_107_RK_1970-3720_500_1996-10-17_D_1.nlgx,YULIIV_107_RK_1970-3720_500_1996-10-17_D_1.jpg,YULIIV_107_RK_1970-3720_500_1996-10-17_D_1.las,NNKB1,NNKB,,SA3,37452,1.0,NNKB,0.8822,1940.0,3720.0,2364,46643,1,1
YULIV_051,YULIIV_051_AKC_0000-2200_500_1992-10-19_D_1.nlgx,YULIIV_051_AKC_0000-2200_500_1992-10-19_D_1.jpg,YULIIV_051_AKC_0000-2200_500_1992-10-19_D_1.las,AP1,AP,,SA1,2989,0.9806,AP,0.8908,20.0,2200.0,2118,57991,1,1
YULIV_051,YULIIV_051_AKC_0000-2200_500_1992-10-19_D_1.nlgx,YULIIV_051_AKC_0000-2200_500_1992-10-19_D_1.jpg,YULIIV_051_AKC_0000-2200_500_1992-10-19_D_1.las,AK1,AK,,SA2,2518,0.9515,AK,0.9827,20.0,2200.0,2118,57991,1,1
YULIV_051,YULIIV_051_AKC_0000-2200_500_1992-10-19_D_1.nlgx,YULIIV_051_AKC_0000-2200_500_1992-10-19_D_1.jpg,YULIIV_051_AKC_0000-2200_500_1992-10-19_D_1.las,TP1,TP,,SA3,2251,0.9587,TP,0.9235,20.0,2200.0,2118,57991,1,1
YULIV_051,YULIIV_051_AKC_0000-3700_500_1992-12-31_D_1.nlgx,YULIIV_051_AKC_0000-3700_500_1992-12-31_D_1.tif,YULIIV_051_AKC_0000-3700_500_1992-12-31_D_1.las,AP1,AP,,SA1,10412,1.0,AP,,0.0,3700.0,2030,95445,1,1
YULIV_051,YULIIV_051_AKC_0000-3700_500_1992-12-31_D_1.nlgx,YULIIV_051_AKC_0000-3700_500_1992-12-31_D_1.tif,YULIIV_051_AKC_0000-3700_500_1992-12-31_D_1.las,TP1,TP,,SA2,8728,0.9999,TP,,0.0,3700.0,2030,95445,1,1
YULIV_051,YULIIV_051_AKC_0000-3700_500_1992-12-31_D_1.nlgx,YULIIV_051_AKC_0000-3700_500_1992-12-31_D_1.tif,YULIIV_051_AKC_0000-3700_500_1992-12-31_D_1.las,AK1,AK,,SA3,7760,0.9375,AK,,0.0,3700.0,2030,95445,1,1
YULIV_051,YULIIV_051_GDD_1130-1430_2150-2250_500_2024-11-29_D_1.nlgx,YULIIV_051_GDD_1130-1430_2150-2250_500_2024-11-29_D_1.jpg,YULIIV_051_GDD_1130-1430_2150-2250_500_2024-11-29_D_1.las,MNSS1,MNSS,,SA2,602,0.3455,MNSS,,2150.0,2250.0,4762,10473,1,0
YULIV_051,YULIIV_051_GDD_1130-1430_2150-2250_500_2024-11-29_D_1.nlgx,YULIIV_051_GDD_1130-1430_2150-2250_500_2024-11-29_D_1.jpg,YULIIV_051_GDD_1130-1430_2150-2250_500_2024-11-29_D_1.las,REZSS1,REZSS,,SA3,91,0.2857,REZSS,,2150.0,2250.0,4762,10473,1,0
YULIV_051,YULIIV_051_GDD_1130-1430_2150-2250_500_2024-11-29_D_1.nlgx,YULIIV_051_GDD_1130-1430_2150-2250_500_2024-11-29_D_1.jpg,YULIIV_051_GDD_1130-1430_2150-2250_500_2024-11-29_D_1.las,VGDSS1,VGDSS,,SA4,365,0.2712,VGDSS,,2150.0,2250.0,4762,10473,1,0
YULIV_051,YULIIV_051_GDD_1130-1430_2150-2250_500_2024-11-29_D_1.nlgx,YULIIV_051_GDD_1130-1430_2150-2250_500_2024-11-29_D_1.jpg,YULIIV_051_GDD_1130-1430_2150-2250_500_2024-11-29_D_1.las,MNSS1,MNSS,,SA2,637,0.3187,,,2150.0,2250.0,4762,10473,1,0
YULIV_051,YULIIV_051_GDD_1130-1430_2150-2250_500_2024-11-29_D_1.nlgx,YULIIV_051_GDD_1130-1430_2150-2250_500_2024-11-29_D_1.jpg,YULIIV_051_GDD_1130-1430_2150-2250_500_2024-11-29_D_1.las,REZSS1,REZSS,,SA3,66,0.3636,,,2150.0,2250.0,4762,10473,1,0
YULIV_051,YULIIV_051_GDD_1130-1430_2150-2250_500_2024-11-29_D_1.nlgx,YULIIV_051_GDD_1130-1430_2150-2250_500_2024-11-29_D_1.jpg,YULIIV_051_GDD_1130-1430_2150-2250_500_2024-11-29_D_1.las,VGDSS1,VGDSS,,SA4,97,0.3608,,,2150.0,2250.0,4762,10473,1,0
YULIV_051,YULIIV_051_GDD_1130-1430_2150-2250_500_2024-11-29_D_1.nlgx,YULIIV_051_GDD_1130-1430_2150-2250_500_2024-11-29_D_1.jpg,YULIIV_051_GDD_1130-1430_2150-2250_500_2024-11-29_D_1.las,GSS1,GSS,,SA5,69,0.3623,GSS,,2150.0,2250.0,4762,10473,1,0
YULIV_051,YULIIV_051_GDD_2800-3100_500_2022-08-23_D_1.nlgx,YULIIV_051_GDD_2800-3100_500_2022-08-23_D_1.jpg,YULIIV_051_GDD_2800-3100_500_2022-08-23_D_1.las,GZ1,GZ,,SA1,835,0.521,GZ,0.9625,2800.0,3100.0,4830,11241,2,0
YULIV_051,YULIIV_051_GDD_2800-3100_500_2022-08-23_D_1.nlgx,YULIIV_051_GDD_2800-3100_500_2022-08-23_D_1.jpg,YULIIV_051_GDD_2800-3100_500_2022-08-23_D_1.las,PZ1,PZ,,SA2,359,1.0,PZ,0.9514,2800.0,3100.0,4830,11241,2,1
YULIV_051,YULIIV_051_GDD_2800-3100_500_2022-08-23_D_1.nlgx,YULIIV_051_GDD_2800-3100_500_2022-08-23_D_1.jpg,YULIIV_051_GDD_2800-3100_500_2022-08-23_D_1.las,SP1,SP,,SA3,244,0.4754,SP,0.9635,2800.0,3100.0,4830,11241,2,0
YULIV_051,YULIIV_051_GDD_2800-3100_500_2022-08-23_D_1.nlgx,YULIIV_051_GDD_2800-3100_500_2022-08-23_D_1.jpg,YULIIV_051_GDD_2800-3100_500_2022-08-23_D_1.las,GK1,GK,,SA4,794,0.8602,GK,0.9621,2800.0,3100.0,4830,11241,3,0
YULIV_051,YULIIV_051_GDD_2800-3100_500_2022-08-23_D_1.nlgx,YULIIV_051_GDD_2800-3100_500_2022-08-23_D_1.jpg,YULIIV_051_GDD_2800-3100_500_2022-08-23_D_1.las,GK11,GK,,SA5,516,0.5368,GK1,0.9612,2800.0,3100.0,4830,11241,3,0
YULIV_051,YULIIV_051_GDD_2800-3100_500_2022-08-23_D_1.nlgx,YULIIV_051_GDD_2800-3100_500_2022-08-23_D_1.jpg,YULIIV_051_GDD_2800-3100_500_2022-08-23_D_1.las,TMSS1,TMSS,,SA6,112,1.0,TMSS,0.9951,2800.0,3100.0,4830,11241,3,1
YULIV_051,YULIIV_051_GDD_2800-3100_500_2022-08-23_D_1.nlgx,YULIIV_051_GDD_2800-3100_500_2022-08-23_D_1.jpg,YULIIV_051_GDD_2800-3100_500_2022-08-23_D_1.las,TMDS11,TMDS,,SA7,117,0.6667,TMDS1,0.9935,2800.0,3100.0,4830,11241,3,0
YULIV_051,YULIIV_051_GDD_2800-3100_500_2022-08-23_D_1.nlgx,YULIIV_051_GDD_2800-3100_500_2022-08-23_D_1.jpg,YULIIV_051_GDD_2800-3100_500_2022-08-23_D_1.las,MNDS11,MNDS,,SA8,733,0.5757,MNDS1,0.9973,2800.0,3100.0,4830,11241,5,0
YULIV_051,YULIIV_051_GDD_2800-3100_500_2022-08-23_D_1.nlgx,YULIIV_051_GDD_2800-3100_500_2022-08-23_D_1.jpg,YULIIV_051_GDD_2800-3100_500_2022-08-23_D_1.las,MNSS1,MNSS,,SA9,712,0.9944,MNSS,0.9975,2800.0,3100.0,4830,11241,6,1
YULIV_051,YULIIV_051_GDD_2800-3100_500_2022-08-23_D_1.nlgx,YULIIV_051_GDD_2800-3100_500_2022-08-23_D_1.jpg,YULIIV_051_GDD_2800-3100_500_2022-08-23_D_1.las,REZSS1,REZSS,,SA10,473,0.9049,REZSS,0.2579,2800.0,3100.0,4830,11241,1,1
YULIV_051,YULIIV_051_GDD_2800-3100_500_2022-08-23_D_1.nlgx,YULIIV_051_GDD_2800-3100_500_2022-08-23_D_1.jpg,YULIIV_051_GDD_2800-3100_500_2022-08-23_D_1.las,REZDS11,REZDS,,SA11,251,0.7729,REZDS1,0.1392,2800.0,3100.0,4830,11241,1,0
YULIV_051,YULIIV_051_GDD_2800-3100_500_2022-08-23_D_1.nlgx,YULIIV_051_GDD_2800-3100_500_2022-08-23_D_1.jpg,YULIIV_051_GDD_2800-3100_500_2022-08-23_D_1.las,VGDSS1,VGDSS,,SA12,839,0.9774,VGDSS,0.7526,2800.0,3100.0,4830,11241,1,1
YULIV_051,YULIIV_051_GDD_2800-3100_500_2022-08-23_D_1.nlgx,YULIIV_051_GDD_2800-3100_500_2022-08-23_D_1.jpg,YULIIV_051_GDD_2800-3100_500_2022-08-23_D_1.las,VGDDS11,VGDDS,,SA13,914,0.6225,VGDDS1,0.7641,2800.0,3100.0,4830,11241,1,0
YULIV_051,YULIIV_051_GDD_2800-3100_500_2022-08-23_D_1.nlgx,YULIIV_051_GDD_2800-3100_500_2022-08-23_D_1.jpg,YULIIV_051_GDD_2800-3100_500_2022-08-23_D_1.las,GSS1,GSS,,SA14,786,0.9962,GSS,0.8727,2800.0,3100.0,4830,11241,1,1
YULIV_051,YULIIV_051_GDD_2800-3100_500_2022-08-23_D_1.nlgx,YULIIV_051_GDD_2800-3100_500_2022-08-23_D_1.jpg,YULIIV_051_GDD_2800-3100_500_2022-08-23_D_1.las,GDS11,GDS,,SA15,882,0.5181,GDS1,0.8884,2800.0,3100.0,4830,11241,1,0
YULIV_051,YULIIV_051_GDD_2800-3100_500_2022-08-23_D_1.nlgx,YULIIV_051_GDD_2800-3100_500_2022-08-23_D_1.jpg,YULIIV_051_GDD_2800-3100_500_2022-08-23_D_1.las,GK21,GK,,SA16,632,0.981,GK2,0.8299,2800.0,3100.0,4830,11241,2,1
YULIV_051,YULIIV_051_GDD_2800-3100_500_2022-08-23_D_1.nlgx,YULIIV_051_GDD_2800-3100_500_2022-08-23_D_1.jpg,YULIIV_051_GDD_2800-3100_500_2022-08-23_D_1.las,NGK1,NGK,,SA17,598,0.9849,NGK,0.8947,2800.0,3100.0,4830,11241,3,1
YULIV_051,YULIIV_051_GDD_2840-3090_500_2018-08-03_D_1.nlgx,YULIIV_051_GDD_2840-3090_500_2018-08-03_D_1.jpg,YULIIV_051_GDD_2840-3090_500_2018-08-03_D_1.las,REZDS11,REZDS,,SA1,108,1.0,REZDS1,0.9907,2840.0,3092.0,4197,10246,1,1
YULIV_051,YULIIV_051_GDD_2840-3090_500_2018-08-03_D_1.nlgx,YULIIV_051_GDD_2840-3090_500_2018-08-03_D_1.jpg,YULIIV_051_GDD_2840-3090_500_2018-08-03_D_1.las,REZDS21,REZDS,,SA2,119,1.0,REZDS2,0.9906,2840.0,3092.0,4197,10246,1,1
YULIV_051,YULIIV_051_GDD_2840-3090_500_2018-08-03_D_1.nlgx,YULIIV_051_GDD_2840-3090_500_2018-08-03_D_1.jpg,YULIIV_051_GDD_2840-3090_500_2018-08-03_D_1.las,REZDS31,REZDS,,SA3,226,0.9956,REZDS3,0.9904,2840.0,3092.0,4197,10246,1,1
YULIV_051,YULIIV_051_GDD_2840-3090_500_2018-08-03_D_1.nlgx,YULIIV_051_GDD_2840-3090_500_2018-08-03_D_1.jpg,YULIIV_051_GDD_2840-3090_500_2018-08-03_D_1.las,VGDDS11,VGDDS,,SA4,309,0.9968,VGDDS1,0.9512,2840.0,3092.0,4197,10246,1,1
YULIV_051,YULIIV_051_GDD_2840-3090_500_2018-08-03_D_1.nlgx,YULIIV_051_GDD_2840-3090_500_2018-08-03_D_1.jpg,YULIIV_051_GDD_2840-3090_500_2018-08-03_D_1.las,VGDDS21,VGDDS,,SA5,248,0.9798,VGDDS2,0.9877,2840.0,3092.0,4197,10246,1,1
YULIV_051,YULIIV_051_GDD_2840-3090_500_2018-08-03_D_1.nlgx,YULIIV_051_GDD_2840-3090_500_2018-08-03_D_1.jpg,YULIIV_051_GDD_2840-3090_500_2018-08-03_D_1.las,VGDDS31,VGDDS,,SA6,268,0.9888,VGDDS3,0.9553,2840.0,3092.0,4197,10246,1,1
YULIV_051,YULIIV_051_GDD_2840-3090_500_2018-08-03_D_1.nlgx,YULIIV_051_GDD_2840-3090_500_2018-08-03_D_1.jpg,YULIIV_051_GDD_2840-3090_500_2018-08-03_D_1.las,MNDS11,MNDS,,SA7,151,1.0,MNDS1,0.9972,2840.0,3092.0,4197,10246,1,1
YULIV_051,YULIIV_051_GDD_2840-3090_500_2018-08-03_D_1.nlgx,YULIIV_051_GDD_2840-3090_500_2018-08-03_D_1.jpg,YULIIV_051_GDD_2840-3090_500_2018-08-03_D_1.las,MNDS21,MNDS,,SA8,184,1.0,MNDS2,0.995,2840.0,3092.0,4197,10246,1,1
YULIV_051,YULIIV_051_GDD_2840-3090_500_2018-08-03_D_1.nlgx,YULIIV_051_GDD_2840-3090_500_2018-08-03_D_1.jpg,YULIIV_051_GDD_2840-3090_500_2018-08-03_D_1.las,MNDS31,MNDS,,SA9,148,1.0,MNDS3,0.9995,2840.0,3092.0,4197,10246,1,1
YULIV_051,YULIIV_051_GDD_2840-3090_500_2018-08-03_D_1.nlgx,YULIIV_051_GDD_2840-3090_500_2018-08-03_D_1.jpg,YULIIV_051_GDD_2840-3090_500_2018-08-03_D_1.las,TMDS11,TMDS,,SA10,100,0.99,TMDS1,0.9855,2840.0,3092.0,4197,10246,3,1
YULIV_051,YULIIV_051_GDD_2840-3090_500_2018-08-03_D_1.nlgx,YULIIV_051_GDD_2840-3090_500_2018-08-03_D_1.jpg,YULIIV_051_GDD_2840-3090_500_2018-08-03_D_1.las,TMDS21,TMDS,,SA11,117,0.9402,TMDS2,0.9818,2840.0,3092.0,4197,10246,3,1
YULIV_051,YULIIV_051_GDD_2840-3090_500_2018-08-03_D_1.nlgx,YULIIV_051_GDD_2840-3090_500_2018-08-03_D_1.jpg,YULIIV_051_GDD_2840-3090_500_2018-08-03_D_1.las,TMDS31,TMDS,,SA12,110,1.0,TMDS3,0.9807,2840.0,3092.0,4197,10246,3,1
YULIV_051,YULIIV_051_GDD_2840-3090_500_2018-08-03_D_1.nlgx,YULIIV_051_GDD_2840-3090_500_2018-08-03_D_1.jpg,YULIIV_051_GDD_2840-3090_500_2018-08-03_D_1.las,GK1,GK,,SA13,612,0.9902,GK,0.937,2840.0,3092.0,4197,10246,1,1
YULIV_051,YULIIV_051_GDD_2840-3090_500_2018-08-03_D_1.nlgx,YULIIV_051_GDD_2840-3090_500_2018-08-03_D_1.jpg,YULIIV_051_GDD_2840-3090_500_2018-08-03_D_1.las,GK11,GK,,SA14,335,1.0,GK1,0.7618,2840.0,3092.0,4197,10246,1,1
YULIV_051,YULIIV_051_GDD_2900-3090_500_2024-11-29_D_1.nlgx,YULIIV_051_GDD_2900-3090_500_2024-11-29_D_1.jpg,YULIIV_051_GDD_2900-3090_500_2024-11-29_D_1.las,GK1,GK,,SA1,1197,0.9549,GK,,2900.0,3090.0,4812,9030,3,1
YULIV_051,YULIIV_051_GDD_2900-3090_500_2024-11-29_D_1.nlgx,YULIIV_051_GDD_2900-3090_500_2024-11-29_D_1.jpg,YULIIV_051_GDD_2900-3090_500_2024-11-29_D_1.las,GK11,GK,,SA2,1936,0.2655,GK1,,2900.0,3090.0,4812,9030,3,0
YULIV_051,YULIIV_051_GDD_2900-3090_500_2024-11-29_D_1.nlgx,YULIIV_051_GDD_2900-3090_500_2024-11-29_D_1.jpg,YULIIV_051_GDD_2900-3090_500_2024-11-29_D_1.las,TMSS1,TMSS,,SA3,2905,0.2372,TMSS,,2900.0,3090.0,4812,9030,2,0
YULIV_051,YULIIV_051_GDD_2900-3090_500_2024-11-29_D_1.nlgx,YULIIV_051_GDD_2900-3090_500_2024-11-29_D_1.jpg,YULIIV_051_GDD_2900-3090_500_2024-11-29_D_1.las,MNSS1,MNSS,,SA4,2777,0.2236,MNSS,,2900.0,3090.0,4812,9030,3,0
YULIV_051,YULIIV_051_GDD_2900-3090_500_2024-11-29_D_1.nlgx,YULIIV_051_GDD_2900-3090_500_2024-11-29_D_1.jpg,YULIIV_051_GDD_2900-3090_500_2024-11-29_D_1.las,REZSS1,REZSS,,SA5,2970,0.169,REZSS,,2900.0,3090.0,4812,9030,1,0
YULIV_051,YULIIV_051_GDD_2900-3090_500_2024-11-29_D_1.nlgx,YULIIV_051_GDD_2900-3090_500_2024-11-29_D_1.jpg,YULIIV_051_GDD_2900-3090_500_2024-11-29_D_1.las,VGDSS1,VGDSS,,SA6,1170,0.3188,VGDSS,,2900.0,3090.0,4812,9030,1,0
YULIV_051,YULIIV_051_GDD_2900-3090_500_2024-11-29_D_1.nlgx,YULIIV_051_GDD_2900-3090_500_2024-11-29_D_1.jpg,YULIIV_051_GDD_2900-3090_500_2024-11-29_D_1.las,GSS1,GSS,,SA7,1505,0.2319,GSS,,2900.0,3090.0,4812,9030,1,0
YULIV_051,"YULIIV_051_GK-P, LPO-PVR_3415-3603_200_1998-12-24_D_1.nlgx","YULIIV_051_GK-P, LPO-PVR_3415-3603_200_1998-12-24_D_1.jpg","YULIIV_051_GK-P, LPO-PVR_3415-3603_200_1998-12-24_D_1.las",GK1,GK,,SA1,2203,0.9546,GK,0.7655,3416.0,3604.0,1727,15997,1,1
YULIV_051,YULIIV_051_OCK_0000-2055_500_1992-08-31_D_1.nlgx,YULIIV_051_OCK_0000-2055_500_1992-08-31_D_1.jpg,YULIIV_051_OCK_0000-2055_500_1992-08-31_D_1.las,TMSS1,TMSS,,SA1,4518,1.0,TMSS,,0.0,2060.0,1792,53120,5,1
YULIV_051,YULIIV_051_OCK_0000-2060_500_1992-12-21_D_1.nlgx,YULIIV_051_OCK_0000-2060_500_1992-12-21_D_1.jpg,YULIIV_051_OCK_0000-2060_500_1992-12-21_D_1.las,TMSS1,TMSS,,SA1,5262,0.9981,TMSS,0.9995,0.0,2060.0,1719,54203,10,1
YULIV_051,YULIIV_051_PRM_0253-2109_500_1992-08-26_D_1.nlgx,YULIIV_051_PRM_0253-2109_500_1992-08-26_D_1.jpg,YULIIV_051_PRM_0253-2109_500_1992-08-26_D_1.las,CAL11,CAL,,SA1,2532,1.0,CAL1,0.8487,250.0,2110.0,2486,47114,1,1
YULIV_051,YULIIV_051_PRM_0253-2109_500_1992-08-26_D_1.nlgx,YULIIV_051_PRM_0253-2109_500_1992-08-26_D_1.jpg,YULIIV_051_PRM_0253-2109_500_1992-08-26_D_1.las,CAL21,CAL,,SA2,2918,0.9894,CAL2,0.8595,250.0,2110.0,2486,47114,1,1
YULIV_051,YULIIV_051_PRM_0253-2109_500_1992-08-26_D_1.nlgx,YULIIV_051_PRM_0253-2109_500_1992-08-26_D_1.jpg,YULIIV_051_PRM_0253-2109_500_1992-08-26_D_1.las,CALI1,CALI,,SA1,2015,0.8953,CALI,0.7132,250.0,2110.0,2486,47114,1,0
YULIV_051,YULIIV_051_PRM_0255-1707_500_1992-01-14_D_1.nlgx,YULIIV_051_PRM_0255-1707_500_1992-01-14_D_1.jpg,YULIIV_051_PRM_0255-1707_500_1992-01-14_D_1.las,CAL11,CAL,,SA1,1280,0.9359,CAL1,0.0034,250.0,1710.0,2527,38202,1,1
YULIV_051,YULIIV_051_PRM_0255-1707_500_1992-01-14_D_1.nlgx,YULIIV_051_PRM_0255-1707_500_1992-01-14_D_1.jpg,YULIIV_051_PRM_0255-1707_500_1992-01-14_D_1.las,CAL21,CAL,,SA2,1516,0.9927,CAL2,0.1014,250.0,1710.0,2527,38202,1,1
YULIV_051,YULIIV_051_PRM_0255-1707_500_1992-01-14_D_1.nlgx,YULIIV_051_PRM_0255-1707_500_1992-01-14_D_1.jpg,YULIIV_051_PRM_0255-1707_500_1992-01-14_D_1.las,CALI1,CALI,,SA1,1452,0.958,CALI,0.0092,250.0,1710.0,2527,38202,1,1
YULIV_051,YULIIV_051_PRM_0256-1011_500_1992-03-01_D_1.nlgx,YULIIV_051_PRM_0256-1011_500_1992-03-01_D_1.jpg,YULIIV_051_PRM_0256-1011_500_1992-03-01_D_1.las,CAL11,CAL,,SA1,964,0.8205,CAL1,0.9495,250.0,1020.0,2501,20934,1,0
YULIV_051,YULIIV_051_PRM_0256-1011_500_1992-03-01_D_1.nlgx,YULIIV_051_PRM_0256-1011_500_1992-03-01_D_1.jpg,YULIIV_051_PRM_0256-1011_500_1992-03-01_D_1.las,CAL21,CAL,,SA2,704,0.9588,CAL2,0.9448,250.0,1020.0,2501,20934,1,1
YULIV_051,YULIIV_051_PRM_0256-1011_500_1992-03-01_D_1.nlgx,YULIIV_051_PRM_0256-1011_500_1992-03-01_D_1.jpg,YULIIV_051_PRM_0256-1011_500_1992-03-01_D_1.las,CALI1,CALI,,SA1,629,0.849,CALI,0.9225,250.0,1020.0,2501,20934,1,0
YULIV_051,YULIIV_051_PRM_2180-3685_500_1992-12-14_D_1.nlgx,YULIIV_051_PRM_2180-3685_500_1992-12-14_D_1.jpg,YULIIV_051_PRM_2180-3685_500_1992-12-14_D_1.las,CALI1,CALI,,SA1,4741,0.9998,CALI,0.8804,2180.0,3690.0,2229,41196,1,1
YULIV_051,YULIIV_051_PRM_2180-3685_500_1992-12-14_D_1.nlgx,YULIIV_051_PRM_2180-3685_500_1992-12-14_D_1.jpg,YULIIV_051_PRM_2180-3685_500_1992-12-14_D_1.las,CAL11,CAL,,SA2,3746,0.9797,CAL1,0.8515,2180.0,3690.0,2229,41196,1,1
YULIV_051,YULIIV_051_PRM_2180-3685_500_1992-12-14_D_1.nlgx,YULIIV_051_PRM_2180-3685_500_1992-12-14_D_1.jpg,YULIIV_051_PRM_2180-3685_500_1992-12-14_D_1.las,CAL21,CAL,,SA3,3266,0.9976,CAL2,0.8515,2180.0,3690.0,2229,41196,1,1
YULIV_051,YULIIV_051_PRM_2190-2859_500_1992-10-05_D_1.nlgx,YULIIV_051_PRM_2190-2859_500_1992-10-05_D_1.jpg,YULIIV_051_PRM_2190-2859_500_1992-10-05_D_1.las,CAL11,CAL,,SA1,1123,0.7934,CAL1,,2190.0,2858.0,2491,18628,1,0
YULIV_051,YULIIV_051_PRM_2190-2859_500_1992-10-05_D_1.nlgx,YULIIV_051_PRM_2190-2859_500_1992-10-05_D_1.jpg,YULIIV_051_PRM_2190-2859_500_1992-10-05_D_1.las,CAL21,CAL,,SA2,940,0.9564,CAL2,,2190.0,2858.0,2491,18628,1,1
YULIV_051,YULIIV_051_PRM_2190-2859_500_1992-10-05_D_1.nlgx,YULIIV_051_PRM_2190-2859_500_1992-10-05_D_1.jpg,YULIIV_051_PRM_2190-2859_500_1992-10-05_D_1.las,CALI1,CALI,,SA1,1269,0.9614,CALI,,2190.0,2858.0,2491,18628,1,1
YULIV_051,YULIIV_051_PRM_2190-3240_500_1992-11-04_D_1.nlgx,YULIIV_051_PRM_2190-3240_500_1992-11-04_D_1.jpg,YULIIV_051_PRM_2190-3240_500_1992-11-04_D_1.las,CALI1,CALI,,SA1,1318,0.9613,CALI,0.8816,2180.0,3240.0,2274,28270,1,1
YULIV_051,YULIIV_051_PRM_2190-3240_500_1992-11-04_D_1.nlgx,YULIIV_051_PRM_2190-3240_500_1992-11-04_D_1.jpg,YULIIV_051_PRM_2190-3240_500_1992-11-04_D_1.las,CAL11,CAL,,SA1,1617,0.7118,CAL1,0.8983,2180.0,3240.0,2274,28270,1,0
YULIV_051,YULIIV_051_PRM_2190-3240_500_1992-11-04_D_1.nlgx,YULIIV_051_PRM_2190-3240_500_1992-11-04_D_1.jpg,YULIIV_051_PRM_2190-3240_500_1992-11-04_D_1.las,CAL21,CAL,,SA2,1498,0.9299,CAL2,0.8997,2180.0,3240.0,2274,28270,1,1
YULIV_051,YULIIV_051_RK_2925-3702_500_1992-12-16_D_1.nlgx,YULIIV_051_RK_2925-3702_500_1992-12-16_D_1.jpg,YULIIV_051_RK_2925-3702_500_1992-12-16_D_1.las,GK1,GK,,SA1,2091,0.8025,GK,0.9527,2930.0,3700.0,2117,22295,1,0
YULIV_051,YULIIV_051_RK_2925-3702_500_1992-12-16_D_1.nlgx,YULIIV_051_RK_2925-3702_500_1992-12-16_D_1.jpg,YULIIV_051_RK_2925-3702_500_1992-12-16_D_1.las,NKTB1,NKTB,,SA2,2196,0.9495,NKTB,0.9721,2930.0,3700.0,2117,22295,1,1
YULIV_051,YULIIV_051_RK_2925-3702_500_1992-12-16_D_1.nlgx,YULIIV_051_RK_2925-3702_500_1992-12-16_D_1.jpg,YULIIV_051_RK_2925-3702_500_1992-12-16_D_1.las,NKTM1,NKTM,,SA3,3987,0.7381,NKTM,0.9661,2930.0,3700.0,2117,22295,1,0
YULIV_051,"YULIIV_051_SK, RK, INNK_2900-3100_500_2022-09-07_D_1.nlgx","YULIIV_051_SK, RK, INNK_2900-3100_500_2022-09-07_D_1.jpg","YULIIV_051_SK, RK, INNK_2900-3100_500_2022-09-07_D_1.las",GZ1,GZ,,SA1,477,0.2243,GZ,,2900.0,3100.0,4844,8827,2,0
YULIV_051,"YULIIV_051_SK, RK, INNK_2900-3100_500_2022-09-07_D_1.nlgx","YULIIV_051_SK, RK, INNK_2900-3100_500_2022-09-07_D_1.jpg","YULIIV_051_SK, RK, INNK_2900-3100_500_2022-09-07_D_1.las",PZ1,PZ,,SA2,708,0.9986,PZ,,2900.0,3100.0,4844,8827,2,1
YULIV_051,"YULIIV_051_SK, RK, INNK_2900-3100_500_2022-09-07_D_1.nlgx","YULIIV_051_SK, RK, INNK_2900-3100_500_2022-09-07_D_1.jpg","YULIIV_051_SK, RK, INNK_2900-3100_500_2022-09-07_D_1.las",SP1,SP,,SA3,395,0.2354,SP,,2900.0,3100.0,4844,8827,1,0
YULIV_051,"YULIIV_051_SK, RK, INNK_2900-3100_500_2022-09-07_D_1.nlgx","YULIIV_051_SK, RK, INNK_2900-3100_500_2022-09-07_D_1.jpg","YULIIV_051_SK, RK, INNK_2900-3100_500_2022-09-07_D_1.las",ZAT320M1,ZAT320M,,SA1,973,0.3422,ZAT320M,,2900.0,3100.0,4844,8827,1,0
YULIV_051,"YULIIV_051_SK, RK, INNK_2900-3100_500_2022-09-07_D_1.nlgx","YULIIV_051_SK, RK, INNK_2900-3100_500_2022-09-07_D_1.jpg","YULIIV_051_SK, RK, INNK_2900-3100_500_2022-09-07_D_1.las",ZAT480M1,ZAT480M,,SA2,521,1.0,ZAT480M,,2900.0,3100.0,4844,8827,1,1
YULIV_051,"YULIIV_051_SK, RK, INNK_2900-3100_500_2022-09-07_D_1.nlgx","YULIIV_051_SK, RK, INNK_2900-3100_500_2022-09-07_D_1.jpg","YULIIV_051_SK, RK, INNK_2900-3100_500_2022-09-07_D_1.las",ZAT640M1,ZAT640M,,SA3,681,0.9897,ZAT640M,,2900.0,3100.0,4844,8827,1,1
YULIV_051,"YULIIV_051_SK, RK, INNK_2900-3100_500_2022-09-07_D_1.nlgx","YULIIV_051_SK, RK, INNK_2900-3100_500_2022-09-07_D_1.jpg","YULIIV_051_SK, RK, INNK_2900-3100_500_2022-09-07_D_1.las",ZAT800M1,ZAT800M,,SA4,237,0.9241,ZAT800M,,2900.0,3100.0,4844,8827,1,1
YULIV_051,"YULIIV_051_SK, RK, INNK_2900-3100_500_2022-09-07_D_1.nlgx","YULIIV_051_SK, RK, INNK_2900-3100_500_2022-09-07_D_1.jpg","YULIIV_051_SK, RK, INNK_2900-3100_500_2022-09-07_D_1.las",ZAT960M1,ZAT960M,,SA5,153,0.9935,ZAT960M,,2900.0,3100.0,4844,8827,1,1
YULIV_051,"YULIIV_051_SK, RK, INNK_2900-3100_500_2022-09-07_D_1.nlgx","YULIIV_051_SK, RK, INNK_2900-3100_500_2022-09-07_D_1.jpg","YULIIV_051_SK, RK, INNK_2900-3100_500_2022-09-07_D_1.las",TAUM1,TAUM,,SA6,629,1.0,TAUM,,2900.0,3100.0,4844,8827,1,1
YULIV_051,"YULIIV_051_SK, RK, INNK_2900-3100_500_2022-09-07_D_1.nlgx","YULIIV_051_SK, RK, INNK_2900-3100_500_2022-09-07_D_1.jpg","YULIIV_051_SK, RK, INNK_2900-3100_500_2022-09-07_D_1.las",ZAT320B1,ZAT320B,,SA1,542,0.4908,ZAT320B,,2900.0,3100.0,4844,8827,1,0
YULIV_051,"YULIIV_051_SK, RK, INNK_2900-3100_500_2022-09-07_D_1.nlgx","YULIIV_051_SK, RK, INNK_2900-3100_500_2022-09-07_D_1.jpg","YULIIV_051_SK, RK, INNK_2900-3100_500_2022-09-07_D_1.las",ZAT480B1,ZAT480B,,SA2,277,1.0,ZAT480B,,2900.0,3100.0,4844,8827,1,1
YULIV_051,"YULIIV_051_SK, RK, INNK_2900-3100_500_2022-09-07_D_1.nlgx","YULIIV_051_SK, RK, INNK_2900-3100_500_2022-09-07_D_1.jpg","YULIIV_051_SK, RK, INNK_2900-3100_500_2022-09-07_D_1.las",ZAT640B1,ZAT640B,,SA3,202,1.0,ZAT640B,,2900.0,3100.0,4844,8827,1,1
YULIV_051,"YULIIV_051_SK, RK, INNK_2900-3100_500_2022-09-07_D_1.nlgx","YULIIV_051_SK, RK, INNK_2900-3100_500_2022-09-07_D_1.jpg","YULIIV_051_SK, RK, INNK_2900-3100_500_2022-09-07_D_1.las",ZAT800B1,ZAT800B,,SA4,151,1.0,ZAT800B,,2900.0,3100.0,4844,8827,1,1
YULIV_051,"YULIIV_051_SK, RK, INNK_2900-3100_500_2022-09-07_D_1.nlgx","YULIIV_051_SK, RK, INNK_2900-3100_500_2022-09-07_D_1.jpg","YULIIV_051_SK, RK, INNK_2900-3100_500_2022-09-07_D_1.las",ZAT960B1,ZAT960B,,SA5,116,1.0,ZAT960B,,2900.0,3100.0,4844,8827,1,1
YULIV_051,"YULIIV_051_SK, RK, INNK_2900-3100_500_2022-09-07_D_1.nlgx","YULIIV_051_SK, RK, INNK_2900-3100_500_2022-09-07_D_1.jpg","YULIIV_051_SK, RK, INNK_2900-3100_500_2022-09-07_D_1.las",TAUB1,TAUB,,SA6,471,1.0,TAUB,,2900.0,3100.0,4844,8827,1,1
YULIV_051,"YULIIV_051_SK, RK, INNK_2900-3100_500_2022-09-07_D_1.nlgx","YULIIV_051_SK, RK, INNK_2900-3100_500_2022-09-07_D_1.jpg","YULIIV_051_SK, RK, INNK_2900-3100_500_2022-09-07_D_1.las",GK1,GK,,SA1,1349,0.9726,GK,,2900.0,3100.0,4844,8827,2,1
YULIV_051,"YULIIV_051_SK, RK, INNK_2900-3100_500_2022-09-07_D_1.nlgx","YULIIV_051_SK, RK, INNK_2900-3100_500_2022-09-07_D_1.jpg","YULIIV_051_SK, RK, INNK_2900-3100_500_2022-09-07_D_1.las",NGK1,NGK,,SA2,1204,0.9983,NGK,,2900.0,3100.0,4844,8827,2,1
YULIV_051,"YULIIV_051_SK, RK, INNK_2900-3100_500_2022-09-07_D_1.nlgx","YULIIV_051_SK, RK, INNK_2900-3100_500_2022-09-07_D_1.jpg","YULIIV_051_SK, RK, INNK_2900-3100_500_2022-09-07_D_1.las",TAU1,TAU,,SA1,936,1.0,TAU,,2900.0,3100.0,4844,8827,1,1
YULIV_051,"YULIIV_051_SK, RK, INNK_2930-3100_500_2024-11-29_D_1.nlgx","YULIIV_051_SK, RK, INNK_2930-3100_500_2024-11-29_D_1.jpg","YULIIV_051_SK, RK, INNK_2930-3100_500_2024-11-29_D_1.las",GZ1,GZ,,SA1,268,0.1791,GZ,,2930.0,3100.0,4832,8235,3,0
YULIV_051,"YULIIV_051_SK, RK, INNK_2930-3100_500_2024-11-29_D_1.nlgx","YULIIV_051_SK, RK, INNK_2930-3100_500_2024-11-29_D_1.jpg","YULIIV_051_SK, RK, INNK_2930-3100_500_2024-11-29_D_1.las",PZ1,PZ,,SA2,221,1.0,PZ,,2930.0,3100.0,4832,8235,2,1
YULIV_051,"YULIIV_051_SK, RK, INNK_2930-3100_500_2024-11-29_D_1.nlgx","YULIIV_051_SK, RK, INNK_2930-3100_500_2024-11-29_D_1.jpg","YULIIV_051_SK, RK, INNK_2930-3100_500_2024-11-29_D_1.las",SP1,SP,,SA3,103,0.1553,SP,,2930.0,3100.0,4832,8235,1,0
YULIV_051,"YULIIV_051_SK, RK, INNK_2930-3100_500_2024-11-29_D_1.nlgx","YULIIV_051_SK, RK, INNK_2930-3100_500_2024-11-29_D_1.jpg","YULIIV_051_SK, RK, INNK_2930-3100_500_2024-11-29_D_1.las",ZAT320M1,ZAT320M,,SA1,410,0.322,ZAT320M,,2930.0,3100.0,4832,8235,1,0
YULIV_051,"YULIIV_051_SK, RK, INNK_2930-3100_500_2024-11-29_D_1.nlgx","YULIIV_051_SK, RK, INNK_2930-3100_500_2024-11-29_D_1.jpg","YULIIV_051_SK, RK, INNK_2930-3100_500_2024-11-29_D_1.las",ZAT480M1,ZAT480M,,SA2,351,0.9943,ZAT480M,,2930.0,3100.0,4832,8235,1,1
YULIV_051,"YULIIV_051_SK, RK, INNK_2930-3100_500_2024-11-29_D_1.nlgx","YULIIV_051_SK, RK, INNK_2930-3100_500_2024-11-29_D_1.jpg","YULIIV_051_SK, RK, INNK_2930-3100_500_2024-11-29_D_1.las",ZAT640M1,ZAT640M,,SA3,280,1.0,ZAT640M,,2930.0,3100.0,4832,8235,1,1
YULIV_051,"YULIIV_051_SK, RK, INNK_2930-3100_500_2024-11-29_D_1.nlgx","YULIIV_051_SK, RK, INNK_2930-3100_500_2024-11-29_D_1.jpg","YULIIV_051_SK, RK, INNK_2930-3100_500_2024-11-29_D_1.las",ZAT800M1,ZAT800M,,SA4,205,0.5415,ZAT800M,,2930.0,3100.0,4832,8235,1,0
YULIV_051,"YULIIV_051_SK, RK, INNK_2930-3100_500_2024-11-29_D_1.nlgx","YULIIV_051_SK, RK, INNK_2930-3100_500_2024-11-29_D_1.jpg","YULIIV_051_SK, RK, INNK_2930-3100_500_2024-11-29_D_1.las",ZAT960M1,ZAT960M,,SA5,132,0.9848,ZAT960M,,2930.0,3100.0,4832,8235,1,1
YULIV_051,"YULIIV_051_SK, RK, INNK_2930-3100_500_2024-11-29_D_1.nlgx","YULIIV_051_SK, RK, INNK_2930-3100_500_2024-11-29_D_1.jpg","YULIIV_051_SK, RK, INNK_2930-3100_500_2024-11-29_D_1.las",TAUM1,TAUM,,SA6,433,1.0,TAUM,,2930.0,3100.0,4832,8235,1,1
YULIV_051,"YULIIV_051_SK, RK, INNK_2930-3100_500_2024-11-29_D_1.nlgx","YULIIV_051_SK, RK, INNK_2930-3100_500_2024-11-29_D_1.jpg","YULIIV_051_SK, RK, INNK_2930-3100_500_2024-11-29_D_1.las",ZAT320B1,ZAT320B,,SA1,384,0.7969,ZAT320B,,2930.0,3100.0,4832,8235,1,0
YULIV_051,"YULIIV_051_SK, RK, INNK_2930-3100_500_2024-11-29_D_1.nlgx","YULIIV_051_SK, RK, INNK_2930-3100_500_2024-11-29_D_1.jpg","YULIIV_051_SK, RK, INNK_2930-3100_500_2024-11-29_D_1.las",ZAT480B1,ZAT480B,,SA2,280,0.9964,ZAT480B,,2930.0,3100.0,4832,8235,1,1
YULIV_051,"YULIIV_051_SK, RK, INNK_2930-3100_500_2024-11-29_D_1.nlgx","YULIIV_051_SK, RK, INNK_2930-3100_500_2024-11-29_D_1.jpg","YULIIV_051_SK, RK, INNK_2930-3100_500_2024-11-29_D_1.las",ZAT640B1,ZAT640B,,SA3,183,0.9945,ZAT640B,,2930.0,3100.0,4832,8235,1,1
YULIV_051,"YULIIV_051_SK, RK, INNK_2930-3100_500_2024-11-29_D_1.nlgx","YULIIV_051_SK, RK, INNK_2930-3100_500_2024-11-29_D_1.jpg","YULIIV_051_SK, RK, INNK_2930-3100_500_2024-11-29_D_1.las",ZAT800B1,ZAT800B,,SA4,121,0.5868,ZAT800B,,2930.0,3100.0,4832,8235,1,0
YULIV_051,"YULIIV_051_SK, RK, INNK_2930-3100_500_2024-11-29_D_1.nlgx","YULIIV_051_SK, RK, INNK_2930-3100_500_2024-11-29_D_1.jpg","YULIIV_051_SK, RK, INNK_2930-3100_500_2024-11-29_D_1.las",ZAT960B1,ZAT960B,,SA5,100,1.0,ZAT960B,,2930.0,3100.0,4832,8235,1,1
YULIV_051,"YULIIV_051_SK, RK, INNK_2930-3100_500_2024-11-29_D_1.nlgx","YULIIV_051_SK, RK, INNK_2930-3100_500_2024-11-29_D_1.jpg","YULIIV_051_SK, RK, INNK_2930-3100_500_2024-11-29_D_1.las",TAUB1,TAUB,,SA6,374,1.0,TAUB,,2930.0,3100.0,4832,8235,1,1
YULIV_051,"YULIIV_051_SK, RK, INNK_2930-3100_500_2024-11-29_D_1.nlgx","YULIIV_051_SK, RK, INNK_2930-3100_500_2024-11-29_D_1.jpg","YULIIV_051_SK, RK, INNK_2930-3100_500_2024-11-29_D_1.las",GK1,GK,,SA1,499,0.992,GK,,2930.0,3100.0,4832,8235,3,1
YULIV_051,"YULIIV_051_SK, RK, INNK_2930-3100_500_2024-11-29_D_1.nlgx","YULIIV_051_SK, RK, INNK_2930-3100_500_2024-11-29_D_1.jpg","YULIIV_051_SK, RK, INNK_2930-3100_500_2024-11-29_D_1.las",GK21,GK,,SA2,529,0.3667,GK2,,2930.0,3100.0,4832,8235,2,0
YULIV_051,"YULIIV_051_SK, RK, INNK_2930-3100_500_2024-11-29_D_1.nlgx","YULIIV_051_SK, RK, INNK_2930-3100_500_2024-11-29_D_1.jpg","YULIIV_051_SK, RK, INNK_2930-3100_500_2024-11-29_D_1.las",NNKM1,NNKM,,SA3,438,0.9932,NNKM,,2930.0,3100.0,4832,8235,2,1
YULIV_051,"YULIIV_051_SK, RK, INNK_2930-3100_500_2024-11-29_D_1.nlgx","YULIIV_051_SK, RK, INNK_2930-3100_500_2024-11-29_D_1.jpg","YULIIV_051_SK, RK, INNK_2930-3100_500_2024-11-29_D_1.las",NNKB1,NNKB,,SA4,430,1.0,NNKB,,2930.0,3100.0,4832,8235,2,1
YULIV_051,"YULIIV_051_SK, RK, INNK_2930-3100_500_2024-11-29_D_1.nlgx","YULIIV_051_SK, RK, INNK_2930-3100_500_2024-11-29_D_1.jpg","YULIIV_051_SK, RK, INNK_2930-3100_500_2024-11-29_D_1.las",TAU1,TAU,,SA1,401,1.0,TAU,,2930.0,3100.0,4832,8235,2,1
